indicator_id,value,numerator,denominator,rate_type,geography,period,demographic,suppressed,provisional,source_report,page,measure_type,population_scope,series_id,edition,vintage_date,source_url,source_sha256,extraction_method,row_label_raw,value_raw,review_status,period_type,candidates,harmonization_note,series_break_before
cod_abnormal_involuntary_movements_of_esophagus,1.0,1.0,,none,South Dakota,2014,All,False,False,"Causes of Death, 2014-2023",0,count,excl_infant,cod_selected,2014-2023,,https://doh.sd.gov/media/g0rf2ewb/sd-cause-of-death-2014-2023.pdf,,fixture_text_capture,Abnormal involuntary movements of esophagus (K22.4),1,needs_review,calendar_year,1,,False
cod_abnormal_involuntary_movements_of_esophagus,14.0,14.0,,none,South Dakota,2014-2023,All,False,False,"Causes of Death, 2014-2023",0,count,excl_infant,cod_selected,2014-2023,,https://doh.sd.gov/media/g0rf2ewb/sd-cause-of-death-2014-2023.pdf,,fixture_text_capture,Abnormal involuntary movements of esophagus (K22.4),14,needs_review,multi_year_total,1,,False
cod_abnormal_involuntary_movements_of_esophagus,3.0,3.0,,none,South Dakota,2015,All,False,False,"Causes of Death, 2015-2024",6,count,excl_infant,cod_selected,2015-2024,,https://doh.sd.gov/media/iy5ld42w/cause-of-death-2015-2024-new.pdf,,fixture_text_capture,Abnormal involuntary movements of esophagus (K22.4),3,needs_review,calendar_year,2,selected 1 of 2 source rows,False
cod_abnormal_involuntary_movements_of_esophagus,14.0,14.0,,none,South Dakota,2015-2024,All,False,False,"Causes of Death, 2015-2024",6,count,excl_infant,cod_selected,2015-2024,,https://doh.sd.gov/media/iy5ld42w/cause-of-death-2015-2024-new.pdf,,fixture_text_capture,Abnormal involuntary movements of esophagus (K22.4),14,needs_review,multi_year_total,1,,False
cod_abnormal_involuntary_movements_of_esophagus,0.0,0.0,,none,South Dakota,2016,All,False,False,"Causes of Death, 2015-2024",6,count,excl_infant,cod_selected,2015-2024,,https://doh.sd.gov/media/iy5ld42w/cause-of-death-2015-2024-new.pdf,,fixture_text_capture,Abnormal involuntary movements of esophagus (K22.4),0,needs_review,calendar_year,2,selected 1 of 2 source rows,False
cod_abnormal_involuntary_movements_of_esophagus,0.0,0.0,,none,South Dakota,2017,All,False,False,"Causes of Death, 2015-2024",6,count,excl_infant,cod_selected,2015-2024,,https://doh.sd.gov/media/iy5ld42w/cause-of-death-2015-2024-new.pdf,,fixture_text_capture,Abnormal involuntary movements of esophagus (K22.4),0,needs_review,calendar_year,2,selected 1 of 2 source rows,False
cod_abnormal_involuntary_movements_of_esophagus,0.0,0.0,,none,South Dakota,2018,All,False,False,"Causes of Death, 2015-2024",6,count,excl_infant,cod_selected,2015-2024,,https://doh.sd.gov/media/iy5ld42w/cause-of-death-2015-2024-new.pdf,,fixture_text_capture,Abnormal involuntary movements of esophagus (K22.4),0,needs_review,calendar_year,2,selected 1 of 2 source rows,False
cod_abnormal_involuntary_movements_of_esophagus,1.0,1.0,,none,South Dakota,2019,All,False,False,"Causes of Death, 2015-2024",6,count,excl_infant,cod_selected,2015-2024,,https://doh.sd.gov/media/iy5ld42w/cause-of-death-2015-2024-new.pdf,,fixture_text_capture,Abnormal involuntary movements of esophagus (K22.4),1,needs_review,calendar_year,2,selected 1 of 2 source rows,False
cod_abnormal_involuntary_movements_of_esophagus,1.0,1.0,,none,South Dakota,2020,All,False,False,"Causes of Death, 2015-2024",6,count,excl_infant,cod_selected,2015-2024,,https://doh.sd.gov/media/iy5ld42w/cause-of-death-2015-2024-new.pdf,,fixture_text_capture,Abnormal involuntary movements of esophagus (K22.4),1,needs_review,calendar_year,2,selected 1 of 2 source rows,False
cod_abnormal_involuntary_movements_of_esophagus,3.0,3.0,,none,South Dakota,2021,All,False,False,"Causes of Death, 2015-2024",6,count,excl_infant,cod_selected,2015-2024,,https://doh.sd.gov/media/iy5ld42w/cause-of-death-2015-2024-new.pdf,,fixture_text_capture,Abnormal involuntary movements of esophagus (K22.4),3,needs_review,calendar_year,2,selected 1 of 2 source rows,False
cod_abnormal_involuntary_movements_of_esophagus,2.0,2.0,,none,South Dakota,2022,All,False,False,"Causes of Death, 2015-2024",6,count,excl_infant,cod_selected,2015-2024,,https://doh.sd.gov/media/iy5ld42w/cause-of-death-2015-2024-new.pdf,,fixture_text_capture,Abnormal involuntary movements of esophagus (K22.4),2,needs_review,calendar_year,2,selected 1 of 2 source rows,False
cod_abnormal_involuntary_movements_of_esophagus,3.0,3.0,,none,South Dakota,2023,All,False,False,"Causes of Death, 2015-2024",6,count,excl_infant,cod_selected,2015-2024,,https://doh.sd.gov/media/iy5ld42w/cause-of-death-2015-2024-new.pdf,,fixture_text_capture,Abnormal involuntary movements of esophagus (K22.4),3,needs_review,calendar_year,2,selected 1 of 2 source rows,False
cod_abnormal_involuntary_movements_of_esophagus,1.0,1.0,,none,South Dakota,2024,All,False,False,"Causes of Death, 2015-2024",6,count,excl_infant,cod_selected,2015-2024,,https://doh.sd.gov/media/iy5ld42w/cause-of-death-2015-2024-new.pdf,,fixture_text_capture,Abnormal involuntary movements of esophagus (K22.4),1,needs_review,calendar_year,1,,False
cod_accidental_discharge_of_firearms,2.0,2.0,,none,South Dakota,2014,All,False,False,"Causes of Death, 2014-2023",0,count,excl_infant,cod_selected,2014-2023,,https://doh.sd.gov/media/g0rf2ewb/sd-cause-of-death-2014-2023.pdf,,fixture_text_capture,Accidental discharge of firearms (W32-W34),2,needs_review,calendar_year,1,,False
cod_accidental_discharge_of_firearms,38.0,38.0,,none,South Dakota,2014-2023,All,False,False,"Causes of Death, 2014-2023",0,count,excl_infant,cod_selected,2014-2023,,https://doh.sd.gov/media/g0rf2ewb/sd-cause-of-death-2014-2023.pdf,,fixture_text_capture,Accidental discharge of firearms (W32-W34),38,needs_review,multi_year_total,1,,False
cod_accidental_discharge_of_firearms,5.0,5.0,,none,South Dakota,2015,All,False,False,"Causes of Death, 2015-2024",4,count,excl_infant,cod_selected,2015-2024,,https://doh.sd.gov/media/iy5ld42w/cause-of-death-2015-2024-new.pdf,,fixture_text_capture,Accidental discharge of firearms (W32-W34),5,needs_review,calendar_year,2,selected 1 of 2 source rows,False
cod_accidental_discharge_of_firearms,44.0,44.0,,none,South Dakota,2015-2024,All,False,False,"Causes of Death, 2015-2024",4,count,excl_infant,cod_selected,2015-2024,,https://doh.sd.gov/media/iy5ld42w/cause-of-death-2015-2024-new.pdf,,fixture_text_capture,Accidental discharge of firearms (W32-W34),44,needs_review,multi_year_total,1,,False
cod_accidental_discharge_of_firearms,5.0,5.0,,none,South Dakota,2016,All,False,False,"Causes of Death, 2015-2024",4,count,excl_infant,cod_selected,2015-2024,,https://doh.sd.gov/media/iy5ld42w/cause-of-death-2015-2024-new.pdf,,fixture_text_capture,Accidental discharge of firearms (W32-W34),5,needs_review,calendar_year,2,selected 1 of 2 source rows,False
cod_accidental_discharge_of_firearms,2.0,2.0,,none,South Dakota,2017,All,False,False,"Causes of Death, 2015-2024",4,count,excl_infant,cod_selected,2015-2024,,https://doh.sd.gov/media/iy5ld42w/cause-of-death-2015-2024-new.pdf,,fixture_text_capture,Accidental discharge of firearms (W32-W34),2,needs_review,calendar_year,2,selected 1 of 2 source rows,False
cod_accidental_discharge_of_firearms,7.0,7.0,,none,South Dakota,2018,All,False,False,"Causes of Death, 2015-2024",4,count,excl_infant,cod_selected,2015-2024,,https://doh.sd.gov/media/iy5ld42w/cause-of-death-2015-2024-new.pdf,,fixture_text_capture,Accidental discharge of firearms (W32-W34),7,needs_review,calendar_year,2,selected 1 of 2 source rows,False
cod_accidental_discharge_of_firearms,0.0,0.0,,none,South Dakota,2019,All,False,False,"Causes of Death, 2015-2024",4,count,excl_infant,cod_selected,2015-2024,,https://doh.sd.gov/media/iy5ld42w/cause-of-death-2015-2024-new.pdf,,fixture_text_capture,Accidental discharge of firearms (W32-W34),0,needs_review,calendar_year,2,selected 1 of 2 source rows,False
cod_accidental_discharge_of_firearms,5.0,5.0,,none,South Dakota,2020,All,False,False,"Causes of Death, 2015-2024",4,count,excl_infant,cod_selected,2015-2024,,https://doh.sd.gov/media/iy5ld42w/cause-of-death-2015-2024-new.pdf,,fixture_text_capture,Accidental discharge of firearms (W32-W34),5,needs_review,calendar_year,2,selected 1 of 2 source rows,False
cod_accidental_discharge_of_firearms,0.0,0.0,,none,South Dakota,2021,All,False,False,"Causes of Death, 2015-2024",4,count,excl_infant,cod_selected,2015-2024,,https://doh.sd.gov/media/iy5ld42w/cause-of-death-2015-2024-new.pdf,,fixture_text_capture,Accidental discharge of firearms (W32-W34),0,needs_review,calendar_year,2,selected 1 of 2 source rows,False
cod_accidental_discharge_of_firearms,7.0,7.0,,none,South Dakota,2022,All,False,False,"Causes of Death, 2015-2024",4,count,excl_infant,cod_selected,2015-2024,,https://doh.sd.gov/media/iy5ld42w/cause-of-death-2015-2024-new.pdf,,fixture_text_capture,Accidental discharge of firearms (W32-W34),7,needs_review,calendar_year,2,selected 1 of 2 source rows,False
cod_accidental_discharge_of_firearms,5.0,5.0,,none,South Dakota,2023,All,False,False,"Causes of Death, 2015-2024",4,count,excl_infant,cod_selected,2015-2024,,https://doh.sd.gov/media/iy5ld42w/cause-of-death-2015-2024-new.pdf,,fixture_text_capture,Accidental discharge of firearms (W32-W34),5,needs_review,calendar_year,2,selected 1 of 2 source rows,False
cod_accidental_discharge_of_firearms,8.0,8.0,,none,South Dakota,2024,All,False,False,"Causes of Death, 2015-2024",4,count,excl_infant,cod_selected,2015-2024,,https://doh.sd.gov/media/iy5ld42w/cause-of-death-2015-2024-new.pdf,,fixture_text_capture,Accidental discharge of firearms (W32-W34),8,needs_review,calendar_year,1,,False
cod_accidental_drowning,8.0,8.0,,none,South Dakota,2014,All,False,False,"Causes of Death, 2014-2023",0,count,excl_infant,cod_selected,2014-2023,,https://doh.sd.gov/media/g0rf2ewb/sd-cause-of-death-2014-2023.pdf,,fixture_text_capture,Accidental drowning (W65-W74),8,needs_review,calendar_year,1,,False
cod_accidental_drowning,101.0,101.0,,none,South Dakota,2014-2023,All,False,False,"Causes of Death, 2014-2023",0,count,excl_infant,cod_selected,2014-2023,,https://doh.sd.gov/media/g0rf2ewb/sd-cause-of-death-2014-2023.pdf,,fixture_text_capture,Accidental drowning (W65-W74),101,needs_review,multi_year_total,1,,False
cod_accidental_drowning,11.0,11.0,,none,South Dakota,2015,All,False,False,"Causes of Death, 2015-2024",3,count,excl_infant,cod_selected,2015-2024,,https://doh.sd.gov/media/iy5ld42w/cause-of-death-2015-2024-new.pdf,,fixture_text_capture,Accidental drowning (W65-W74),11,needs_review,calendar_year,2,selected 1 of 2 source rows,False
cod_accidental_drowning,106.0,106.0,,none,South Dakota,2015-2024,All,False,False,"Causes of Death, 2015-2024",3,count,excl_infant,cod_selected,2015-2024,,https://doh.sd.gov/media/iy5ld42w/cause-of-death-2015-2024-new.pdf,,fixture_text_capture,Accidental drowning (W65-W74),106,needs_review,multi_year_total,1,,False
cod_accidental_drowning,7.0,7.0,,none,South Dakota,2016,All,False,False,"Causes of Death, 2015-2024",3,count,excl_infant,cod_selected,2015-2024,,https://doh.sd.gov/media/iy5ld42w/cause-of-death-2015-2024-new.pdf,,fixture_text_capture,Accidental drowning (W65-W74),7,needs_review,calendar_year,2,selected 1 of 2 source rows,False
cod_accidental_drowning,8.0,8.0,,none,South Dakota,2017,All,False,False,"Causes of Death, 2015-2024",3,count,excl_infant,cod_selected,2015-2024,,https://doh.sd.gov/media/iy5ld42w/cause-of-death-2015-2024-new.pdf,,fixture_text_capture,Accidental drowning (W65-W74),8,needs_review,calendar_year,2,selected 1 of 2 source rows,False
cod_accidental_drowning,11.0,11.0,,none,South Dakota,2018,All,False,False,"Causes of Death, 2015-2024",3,count,excl_infant,cod_selected,2015-2024,,https://doh.sd.gov/media/iy5ld42w/cause-of-death-2015-2024-new.pdf,,fixture_text_capture,Accidental drowning (W65-W74),11,needs_review,calendar_year,2,selected 1 of 2 source rows,False
cod_accidental_drowning,12.0,12.0,,none,South Dakota,2019,All,False,False,"Causes of Death, 2015-2024",3,count,excl_infant,cod_selected,2015-2024,,https://doh.sd.gov/media/iy5ld42w/cause-of-death-2015-2024-new.pdf,,fixture_text_capture,Accidental drowning (W65-W74),12,needs_review,calendar_year,2,selected 1 of 2 source rows,False
cod_accidental_drowning,13.0,13.0,,none,South Dakota,2020,All,False,False,"Causes of Death, 2015-2024",3,count,excl_infant,cod_selected,2015-2024,,https://doh.sd.gov/media/iy5ld42w/cause-of-death-2015-2024-new.pdf,,fixture_text_capture,Accidental drowning (W65-W74),13,needs_review,calendar_year,2,selected 1 of 2 source rows,False
cod_accidental_drowning,13.0,13.0,,none,South Dakota,2021,All,False,False,"Causes of Death, 2015-2024",3,count,excl_infant,cod_selected,2015-2024,,https://doh.sd.gov/media/iy5ld42w/cause-of-death-2015-2024-new.pdf,,fixture_text_capture,Accidental drowning (W65-W74),13,needs_review,calendar_year,2,selected 1 of 2 source rows,False
cod_accidental_drowning,12.0,12.0,,none,South Dakota,2022,All,False,False,"Causes of Death, 2015-2024",3,count,excl_infant,cod_selected,2015-2024,,https://doh.sd.gov/media/iy5ld42w/cause-of-death-2015-2024-new.pdf,,fixture_text_capture,Accidental drowning (W65-W74),12,needs_review,calendar_year,2,selected 1 of 2 source rows,False
cod_accidental_drowning,6.0,6.0,,none,South Dakota,2023,All,False,False,"Causes of Death, 2015-2024",3,count,excl_infant,cod_selected,2015-2024,,https://doh.sd.gov/media/iy5ld42w/cause-of-death-2015-2024-new.pdf,,fixture_text_capture,Accidental drowning (W65-W74),6,needs_review,calendar_year,2,selected 1 of 2 source rows,False
cod_accidental_drowning,13.0,13.0,,none,South Dakota,2024,All,False,False,"Causes of Death, 2015-2024",3,count,excl_infant,cod_selected,2015-2024,,https://doh.sd.gov/media/iy5ld42w/cause-of-death-2015-2024-new.pdf,,fixture_text_capture,Accidental drowning (W65-W74),13,needs_review,calendar_year,1,,False
cod_accidental_drug_overdose,46.0,46.0,,none,South Dakota,2014,All,False,False,"Causes of Death, 2014-2023",0,count,excl_infant,cod_selected,2014-2023,,https://doh.sd.gov/media/g0rf2ewb/sd-cause-of-death-2014-2023.pdf,,fixture_text_capture,Accidental drug overdose (X40-X44),46,needs_review,calendar_year,1,,False
cod_accidental_drug_overdose,622.0,622.0,,none,South Dakota,2014-2023,All,False,False,"Causes of Death, 2014-2023",0,count,excl_infant,cod_selected,2014-2023,,https://doh.sd.gov/media/g0rf2ewb/sd-cause-of-death-2014-2023.pdf,,fixture_text_capture,Accidental drug overdose (X40-X44),622,needs_review,multi_year_total,1,,False
cod_accidental_drug_overdose,44.0,44.0,,none,South Dakota,2015,All,False,False,"Causes of Death, 2015-2024",1,count,excl_infant,cod_selected,2015-2024,,https://doh.sd.gov/media/iy5ld42w/cause-of-death-2015-2024-new.pdf,,fixture_text_capture,Accidental drug overdose (X40-X44),44,needs_review,calendar_year,2,selected 1 of 2 source rows,False
cod_accidental_drug_overdose,653.0,653.0,,none,South Dakota,2015-2024,All,False,False,"Causes of Death, 2015-2024",1,count,excl_infant,cod_selected,2015-2024,,https://doh.sd.gov/media/iy5ld42w/cause-of-death-2015-2024-new.pdf,,fixture_text_capture,Accidental drug overdose (X40-X44),653,needs_review,multi_year_total,1,,False
cod_accidental_drug_overdose,52.0,52.0,,none,South Dakota,2016,All,False,False,"Causes of Death, 2015-2024",1,count,excl_infant,cod_selected,2015-2024,,https://doh.sd.gov/media/iy5ld42w/cause-of-death-2015-2024-new.pdf,,fixture_text_capture,Accidental drug overdose (X40-X44),52,needs_review,calendar_year,2,selected 1 of 2 source rows,False
cod_accidental_drug_overdose,54.0,54.0,,none,South Dakota,2017,All,False,False,"Causes of Death, 2015-2024",1,count,excl_infant,cod_selected,2015-2024,,https://doh.sd.gov/media/iy5ld42w/cause-of-death-2015-2024-new.pdf,,fixture_text_capture,Accidental drug overdose (X40-X44),54,needs_review,calendar_year,2,selected 1 of 2 source rows,False
cod_accidental_drug_overdose,43.0,43.0,,none,South Dakota,2018,All,False,False,"Causes of Death, 2015-2024",1,count,excl_infant,cod_selected,2015-2024,,https://doh.sd.gov/media/iy5ld42w/cause-of-death-2015-2024-new.pdf,,fixture_text_capture,Accidental drug overdose (X40-X44),43,needs_review,calendar_year,2,selected 1 of 2 source rows,False
cod_accidental_drug_overdose,71.0,71.0,,none,South Dakota,2019,All,False,False,"Causes of Death, 2015-2024",1,count,excl_infant,cod_selected,2015-2024,,https://doh.sd.gov/media/iy5ld42w/cause-of-death-2015-2024-new.pdf,,fixture_text_capture,Accidental drug overdose (X40-X44),71,needs_review,calendar_year,2,selected 1 of 2 source rows,False
cod_accidental_drug_overdose,70.0,70.0,,none,South Dakota,2020,All,False,False,"Causes of Death, 2015-2024",1,count,excl_infant,cod_selected,2015-2024,,https://doh.sd.gov/media/iy5ld42w/cause-of-death-2015-2024-new.pdf,,fixture_text_capture,Accidental drug overdose (X40-X44),70,needs_review,calendar_year,2,selected 1 of 2 source rows,False
cod_accidental_drug_overdose,86.0,86.0,,none,South Dakota,2021,All,False,False,"Causes of Death, 2015-2024",1,count,excl_infant,cod_selected,2015-2024,,https://doh.sd.gov/media/iy5ld42w/cause-of-death-2015-2024-new.pdf,,fixture_text_capture,Accidental drug overdose (X40-X44),86,needs_review,calendar_year,2,selected 1 of 2 source rows,False
cod_accidental_drug_overdose,83.0,83.0,,none,South Dakota,2022,All,False,False,"Causes of Death, 2015-2024",1,count,excl_infant,cod_selected,2015-2024,,https://doh.sd.gov/media/iy5ld42w/cause-of-death-2015-2024-new.pdf,,fixture_text_capture,Accidental drug overdose (X40-X44),83,needs_review,calendar_year,2,selected 1 of 2 source rows,False
cod_accidental_drug_overdose,73.0,73.0,,none,South Dakota,2023,All,False,False,"Causes of Death, 2015-2024",1,count,excl_infant,cod_selected,2015-2024,,https://doh.sd.gov/media/iy5ld42w/cause-of-death-2015-2024-new.pdf,,fixture_text_capture,Accidental drug overdose (X40-X44),73,needs_review,calendar_year,2,selected 1 of 2 source rows,False
cod_accidental_drug_overdose,77.0,77.0,,none,South Dakota,2024,All,False,False,"Causes of Death, 2015-2024",1,count,excl_infant,cod_selected,2015-2024,,https://doh.sd.gov/media/iy5ld42w/cause-of-death-2015-2024-new.pdf,,fixture_text_capture,Accidental drug overdose (X40-X44),77,needs_review,calendar_year,1,,False
cod_accidental_exposure_to_smoke_fire_and_flames,5.0,5.0,,none,South Dakota,2014,All,False,False,"Causes of Death, 2014-2023",0,count,excl_infant,cod_selected,2014-2023,,https://doh.sd.gov/media/g0rf2ewb/sd-cause-of-death-2014-2023.pdf,,fixture_text_capture,"Accidental exposure to smoke, fire, and flames (X00-X09)",5,needs_review,calendar_year,1,,False
cod_accidental_exposure_to_smoke_fire_and_flames,114.0,114.0,,none,South Dakota,2014-2023,All,False,False,"Causes of Death, 2014-2023",0,count,excl_infant,cod_selected,2014-2023,,https://doh.sd.gov/media/g0rf2ewb/sd-cause-of-death-2014-2023.pdf,,fixture_text_capture,"Accidental exposure to smoke, fire, and flames (X00-X09)",114,needs_review,multi_year_total,1,,False
cod_accidental_exposure_to_smoke_fire_and_flames,9.0,9.0,,none,South Dakota,2015,All,False,False,"Causes of Death, 2015-2024",3,count,excl_infant,cod_selected,2015-2024,,https://doh.sd.gov/media/iy5ld42w/cause-of-death-2015-2024-new.pdf,,fixture_text_capture,"Accidental exposure to smoke, fire, and flames (X00-X09)",9,needs_review,calendar_year,2,selected 1 of 2 source rows,False
cod_accidental_exposure_to_smoke_fire_and_flames,114.0,114.0,,none,South Dakota,2015-2024,All,False,False,"Causes of Death, 2015-2024",3,count,excl_infant,cod_selected,2015-2024,,https://doh.sd.gov/media/iy5ld42w/cause-of-death-2015-2024-new.pdf,,fixture_text_capture,"Accidental exposure to smoke, fire, and flames (X00-X09)",114,needs_review,multi_year_total,1,,False
cod_accidental_exposure_to_smoke_fire_and_flames,10.0,10.0,,none,South Dakota,2016,All,False,False,"Causes of Death, 2015-2024",3,count,excl_infant,cod_selected,2015-2024,,https://doh.sd.gov/media/iy5ld42w/cause-of-death-2015-2024-new.pdf,,fixture_text_capture,"Accidental exposure to smoke, fire, and flames (X00-X09)",10,needs_review,calendar_year,2,selected 1 of 2 source rows,False
cod_accidental_exposure_to_smoke_fire_and_flames,19.0,19.0,,none,South Dakota,2017,All,False,False,"Causes of Death, 2015-2024",3,count,excl_infant,cod_selected,2015-2024,,https://doh.sd.gov/media/iy5ld42w/cause-of-death-2015-2024-new.pdf,,fixture_text_capture,"Accidental exposure to smoke, fire, and flames (X00-X09)",19,needs_review,calendar_year,2,selected 1 of 2 source rows,False
cod_accidental_exposure_to_smoke_fire_and_flames,8.0,8.0,,none,South Dakota,2018,All,False,False,"Causes of Death, 2015-2024",3,count,excl_infant,cod_selected,2015-2024,,https://doh.sd.gov/media/iy5ld42w/cause-of-death-2015-2024-new.pdf,,fixture_text_capture,"Accidental exposure to smoke, fire, and flames (X00-X09)",8,needs_review,calendar_year,2,selected 1 of 2 source rows,False
cod_accidental_exposure_to_smoke_fire_and_flames,11.0,11.0,,none,South Dakota,2019,All,False,False,"Causes of Death, 2015-2024",3,count,excl_infant,cod_selected,2015-2024,,https://doh.sd.gov/media/iy5ld42w/cause-of-death-2015-2024-new.pdf,,fixture_text_capture,"Accidental exposure to smoke, fire, and flames (X00-X09)",11,needs_review,calendar_year,2,selected 1 of 2 source rows,False
cod_accidental_exposure_to_smoke_fire_and_flames,11.0,11.0,,none,South Dakota,2020,All,False,False,"Causes of Death, 2015-2024",3,count,excl_infant,cod_selected,2015-2024,,https://doh.sd.gov/media/iy5ld42w/cause-of-death-2015-2024-new.pdf,,fixture_text_capture,"Accidental exposure to smoke, fire, and flames (X00-X09)",11,needs_review,calendar_year,2,selected 1 of 2 source rows,False
cod_accidental_exposure_to_smoke_fire_and_flames,19.0,19.0,,none,South Dakota,2021,All,False,False,"Causes of Death, 2015-2024",3,count,excl_infant,cod_selected,2015-2024,,https://doh.sd.gov/media/iy5ld42w/cause-of-death-2015-2024-new.pdf,,fixture_text_capture,"Accidental exposure to smoke, fire, and flames (X00-X09)",19,needs_review,calendar_year,2,selected 1 of 2 source rows,False
cod_accidental_exposure_to_smoke_fire_and_flames,12.0,12.0,,none,South Dakota,2022,All,False,False,"Causes of Death, 2015-2024",3,count,excl_infant,cod_selected,2015-2024,,https://doh.sd.gov/media/iy5ld42w/cause-of-death-2015-2024-new.pdf,,fixture_text_capture,"Accidental exposure to smoke, fire, and flames (X00-X09)",12,needs_review,calendar_year,2,selected 1 of 2 source rows,False
cod_accidental_exposure_to_smoke_fire_and_flames,10.0,10.0,,none,South Dakota,2023,All,False,False,"Causes of Death, 2015-2024",3,count,excl_infant,cod_selected,2015-2024,,https://doh.sd.gov/media/iy5ld42w/cause-of-death-2015-2024-new.pdf,,fixture_text_capture,"Accidental exposure to smoke, fire, and flames (X00-X09)",10,needs_review,calendar_year,2,selected 1 of 2 source rows,False
cod_accidental_exposure_to_smoke_fire_and_flames,5.0,5.0,,none,South Dakota,2024,All,False,False,"Causes of Death, 2015-2024",3,count,excl_infant,cod_selected,2015-2024,,https://doh.sd.gov/media/iy5ld42w/cause-of-death-2015-2024-new.pdf,,fixture_text_capture,"Accidental exposure to smoke, fire, and flames (X00-X09)",5,needs_review,calendar_year,1,,False
cod_accidental_poisoning_and_exposure_to_carbon_monoxide,5.0,5.0,,none,South Dakota,2014,All,False,False,"Causes of Death, 2014-2023",0,count,excl_infant,cod_selected,2014-2023,,https://doh.sd.gov/media/g0rf2ewb/sd-cause-of-death-2014-2023.pdf,,fixture_text_capture,Accidental poisoning and exposure to carbon monoxide (X47),5,needs_review,calendar_year,1,,False
cod_accidental_poisoning_and_exposure_to_carbon_monoxide,22.0,22.0,,none,South Dakota,2014-2023,All,False,False,"Causes of Death, 2014-2023",0,count,excl_infant,cod_selected,2014-2023,,https://doh.sd.gov/media/g0rf2ewb/sd-cause-of-death-2014-2023.pdf,,fixture_text_capture,Accidental poisoning and exposure to carbon monoxide (X47),22,needs_review,multi_year_total,1,,False
cod_accidental_poisoning_and_exposure_to_carbon_monoxide,1.0,1.0,,none,South Dakota,2015,All,False,False,"Causes of Death, 2015-2024",5,count,excl_infant,cod_selected,2015-2024,,https://doh.sd.gov/media/iy5ld42w/cause-of-death-2015-2024-new.pdf,,fixture_text_capture,Accidental poisoning and exposure to carbon monoxide (X47),1,needs_review,calendar_year,2,selected 1 of 2 source rows,False
cod_accidental_poisoning_and_exposure_to_carbon_monoxide,17.0,17.0,,none,South Dakota,2015-2024,All,False,False,"Causes of Death, 2015-2024",5,count,excl_infant,cod_selected,2015-2024,,https://doh.sd.gov/media/iy5ld42w/cause-of-death-2015-2024-new.pdf,,fixture_text_capture,Accidental poisoning and exposure to carbon monoxide (X47),17,needs_review,multi_year_total,1,,False
cod_accidental_poisoning_and_exposure_to_carbon_monoxide,1.0,1.0,,none,South Dakota,2016,All,False,False,"Causes of Death, 2015-2024",5,count,excl_infant,cod_selected,2015-2024,,https://doh.sd.gov/media/iy5ld42w/cause-of-death-2015-2024-new.pdf,,fixture_text_capture,Accidental poisoning and exposure to carbon monoxide (X47),1,needs_review,calendar_year,2,selected 1 of 2 source rows,False
cod_accidental_poisoning_and_exposure_to_carbon_monoxide,1.0,1.0,,none,South Dakota,2017,All,False,False,"Causes of Death, 2015-2024",5,count,excl_infant,cod_selected,2015-2024,,https://doh.sd.gov/media/iy5ld42w/cause-of-death-2015-2024-new.pdf,,fixture_text_capture,Accidental poisoning and exposure to carbon monoxide (X47),1,needs_review,calendar_year,2,selected 1 of 2 source rows,False
cod_accidental_poisoning_and_exposure_to_carbon_monoxide,1.0,1.0,,none,South Dakota,2018,All,False,False,"Causes of Death, 2015-2024",5,count,excl_infant,cod_selected,2015-2024,,https://doh.sd.gov/media/iy5ld42w/cause-of-death-2015-2024-new.pdf,,fixture_text_capture,Accidental poisoning and exposure to carbon monoxide (X47),1,needs_review,calendar_year,2,selected 1 of 2 source rows,False
cod_accidental_poisoning_and_exposure_to_carbon_monoxide,0.0,0.0,,none,South Dakota,2019,All,False,False,"Causes of Death, 2015-2024",5,count,excl_infant,cod_selected,2015-2024,,https://doh.sd.gov/media/iy5ld42w/cause-of-death-2015-2024-new.pdf,,fixture_text_capture,Accidental poisoning and exposure to carbon monoxide (X47),0,needs_review,calendar_year,2,selected 1 of 2 source rows,False
cod_accidental_poisoning_and_exposure_to_carbon_monoxide,1.0,1.0,,none,South Dakota,2020,All,False,False,"Causes of Death, 2015-2024",5,count,excl_infant,cod_selected,2015-2024,,https://doh.sd.gov/media/iy5ld42w/cause-of-death-2015-2024-new.pdf,,fixture_text_capture,Accidental poisoning and exposure to carbon monoxide (X47),1,needs_review,calendar_year,2,selected 1 of 2 source rows,False
cod_accidental_poisoning_and_exposure_to_carbon_monoxide,4.0,4.0,,none,South Dakota,2021,All,False,False,"Causes of Death, 2015-2024",5,count,excl_infant,cod_selected,2015-2024,,https://doh.sd.gov/media/iy5ld42w/cause-of-death-2015-2024-new.pdf,,fixture_text_capture,Accidental poisoning and exposure to carbon monoxide (X47),4,needs_review,calendar_year,2,selected 1 of 2 source rows,False
cod_accidental_poisoning_and_exposure_to_carbon_monoxide,6.0,6.0,,none,South Dakota,2022,All,False,False,"Causes of Death, 2015-2024",5,count,excl_infant,cod_selected,2015-2024,,https://doh.sd.gov/media/iy5ld42w/cause-of-death-2015-2024-new.pdf,,fixture_text_capture,Accidental poisoning and exposure to carbon monoxide (X47),6,needs_review,calendar_year,2,selected 1 of 2 source rows,False
cod_accidental_poisoning_and_exposure_to_carbon_monoxide,2.0,2.0,,none,South Dakota,2023,All,False,False,"Causes of Death, 2015-2024",5,count,excl_infant,cod_selected,2015-2024,,https://doh.sd.gov/media/iy5ld42w/cause-of-death-2015-2024-new.pdf,,fixture_text_capture,Accidental poisoning and exposure to carbon monoxide (X47),2,needs_review,calendar_year,2,selected 1 of 2 source rows,False
cod_accidental_poisoning_and_exposure_to_carbon_monoxide,0.0,0.0,,none,South Dakota,2024,All,False,False,"Causes of Death, 2015-2024",5,count,excl_infant,cod_selected,2015-2024,,https://doh.sd.gov/media/iy5ld42w/cause-of-death-2015-2024-new.pdf,,fixture_text_capture,Accidental poisoning and exposure to carbon monoxide (X47),0,needs_review,calendar_year,1,,False
cod_accidental_poisoning_by_and_exposure_to_alcohol,7.0,7.0,,none,South Dakota,2014,All,False,False,"Causes of Death, 2014-2023",0,count,excl_infant,cod_selected,2014-2023,,https://doh.sd.gov/media/g0rf2ewb/sd-cause-of-death-2014-2023.pdf,,fixture_text_capture,Accidental poisoning by and exposure to alcohol (X45),7,needs_review,calendar_year,1,,False
cod_accidental_poisoning_by_and_exposure_to_alcohol,119.0,119.0,,none,South Dakota,2014-2023,All,False,False,"Causes of Death, 2014-2023",0,count,excl_infant,cod_selected,2014-2023,,https://doh.sd.gov/media/g0rf2ewb/sd-cause-of-death-2014-2023.pdf,,fixture_text_capture,Accidental poisoning by and exposure to alcohol (X45),119,needs_review,multi_year_total,1,,False
cod_accidental_poisoning_by_and_exposure_to_alcohol,9.0,9.0,,none,South Dakota,2015,All,False,False,"Causes of Death, 2015-2024",2,count,excl_infant,cod_selected,2015-2024,,https://doh.sd.gov/media/iy5ld42w/cause-of-death-2015-2024-new.pdf,,fixture_text_capture,Accidental poisoning by and exposure to alcohol (X45),9,needs_review,calendar_year,2,selected 1 of 2 source rows,False
cod_accidental_poisoning_by_and_exposure_to_alcohol,131.0,131.0,,none,South Dakota,2015-2024,All,False,False,"Causes of Death, 2015-2024",2,count,excl_infant,cod_selected,2015-2024,,https://doh.sd.gov/media/iy5ld42w/cause-of-death-2015-2024-new.pdf,,fixture_text_capture,Accidental poisoning by and exposure to alcohol (X45),131,needs_review,multi_year_total,1,,False
cod_accidental_poisoning_by_and_exposure_to_alcohol,11.0,11.0,,none,South Dakota,2016,All,False,False,"Causes of Death, 2015-2024",2,count,excl_infant,cod_selected,2015-2024,,https://doh.sd.gov/media/iy5ld42w/cause-of-death-2015-2024-new.pdf,,fixture_text_capture,Accidental poisoning by and exposure to alcohol (X45),11,needs_review,calendar_year,2,selected 1 of 2 source rows,False
cod_accidental_poisoning_by_and_exposure_to_alcohol,10.0,10.0,,none,South Dakota,2017,All,False,False,"Causes of Death, 2015-2024",2,count,excl_infant,cod_selected,2015-2024,,https://doh.sd.gov/media/iy5ld42w/cause-of-death-2015-2024-new.pdf,,fixture_text_capture,Accidental poisoning by and exposure to alcohol (X45),10,needs_review,calendar_year,2,selected 1 of 2 source rows,False
cod_accidental_poisoning_by_and_exposure_to_alcohol,11.0,11.0,,none,South Dakota,2018,All,False,False,"Causes of Death, 2015-2024",2,count,excl_infant,cod_selected,2015-2024,,https://doh.sd.gov/media/iy5ld42w/cause-of-death-2015-2024-new.pdf,,fixture_text_capture,Accidental poisoning by and exposure to alcohol (X45),11,needs_review,calendar_year,2,selected 1 of 2 source rows,False
cod_accidental_poisoning_by_and_exposure_to_alcohol,12.0,12.0,,none,South Dakota,2019,All,False,False,"Causes of Death, 2015-2024",2,count,excl_infant,cod_selected,2015-2024,,https://doh.sd.gov/media/iy5ld42w/cause-of-death-2015-2024-new.pdf,,fixture_text_capture,Accidental poisoning by and exposure to alcohol (X45),12,needs_review,calendar_year,2,selected 1 of 2 source rows,False
cod_accidental_poisoning_by_and_exposure_to_alcohol,23.0,23.0,,none,South Dakota,2020,All,False,False,"Causes of Death, 2015-2024",2,count,excl_infant,cod_selected,2015-2024,,https://doh.sd.gov/media/iy5ld42w/cause-of-death-2015-2024-new.pdf,,fixture_text_capture,Accidental poisoning by and exposure to alcohol (X45),23,needs_review,calendar_year,2,selected 1 of 2 source rows,False
cod_accidental_poisoning_by_and_exposure_to_alcohol,15.0,15.0,,none,South Dakota,2021,All,False,False,"Causes of Death, 2015-2024",2,count,excl_infant,cod_selected,2015-2024,,https://doh.sd.gov/media/iy5ld42w/cause-of-death-2015-2024-new.pdf,,fixture_text_capture,Accidental poisoning by and exposure to alcohol (X45),15,needs_review,calendar_year,2,selected 1 of 2 source rows,False
cod_accidental_poisoning_by_and_exposure_to_alcohol,11.0,11.0,,none,South Dakota,2022,All,False,False,"Causes of Death, 2015-2024",2,count,excl_infant,cod_selected,2015-2024,,https://doh.sd.gov/media/iy5ld42w/cause-of-death-2015-2024-new.pdf,,fixture_text_capture,Accidental poisoning by and exposure to alcohol (X45),11,needs_review,calendar_year,2,selected 1 of 2 source rows,False
cod_accidental_poisoning_by_and_exposure_to_alcohol,10.0,10.0,,none,South Dakota,2023,All,False,False,"Causes of Death, 2015-2024",2,count,excl_infant,cod_selected,2015-2024,,https://doh.sd.gov/media/iy5ld42w/cause-of-death-2015-2024-new.pdf,,fixture_text_capture,Accidental poisoning by and exposure to alcohol (X45),10,needs_review,calendar_year,2,selected 1 of 2 source rows,False
cod_accidental_poisoning_by_and_exposure_to_alcohol,19.0,19.0,,none,South Dakota,2024,All,False,False,"Causes of Death, 2015-2024",2,count,excl_infant,cod_selected,2015-2024,,https://doh.sd.gov/media/iy5ld42w/cause-of-death-2015-2024-new.pdf,,fixture_text_capture,Accidental poisoning by and exposure to alcohol (X45),19,needs_review,calendar_year,1,,False
cod_accidental_suffocation_and_strangulation_in_bed,1.0,1.0,,none,South Dakota,2015,All,False,False,"Causes of Death, 2015-2024",6,count,excl_infant,cod_selected,2015-2024,,https://doh.sd.gov/media/iy5ld42w/cause-of-death-2015-2024-new.pdf,,fixture_text_capture,Accidental suffocation and strangulation in bed (W75),1,needs_review,calendar_year,1,,False
cod_accidental_suffocation_and_strangulation_in_bed,10.0,10.0,,none,South Dakota,2015-2024,All,False,False,"Causes of Death, 2015-2024",6,count,excl_infant,cod_selected,2015-2024,,https://doh.sd.gov/media/iy5ld42w/cause-of-death-2015-2024-new.pdf,,fixture_text_capture,Accidental suffocation and strangulation in bed (W75),10,needs_review,multi_year_total,1,,False
cod_accidental_suffocation_and_strangulation_in_bed,2.0,2.0,,none,South Dakota,2016,All,False,False,"Causes of Death, 2015-2024",6,count,excl_infant,cod_selected,2015-2024,,https://doh.sd.gov/media/iy5ld42w/cause-of-death-2015-2024-new.pdf,,fixture_text_capture,Accidental suffocation and strangulation in bed (W75),2,needs_review,calendar_year,1,,False
cod_accidental_suffocation_and_strangulation_in_bed,1.0,1.0,,none,South Dakota,2017,All,False,False,"Causes of Death, 2015-2024",6,count,excl_infant,cod_selected,2015-2024,,https://doh.sd.gov/media/iy5ld42w/cause-of-death-2015-2024-new.pdf,,fixture_text_capture,Accidental suffocation and strangulation in bed (W75),1,needs_review,calendar_year,1,,False
cod_accidental_suffocation_and_strangulation_in_bed,0.0,0.0,,none,South Dakota,2018,All,False,False,"Causes of Death, 2015-2024",6,count,excl_infant,cod_selected,2015-2024,,https://doh.sd.gov/media/iy5ld42w/cause-of-death-2015-2024-new.pdf,,fixture_text_capture,Accidental suffocation and strangulation in bed (W75),0,needs_review,calendar_year,1,,False
cod_accidental_suffocation_and_strangulation_in_bed,1.0,1.0,,none,South Dakota,2019,All,False,False,"Causes of Death, 2015-2024",6,count,excl_infant,cod_selected,2015-2024,,https://doh.sd.gov/media/iy5ld42w/cause-of-death-2015-2024-new.pdf,,fixture_text_capture,Accidental suffocation and strangulation in bed (W75),1,needs_review,calendar_year,1,,False
cod_accidental_suffocation_and_strangulation_in_bed,1.0,1.0,,none,South Dakota,2020,All,False,False,"Causes of Death, 2015-2024",6,count,excl_infant,cod_selected,2015-2024,,https://doh.sd.gov/media/iy5ld42w/cause-of-death-2015-2024-new.pdf,,fixture_text_capture,Accidental suffocation and strangulation in bed (W75),1,needs_review,calendar_year,1,,False
cod_accidental_suffocation_and_strangulation_in_bed,1.0,1.0,,none,South Dakota,2021,All,False,False,"Causes of Death, 2015-2024",6,count,excl_infant,cod_selected,2015-2024,,https://doh.sd.gov/media/iy5ld42w/cause-of-death-2015-2024-new.pdf,,fixture_text_capture,Accidental suffocation and strangulation in bed (W75),1,needs_review,calendar_year,1,,False
cod_accidental_suffocation_and_strangulation_in_bed,0.0,0.0,,none,South Dakota,2022,All,False,False,"Causes of Death, 2015-2024",6,count,excl_infant,cod_selected,2015-2024,,https://doh.sd.gov/media/iy5ld42w/cause-of-death-2015-2024-new.pdf,,fixture_text_capture,Accidental suffocation and strangulation in bed (W75),0,needs_review,calendar_year,1,,False
cod_accidental_suffocation_and_strangulation_in_bed,0.0,0.0,,none,South Dakota,2023,All,False,False,"Causes of Death, 2015-2024",6,count,excl_infant,cod_selected,2015-2024,,https://doh.sd.gov/media/iy5ld42w/cause-of-death-2015-2024-new.pdf,,fixture_text_capture,Accidental suffocation and strangulation in bed (W75),0,needs_review,calendar_year,1,,False
cod_accidental_suffocation_and_strangulation_in_bed,3.0,3.0,,none,South Dakota,2024,All,False,False,"Causes of Death, 2015-2024",6,count,excl_infant,cod_selected,2015-2024,,https://doh.sd.gov/media/iy5ld42w/cause-of-death-2015-2024-new.pdf,,fixture_text_capture,Accidental suffocation and strangulation in bed (W75),3,needs_review,calendar_year,1,,False
cod_acidosis,3.0,3.0,,none,South Dakota,2014,All,False,False,"Causes of Death, 2014-2023",0,count,excl_infant,cod_selected,2014-2023,,https://doh.sd.gov/media/g0rf2ewb/sd-cause-of-death-2014-2023.pdf,,fixture_text_capture,Acidosis (E87.2),3,needs_review,calendar_year,1,,False
cod_acidosis,46.0,46.0,,none,South Dakota,2014-2023,All,False,False,"Causes of Death, 2014-2023",0,count,excl_infant,cod_selected,2014-2023,,https://doh.sd.gov/media/g0rf2ewb/sd-cause-of-death-2014-2023.pdf,,fixture_text_capture,Acidosis (E87.2),46,needs_review,multi_year_total,1,,False
cod_acidosis,3.0,3.0,,none,South Dakota,2015,All,False,False,"Causes of Death, 2015-2024",4,count,excl_infant,cod_selected,2015-2024,,https://doh.sd.gov/media/iy5ld42w/cause-of-death-2015-2024-new.pdf,,fixture_text_capture,Acidosis (E87.2),3,needs_review,calendar_year,2,selected 1 of 2 source rows,False
cod_acidosis,48.0,48.0,,none,South Dakota,2015-2024,All,False,False,"Causes of Death, 2015-2024",4,count,excl_infant,cod_selected,2015-2024,,https://doh.sd.gov/media/iy5ld42w/cause-of-death-2015-2024-new.pdf,,fixture_text_capture,Acidosis (E87.2),48,needs_review,multi_year_total,1,,False
cod_acidosis,4.0,4.0,,none,South Dakota,2016,All,False,False,"Causes of Death, 2015-2024",4,count,excl_infant,cod_selected,2015-2024,,https://doh.sd.gov/media/iy5ld42w/cause-of-death-2015-2024-new.pdf,,fixture_text_capture,Acidosis (E87.2),4,needs_review,calendar_year,2,selected 1 of 2 source rows,False
cod_acidosis,2.0,2.0,,none,South Dakota,2017,All,False,False,"Causes of Death, 2015-2024",4,count,excl_infant,cod_selected,2015-2024,,https://doh.sd.gov/media/iy5ld42w/cause-of-death-2015-2024-new.pdf,,fixture_text_capture,Acidosis (E87.2),2,needs_review,calendar_year,2,selected 1 of 2 source rows,False
cod_acidosis,8.0,8.0,,none,South Dakota,2018,All,False,False,"Causes of Death, 2015-2024",4,count,excl_infant,cod_selected,2015-2024,,https://doh.sd.gov/media/iy5ld42w/cause-of-death-2015-2024-new.pdf,,fixture_text_capture,Acidosis (E87.2),8,needs_review,calendar_year,2,selected 1 of 2 source rows,False
cod_acidosis,6.0,6.0,,none,South Dakota,2019,All,False,False,"Causes of Death, 2015-2024",4,count,excl_infant,cod_selected,2015-2024,,https://doh.sd.gov/media/iy5ld42w/cause-of-death-2015-2024-new.pdf,,fixture_text_capture,Acidosis (E87.2),6,needs_review,calendar_year,2,selected 1 of 2 source rows,False
cod_acidosis,0.0,0.0,,none,South Dakota,2020,All,False,False,"Causes of Death, 2015-2024",4,count,excl_infant,cod_selected,2015-2024,,https://doh.sd.gov/media/iy5ld42w/cause-of-death-2015-2024-new.pdf,,fixture_text_capture,Acidosis (E87.2),0,needs_review,calendar_year,2,selected 1 of 2 source rows,False
cod_acidosis,11.0,11.0,,none,South Dakota,2021,All,False,False,"Causes of Death, 2015-2024",4,count,excl_infant,cod_selected,2015-2024,,https://doh.sd.gov/media/iy5ld42w/cause-of-death-2015-2024-new.pdf,,fixture_text_capture,Acidosis (E87.2),11,needs_review,calendar_year,2,selected 1 of 2 source rows,False
cod_acidosis,2.0,2.0,,none,South Dakota,2022,All,False,False,"Causes of Death, 2015-2024",4,count,excl_infant,cod_selected,2015-2024,,https://doh.sd.gov/media/iy5ld42w/cause-of-death-2015-2024-new.pdf,,fixture_text_capture,Acidosis (E87.2),2,needs_review,calendar_year,2,selected 1 of 2 source rows,False
cod_acidosis,7.0,7.0,,none,South Dakota,2023,All,False,False,"Causes of Death, 2015-2024",4,count,excl_infant,cod_selected,2015-2024,,https://doh.sd.gov/media/iy5ld42w/cause-of-death-2015-2024-new.pdf,,fixture_text_capture,Acidosis (E87.2),7,needs_review,calendar_year,2,selected 1 of 2 source rows,False
cod_acidosis,5.0,5.0,,none,South Dakota,2024,All,False,False,"Causes of Death, 2015-2024",4,count,excl_infant,cod_selected,2015-2024,,https://doh.sd.gov/media/iy5ld42w/cause-of-death-2015-2024-new.pdf,,fixture_text_capture,Acidosis (E87.2),5,needs_review,calendar_year,1,,False
cod_acute_bronchitis_and_bronchiolitis,0.0,0.0,,none,South Dakota,2014,All,False,False,"Causes of Death, 2014-2023",0,count,excl_infant,cod_selected,2014-2023,,https://doh.sd.gov/media/g0rf2ewb/sd-cause-of-death-2014-2023.pdf,,fixture_text_capture,Acute bronchitis and bronchiolitis (J20-J21),0,needs_review,calendar_year,1,,False
cod_acute_bronchitis_and_bronchiolitis,14.0,14.0,,none,South Dakota,2014-2023,All,False,False,"Causes of Death, 2014-2023",0,count,excl_infant,cod_selected,2014-2023,,https://doh.sd.gov/media/g0rf2ewb/sd-cause-of-death-2014-2023.pdf,,fixture_text_capture,Acute bronchitis and bronchiolitis (J20-J21),14,needs_review,multi_year_total,1,,False
cod_acute_bronchitis_and_bronchiolitis,3.0,3.0,,none,South Dakota,2015,All,False,False,"Causes of Death, 2015-2024",6,count,excl_infant,cod_selected,2015-2024,,https://doh.sd.gov/media/iy5ld42w/cause-of-death-2015-2024-new.pdf,,fixture_text_capture,Acute bronchitis and bronchiolitis (J20-J21),3,needs_review,calendar_year,2,selected 1 of 2 source rows,False
cod_acute_bronchitis_and_bronchiolitis,14.0,14.0,,none,South Dakota,2015-2024,All,False,False,"Causes of Death, 2015-2024",6,count,excl_infant,cod_selected,2015-2024,,https://doh.sd.gov/media/iy5ld42w/cause-of-death-2015-2024-new.pdf,,fixture_text_capture,Acute bronchitis and bronchiolitis (J20-J21),14,needs_review,multi_year_total,1,,False
cod_acute_bronchitis_and_bronchiolitis,1.0,1.0,,none,South Dakota,2016,All,False,False,"Causes of Death, 2015-2024",6,count,excl_infant,cod_selected,2015-2024,,https://doh.sd.gov/media/iy5ld42w/cause-of-death-2015-2024-new.pdf,,fixture_text_capture,Acute bronchitis and bronchiolitis (J20-J21),1,needs_review,calendar_year,2,selected 1 of 2 source rows,False
cod_acute_bronchitis_and_bronchiolitis,1.0,1.0,,none,South Dakota,2017,All,False,False,"Causes of Death, 2015-2024",6,count,excl_infant,cod_selected,2015-2024,,https://doh.sd.gov/media/iy5ld42w/cause-of-death-2015-2024-new.pdf,,fixture_text_capture,Acute bronchitis and bronchiolitis (J20-J21),1,needs_review,calendar_year,2,selected 1 of 2 source rows,False
cod_acute_bronchitis_and_bronchiolitis,0.0,0.0,,none,South Dakota,2018,All,False,False,"Causes of Death, 2015-2024",6,count,excl_infant,cod_selected,2015-2024,,https://doh.sd.gov/media/iy5ld42w/cause-of-death-2015-2024-new.pdf,,fixture_text_capture,Acute bronchitis and bronchiolitis (J20-J21),0,needs_review,calendar_year,2,selected 1 of 2 source rows,False
cod_acute_bronchitis_and_bronchiolitis,2.0,2.0,,none,South Dakota,2019,All,False,False,"Causes of Death, 2015-2024",6,count,excl_infant,cod_selected,2015-2024,,https://doh.sd.gov/media/iy5ld42w/cause-of-death-2015-2024-new.pdf,,fixture_text_capture,Acute bronchitis and bronchiolitis (J20-J21),2,needs_review,calendar_year,2,selected 1 of 2 source rows,False
cod_acute_bronchitis_and_bronchiolitis,3.0,3.0,,none,South Dakota,2020,All,False,False,"Causes of Death, 2015-2024",6,count,excl_infant,cod_selected,2015-2024,,https://doh.sd.gov/media/iy5ld42w/cause-of-death-2015-2024-new.pdf,,fixture_text_capture,Acute bronchitis and bronchiolitis (J20-J21),3,needs_review,calendar_year,2,selected 1 of 2 source rows,False
cod_acute_bronchitis_and_bronchiolitis,1.0,1.0,,none,South Dakota,2021,All,False,False,"Causes of Death, 2015-2024",6,count,excl_infant,cod_selected,2015-2024,,https://doh.sd.gov/media/iy5ld42w/cause-of-death-2015-2024-new.pdf,,fixture_text_capture,Acute bronchitis and bronchiolitis (J20-J21),1,needs_review,calendar_year,2,selected 1 of 2 source rows,False
cod_acute_bronchitis_and_bronchiolitis,3.0,3.0,,none,South Dakota,2022,All,False,False,"Causes of Death, 2015-2024",6,count,excl_infant,cod_selected,2015-2024,,https://doh.sd.gov/media/iy5ld42w/cause-of-death-2015-2024-new.pdf,,fixture_text_capture,Acute bronchitis and bronchiolitis (J20-J21),3,needs_review,calendar_year,2,selected 1 of 2 source rows,False
cod_acute_bronchitis_and_bronchiolitis,0.0,0.0,,none,South Dakota,2023,All,False,False,"Causes of Death, 2015-2024",6,count,excl_infant,cod_selected,2015-2024,,https://doh.sd.gov/media/iy5ld42w/cause-of-death-2015-2024-new.pdf,,fixture_text_capture,Acute bronchitis and bronchiolitis (J20-J21),0,needs_review,calendar_year,2,selected 1 of 2 source rows,False
cod_acute_bronchitis_and_bronchiolitis,0.0,0.0,,none,South Dakota,2024,All,False,False,"Causes of Death, 2015-2024",6,count,excl_infant,cod_selected,2015-2024,,https://doh.sd.gov/media/iy5ld42w/cause-of-death-2015-2024-new.pdf,,fixture_text_capture,Acute bronchitis and bronchiolitis (J20-J21),0,needs_review,calendar_year,1,,False
cod_acute_pancreatitis,9.0,9.0,,none,South Dakota,2014,All,False,False,"Causes of Death, 2014-2023",0,count,excl_infant,cod_selected,2014-2023,,https://doh.sd.gov/media/g0rf2ewb/sd-cause-of-death-2014-2023.pdf,,fixture_text_capture,Acute pancreatitis (K85),9,needs_review,calendar_year,1,,False
cod_acute_pancreatitis,100.0,100.0,,none,South Dakota,2014-2023,All,False,False,"Causes of Death, 2014-2023",0,count,excl_infant,cod_selected,2014-2023,,https://doh.sd.gov/media/g0rf2ewb/sd-cause-of-death-2014-2023.pdf,,fixture_text_capture,Acute pancreatitis (K85),100,needs_review,multi_year_total,1,,False
cod_acute_pancreatitis,7.0,7.0,,none,South Dakota,2015,All,False,False,"Causes of Death, 2015-2024",3,count,excl_infant,cod_selected,2015-2024,,https://doh.sd.gov/media/iy5ld42w/cause-of-death-2015-2024-new.pdf,,fixture_text_capture,Acute pancreatitis (K85),7,needs_review,calendar_year,2,selected 1 of 2 source rows,False
cod_acute_pancreatitis,100.0,100.0,,none,South Dakota,2015-2024,All,False,False,"Causes of Death, 2015-2024",3,count,excl_infant,cod_selected,2015-2024,,https://doh.sd.gov/media/iy5ld42w/cause-of-death-2015-2024-new.pdf,,fixture_text_capture,Acute pancreatitis (K85),100,needs_review,multi_year_total,1,,False
cod_acute_pancreatitis,10.0,10.0,,none,South Dakota,2016,All,False,False,"Causes of Death, 2015-2024",3,count,excl_infant,cod_selected,2015-2024,,https://doh.sd.gov/media/iy5ld42w/cause-of-death-2015-2024-new.pdf,,fixture_text_capture,Acute pancreatitis (K85),10,needs_review,calendar_year,2,selected 1 of 2 source rows,False
cod_acute_pancreatitis,10.0,10.0,,none,South Dakota,2017,All,False,False,"Causes of Death, 2015-2024",3,count,excl_infant,cod_selected,2015-2024,,https://doh.sd.gov/media/iy5ld42w/cause-of-death-2015-2024-new.pdf,,fixture_text_capture,Acute pancreatitis (K85),10,needs_review,calendar_year,2,selected 1 of 2 source rows,False
cod_acute_pancreatitis,8.0,8.0,,none,South Dakota,2018,All,False,False,"Causes of Death, 2015-2024",3,count,excl_infant,cod_selected,2015-2024,,https://doh.sd.gov/media/iy5ld42w/cause-of-death-2015-2024-new.pdf,,fixture_text_capture,Acute pancreatitis (K85),8,needs_review,calendar_year,2,selected 1 of 2 source rows,False
cod_acute_pancreatitis,14.0,14.0,,none,South Dakota,2019,All,False,False,"Causes of Death, 2015-2024",3,count,excl_infant,cod_selected,2015-2024,,https://doh.sd.gov/media/iy5ld42w/cause-of-death-2015-2024-new.pdf,,fixture_text_capture,Acute pancreatitis (K85),14,needs_review,calendar_year,2,selected 1 of 2 source rows,False
cod_acute_pancreatitis,7.0,7.0,,none,South Dakota,2020,All,False,False,"Causes of Death, 2015-2024",3,count,excl_infant,cod_selected,2015-2024,,https://doh.sd.gov/media/iy5ld42w/cause-of-death-2015-2024-new.pdf,,fixture_text_capture,Acute pancreatitis (K85),7,needs_review,calendar_year,2,selected 1 of 2 source rows,False
cod_acute_pancreatitis,10.0,10.0,,none,South Dakota,2021,All,False,False,"Causes of Death, 2015-2024",3,count,excl_infant,cod_selected,2015-2024,,https://doh.sd.gov/media/iy5ld42w/cause-of-death-2015-2024-new.pdf,,fixture_text_capture,Acute pancreatitis (K85),10,needs_review,calendar_year,2,selected 1 of 2 source rows,False
cod_acute_pancreatitis,14.0,14.0,,none,South Dakota,2022,All,False,False,"Causes of Death, 2015-2024",3,count,excl_infant,cod_selected,2015-2024,,https://doh.sd.gov/media/iy5ld42w/cause-of-death-2015-2024-new.pdf,,fixture_text_capture,Acute pancreatitis (K85),14,needs_review,calendar_year,2,selected 1 of 2 source rows,False
cod_acute_pancreatitis,11.0,11.0,,none,South Dakota,2023,All,False,False,"Causes of Death, 2015-2024",3,count,excl_infant,cod_selected,2015-2024,,https://doh.sd.gov/media/iy5ld42w/cause-of-death-2015-2024-new.pdf,,fixture_text_capture,Acute pancreatitis (K85),11,needs_review,calendar_year,2,selected 1 of 2 source rows,False
cod_acute_pancreatitis,9.0,9.0,,none,South Dakota,2024,All,False,False,"Causes of Death, 2015-2024",3,count,excl_infant,cod_selected,2015-2024,,https://doh.sd.gov/media/iy5ld42w/cause-of-death-2015-2024-new.pdf,,fixture_text_capture,Acute pancreatitis (K85),9,needs_review,calendar_year,1,,False
cod_acute_upper_respiratory_infections,0.0,0.0,,none,South Dakota,2014,All,False,False,"Causes of Death, 2014-2023",0,count,excl_infant,cod_selected,2014-2023,,https://doh.sd.gov/media/g0rf2ewb/sd-cause-of-death-2014-2023.pdf,,fixture_text_capture,Acute upper respiratory infections (J00-J06),0,needs_review,calendar_year,1,,False
cod_acute_upper_respiratory_infections,12.0,12.0,,none,South Dakota,2014-2023,All,False,False,"Causes of Death, 2014-2023",0,count,excl_infant,cod_selected,2014-2023,,https://doh.sd.gov/media/g0rf2ewb/sd-cause-of-death-2014-2023.pdf,,fixture_text_capture,Acute upper respiratory infections (J00-J06),12,needs_review,multi_year_total,1,,False
cod_acute_upper_respiratory_infections,0.0,0.0,,none,South Dakota,2015,All,False,False,"Causes of Death, 2015-2024",6,count,excl_infant,cod_selected,2015-2024,,https://doh.sd.gov/media/iy5ld42w/cause-of-death-2015-2024-new.pdf,,fixture_text_capture,Acute upper respiratory infections (J00-J06),0,needs_review,calendar_year,2,selected 1 of 2 source rows,False
cod_acute_upper_respiratory_infections,13.0,13.0,,none,South Dakota,2015-2024,All,False,False,"Causes of Death, 2015-2024",6,count,excl_infant,cod_selected,2015-2024,,https://doh.sd.gov/media/iy5ld42w/cause-of-death-2015-2024-new.pdf,,fixture_text_capture,Acute upper respiratory infections (J00-J06),13,needs_review,multi_year_total,1,,False
cod_acute_upper_respiratory_infections,4.0,4.0,,none,South Dakota,2016,All,False,False,"Causes of Death, 2015-2024",6,count,excl_infant,cod_selected,2015-2024,,https://doh.sd.gov/media/iy5ld42w/cause-of-death-2015-2024-new.pdf,,fixture_text_capture,Acute upper respiratory infections (J00-J06),4,needs_review,calendar_year,2,selected 1 of 2 source rows,False
cod_acute_upper_respiratory_infections,1.0,1.0,,none,South Dakota,2017,All,False,False,"Causes of Death, 2015-2024",6,count,excl_infant,cod_selected,2015-2024,,https://doh.sd.gov/media/iy5ld42w/cause-of-death-2015-2024-new.pdf,,fixture_text_capture,Acute upper respiratory infections (J00-J06),1,needs_review,calendar_year,2,selected 1 of 2 source rows,False
cod_acute_upper_respiratory_infections,0.0,0.0,,none,South Dakota,2018,All,False,False,"Causes of Death, 2015-2024",6,count,excl_infant,cod_selected,2015-2024,,https://doh.sd.gov/media/iy5ld42w/cause-of-death-2015-2024-new.pdf,,fixture_text_capture,Acute upper respiratory infections (J00-J06),0,needs_review,calendar_year,2,selected 1 of 2 source rows,False
cod_acute_upper_respiratory_infections,2.0,2.0,,none,South Dakota,2019,All,False,False,"Causes of Death, 2015-2024",6,count,excl_infant,cod_selected,2015-2024,,https://doh.sd.gov/media/iy5ld42w/cause-of-death-2015-2024-new.pdf,,fixture_text_capture,Acute upper respiratory infections (J00-J06),2,needs_review,calendar_year,2,selected 1 of 2 source rows,False
cod_acute_upper_respiratory_infections,2.0,2.0,,none,South Dakota,2020,All,False,False,"Causes of Death, 2015-2024",6,count,excl_infant,cod_selected,2015-2024,,https://doh.sd.gov/media/iy5ld42w/cause-of-death-2015-2024-new.pdf,,fixture_text_capture,Acute upper respiratory infections (J00-J06),2,needs_review,calendar_year,2,selected 1 of 2 source rows,False
cod_acute_upper_respiratory_infections,0.0,0.0,,none,South Dakota,2021,All,False,False,"Causes of Death, 2015-2024",6,count,excl_infant,cod_selected,2015-2024,,https://doh.sd.gov/media/iy5ld42w/cause-of-death-2015-2024-new.pdf,,fixture_text_capture,Acute upper respiratory infections (J00-J06),0,needs_review,calendar_year,2,selected 1 of 2 source rows,False
cod_acute_upper_respiratory_infections,2.0,2.0,,none,South Dakota,2022,All,False,False,"Causes of Death, 2015-2024",6,count,excl_infant,cod_selected,2015-2024,,https://doh.sd.gov/media/iy5ld42w/cause-of-death-2015-2024-new.pdf,,fixture_text_capture,Acute upper respiratory infections (J00-J06),2,needs_review,calendar_year,2,selected 1 of 2 source rows,False
cod_acute_upper_respiratory_infections,1.0,1.0,,none,South Dakota,2023,All,False,False,"Causes of Death, 2015-2024",6,count,excl_infant,cod_selected,2015-2024,,https://doh.sd.gov/media/iy5ld42w/cause-of-death-2015-2024-new.pdf,,fixture_text_capture,Acute upper respiratory infections (J00-J06),1,needs_review,calendar_year,2,selected 1 of 2 source rows,False
cod_acute_upper_respiratory_infections,1.0,1.0,,none,South Dakota,2024,All,False,False,"Causes of Death, 2015-2024",6,count,excl_infant,cod_selected,2015-2024,,https://doh.sd.gov/media/iy5ld42w/cause-of-death-2015-2024-new.pdf,,fixture_text_capture,Acute upper respiratory infections (J00-J06),1,needs_review,calendar_year,1,,False
cod_aircraft_accidents,5.0,5.0,,none,South Dakota,2014,All,False,False,"Causes of Death, 2014-2023",0,count,excl_infant,cod_selected,2014-2023,,https://doh.sd.gov/media/g0rf2ewb/sd-cause-of-death-2014-2023.pdf,,fixture_text_capture,Aircraft accidents (V95),5,needs_review,calendar_year,1,,False
cod_aircraft_accidents,19.0,19.0,,none,South Dakota,2014-2023,All,False,False,"Causes of Death, 2014-2023",0,count,excl_infant,cod_selected,2014-2023,,https://doh.sd.gov/media/g0rf2ewb/sd-cause-of-death-2014-2023.pdf,,fixture_text_capture,Aircraft accidents (V95),19,needs_review,multi_year_total,1,,False
cod_aircraft_accidents,1.0,1.0,,none,South Dakota,2015,All,False,False,"Causes of Death, 2015-2024",5,count,excl_infant,cod_selected,2015-2024,,https://doh.sd.gov/media/iy5ld42w/cause-of-death-2015-2024-new.pdf,,fixture_text_capture,Aircraft accidents (V95),1,needs_review,calendar_year,2,selected 1 of 2 source rows,False
cod_aircraft_accidents,15.0,15.0,,none,South Dakota,2015-2024,All,False,False,"Causes of Death, 2015-2024",5,count,excl_infant,cod_selected,2015-2024,,https://doh.sd.gov/media/iy5ld42w/cause-of-death-2015-2024-new.pdf,,fixture_text_capture,Aircraft accidents (V95),15,needs_review,multi_year_total,1,,False
cod_aircraft_accidents,3.0,3.0,,none,South Dakota,2016,All,False,False,"Causes of Death, 2015-2024",5,count,excl_infant,cod_selected,2015-2024,,https://doh.sd.gov/media/iy5ld42w/cause-of-death-2015-2024-new.pdf,,fixture_text_capture,Aircraft accidents (V95),3,needs_review,calendar_year,2,selected 1 of 2 source rows,False
cod_aircraft_accidents,1.0,1.0,,none,South Dakota,2017,All,False,False,"Causes of Death, 2015-2024",5,count,excl_infant,cod_selected,2015-2024,,https://doh.sd.gov/media/iy5ld42w/cause-of-death-2015-2024-new.pdf,,fixture_text_capture,Aircraft accidents (V95),1,needs_review,calendar_year,2,selected 1 of 2 source rows,False
cod_aircraft_accidents,3.0,3.0,,none,South Dakota,2018,All,False,False,"Causes of Death, 2015-2024",5,count,excl_infant,cod_selected,2015-2024,,https://doh.sd.gov/media/iy5ld42w/cause-of-death-2015-2024-new.pdf,,fixture_text_capture,Aircraft accidents (V95),3,needs_review,calendar_year,2,selected 1 of 2 source rows,False
cod_aircraft_accidents,2.0,2.0,,none,South Dakota,2019,All,False,False,"Causes of Death, 2015-2024",5,count,excl_infant,cod_selected,2015-2024,,https://doh.sd.gov/media/iy5ld42w/cause-of-death-2015-2024-new.pdf,,fixture_text_capture,Aircraft accidents (V95),2,needs_review,calendar_year,2,selected 1 of 2 source rows,False
cod_aircraft_accidents,2.0,2.0,,none,South Dakota,2020,All,False,False,"Causes of Death, 2015-2024",5,count,excl_infant,cod_selected,2015-2024,,https://doh.sd.gov/media/iy5ld42w/cause-of-death-2015-2024-new.pdf,,fixture_text_capture,Aircraft accidents (V95),2,needs_review,calendar_year,2,selected 1 of 2 source rows,False
cod_aircraft_accidents,0.0,0.0,,none,South Dakota,2021,All,False,False,"Causes of Death, 2015-2024",5,count,excl_infant,cod_selected,2015-2024,,https://doh.sd.gov/media/iy5ld42w/cause-of-death-2015-2024-new.pdf,,fixture_text_capture,Aircraft accidents (V95),0,needs_review,calendar_year,2,selected 1 of 2 source rows,False
cod_aircraft_accidents,2.0,2.0,,none,South Dakota,2022,All,False,False,"Causes of Death, 2015-2024",5,count,excl_infant,cod_selected,2015-2024,,https://doh.sd.gov/media/iy5ld42w/cause-of-death-2015-2024-new.pdf,,fixture_text_capture,Aircraft accidents (V95),2,needs_review,calendar_year,2,selected 1 of 2 source rows,False
cod_aircraft_accidents,0.0,0.0,,none,South Dakota,2023,All,False,False,"Causes of Death, 2015-2024",5,count,excl_infant,cod_selected,2015-2024,,https://doh.sd.gov/media/iy5ld42w/cause-of-death-2015-2024-new.pdf,,fixture_text_capture,Aircraft accidents (V95),0,needs_review,calendar_year,2,selected 1 of 2 source rows,False
cod_aircraft_accidents,1.0,1.0,,none,South Dakota,2024,All,False,False,"Causes of Death, 2015-2024",5,count,excl_infant,cod_selected,2015-2024,,https://doh.sd.gov/media/iy5ld42w/cause-of-death-2015-2024-new.pdf,,fixture_text_capture,Aircraft accidents (V95),1,needs_review,calendar_year,1,,False
cod_amyloidosis,5.0,5.0,,none,South Dakota,2014,All,False,False,"Causes of Death, 2014-2023",0,count,excl_infant,cod_selected,2014-2023,,https://doh.sd.gov/media/g0rf2ewb/sd-cause-of-death-2014-2023.pdf,,fixture_text_capture,Amyloidosis (E85),5,needs_review,calendar_year,1,,False
cod_amyloidosis,77.0,77.0,,none,South Dakota,2014-2023,All,False,False,"Causes of Death, 2014-2023",0,count,excl_infant,cod_selected,2014-2023,,https://doh.sd.gov/media/g0rf2ewb/sd-cause-of-death-2014-2023.pdf,,fixture_text_capture,Amyloidosis (E85),77,needs_review,multi_year_total,1,,False
cod_amyloidosis,5.0,5.0,,none,South Dakota,2015,All,False,False,"Causes of Death, 2015-2024",3,count,excl_infant,cod_selected,2015-2024,,https://doh.sd.gov/media/iy5ld42w/cause-of-death-2015-2024-new.pdf,,fixture_text_capture,Amyloidosis (E85),5,needs_review,calendar_year,2,selected 1 of 2 source rows,False
cod_amyloidosis,80.0,80.0,,none,South Dakota,2015-2024,All,False,False,"Causes of Death, 2015-2024",3,count,excl_infant,cod_selected,2015-2024,,https://doh.sd.gov/media/iy5ld42w/cause-of-death-2015-2024-new.pdf,,fixture_text_capture,Amyloidosis (E85),80,needs_review,multi_year_total,1,,False
cod_amyloidosis,8.0,8.0,,none,South Dakota,2016,All,False,False,"Causes of Death, 2015-2024",3,count,excl_infant,cod_selected,2015-2024,,https://doh.sd.gov/media/iy5ld42w/cause-of-death-2015-2024-new.pdf,,fixture_text_capture,Amyloidosis (E85),8,needs_review,calendar_year,2,selected 1 of 2 source rows,False
cod_amyloidosis,2.0,2.0,,none,South Dakota,2017,All,False,False,"Causes of Death, 2015-2024",3,count,excl_infant,cod_selected,2015-2024,,https://doh.sd.gov/media/iy5ld42w/cause-of-death-2015-2024-new.pdf,,fixture_text_capture,Amyloidosis (E85),2,needs_review,calendar_year,2,selected 1 of 2 source rows,False
cod_amyloidosis,7.0,7.0,,none,South Dakota,2018,All,False,False,"Causes of Death, 2015-2024",3,count,excl_infant,cod_selected,2015-2024,,https://doh.sd.gov/media/iy5ld42w/cause-of-death-2015-2024-new.pdf,,fixture_text_capture,Amyloidosis (E85),7,needs_review,calendar_year,2,selected 1 of 2 source rows,False
cod_amyloidosis,6.0,6.0,,none,South Dakota,2019,All,False,False,"Causes of Death, 2015-2024",3,count,excl_infant,cod_selected,2015-2024,,https://doh.sd.gov/media/iy5ld42w/cause-of-death-2015-2024-new.pdf,,fixture_text_capture,Amyloidosis (E85),6,needs_review,calendar_year,2,selected 1 of 2 source rows,False
cod_amyloidosis,12.0,12.0,,none,South Dakota,2020,All,False,False,"Causes of Death, 2015-2024",3,count,excl_infant,cod_selected,2015-2024,,https://doh.sd.gov/media/iy5ld42w/cause-of-death-2015-2024-new.pdf,,fixture_text_capture,Amyloidosis (E85),12,needs_review,calendar_year,2,selected 1 of 2 source rows,False
cod_amyloidosis,6.0,6.0,,none,South Dakota,2021,All,False,False,"Causes of Death, 2015-2024",3,count,excl_infant,cod_selected,2015-2024,,https://doh.sd.gov/media/iy5ld42w/cause-of-death-2015-2024-new.pdf,,fixture_text_capture,Amyloidosis (E85),6,needs_review,calendar_year,2,selected 1 of 2 source rows,False
cod_amyloidosis,16.0,16.0,,none,South Dakota,2022,All,False,False,"Causes of Death, 2015-2024",3,count,excl_infant,cod_selected,2015-2024,,https://doh.sd.gov/media/iy5ld42w/cause-of-death-2015-2024-new.pdf,,fixture_text_capture,Amyloidosis (E85),16,needs_review,calendar_year,2,selected 1 of 2 source rows,False
cod_amyloidosis,10.0,10.0,,none,South Dakota,2023,All,False,False,"Causes of Death, 2015-2024",3,count,excl_infant,cod_selected,2015-2024,,https://doh.sd.gov/media/iy5ld42w/cause-of-death-2015-2024-new.pdf,,fixture_text_capture,Amyloidosis (E85),10,needs_review,calendar_year,2,selected 1 of 2 source rows,False
cod_amyloidosis,8.0,8.0,,none,South Dakota,2024,All,False,False,"Causes of Death, 2015-2024",3,count,excl_infant,cod_selected,2015-2024,,https://doh.sd.gov/media/iy5ld42w/cause-of-death-2015-2024-new.pdf,,fixture_text_capture,Amyloidosis (E85),8,needs_review,calendar_year,1,,False
cod_amyotrophic_lateral_sclerosis_als,17.0,17.0,,none,South Dakota,2014,All,False,False,"Causes of Death, 2014-2023",0,count,excl_infant,cod_selected,2014-2023,,https://doh.sd.gov/media/g0rf2ewb/sd-cause-of-death-2014-2023.pdf,,fixture_text_capture,Amyotrophic lateral sclerosis (ALS) (G12.2),17,needs_review,calendar_year,1,,False
cod_amyotrophic_lateral_sclerosis_als,226.0,226.0,,none,South Dakota,2014-2023,All,False,False,"Causes of Death, 2014-2023",0,count,excl_infant,cod_selected,2014-2023,,https://doh.sd.gov/media/g0rf2ewb/sd-cause-of-death-2014-2023.pdf,,fixture_text_capture,Amyotrophic lateral sclerosis (ALS) (G12.2),226,needs_review,multi_year_total,1,,False
cod_amyotrophic_lateral_sclerosis_als,23.0,23.0,,none,South Dakota,2015,All,False,False,"Causes of Death, 2015-2024",2,count,excl_infant,cod_selected,2015-2024,,https://doh.sd.gov/media/iy5ld42w/cause-of-death-2015-2024-new.pdf,,fixture_text_capture,Amyotrophic lateral sclerosis (ALS) (G12.2),23,needs_review,calendar_year,2,selected 1 of 2 source rows,False
cod_amyotrophic_lateral_sclerosis_als,235.0,235.0,,none,South Dakota,2015-2024,All,False,False,"Causes of Death, 2015-2024",2,count,excl_infant,cod_selected,2015-2024,,https://doh.sd.gov/media/iy5ld42w/cause-of-death-2015-2024-new.pdf,,fixture_text_capture,Amyotrophic lateral sclerosis (ALS) (G12.2),235,needs_review,multi_year_total,1,,False
cod_amyotrophic_lateral_sclerosis_als,29.0,29.0,,none,South Dakota,2016,All,False,False,"Causes of Death, 2015-2024",2,count,excl_infant,cod_selected,2015-2024,,https://doh.sd.gov/media/iy5ld42w/cause-of-death-2015-2024-new.pdf,,fixture_text_capture,Amyotrophic lateral sclerosis (ALS) (G12.2),29,needs_review,calendar_year,2,selected 1 of 2 source rows,False
cod_amyotrophic_lateral_sclerosis_als,23.0,23.0,,none,South Dakota,2017,All,False,False,"Causes of Death, 2015-2024",2,count,excl_infant,cod_selected,2015-2024,,https://doh.sd.gov/media/iy5ld42w/cause-of-death-2015-2024-new.pdf,,fixture_text_capture,Amyotrophic lateral sclerosis (ALS) (G12.2),23,needs_review,calendar_year,2,selected 1 of 2 source rows,False
cod_amyotrophic_lateral_sclerosis_als,21.0,21.0,,none,South Dakota,2018,All,False,False,"Causes of Death, 2015-2024",2,count,excl_infant,cod_selected,2015-2024,,https://doh.sd.gov/media/iy5ld42w/cause-of-death-2015-2024-new.pdf,,fixture_text_capture,Amyotrophic lateral sclerosis (ALS) (G12.2),21,needs_review,calendar_year,2,selected 1 of 2 source rows,False
cod_amyotrophic_lateral_sclerosis_als,18.0,18.0,,none,South Dakota,2019,All,False,False,"Causes of Death, 2015-2024",2,count,excl_infant,cod_selected,2015-2024,,https://doh.sd.gov/media/iy5ld42w/cause-of-death-2015-2024-new.pdf,,fixture_text_capture,Amyotrophic lateral sclerosis (ALS) (G12.2),18,needs_review,calendar_year,2,selected 1 of 2 source rows,False
cod_amyotrophic_lateral_sclerosis_als,18.0,18.0,,none,South Dakota,2020,All,False,False,"Causes of Death, 2015-2024",2,count,excl_infant,cod_selected,2015-2024,,https://doh.sd.gov/media/iy5ld42w/cause-of-death-2015-2024-new.pdf,,fixture_text_capture,Amyotrophic lateral sclerosis (ALS) (G12.2),18,needs_review,calendar_year,2,selected 1 of 2 source rows,False
cod_amyotrophic_lateral_sclerosis_als,27.0,27.0,,none,South Dakota,2021,All,False,False,"Causes of Death, 2015-2024",2,count,excl_infant,cod_selected,2015-2024,,https://doh.sd.gov/media/iy5ld42w/cause-of-death-2015-2024-new.pdf,,fixture_text_capture,Amyotrophic lateral sclerosis (ALS) (G12.2),27,needs_review,calendar_year,2,selected 1 of 2 source rows,False
cod_amyotrophic_lateral_sclerosis_als,24.0,24.0,,none,South Dakota,2022,All,False,False,"Causes of Death, 2015-2024",2,count,excl_infant,cod_selected,2015-2024,,https://doh.sd.gov/media/iy5ld42w/cause-of-death-2015-2024-new.pdf,,fixture_text_capture,Amyotrophic lateral sclerosis (ALS) (G12.2),24,needs_review,calendar_year,2,selected 1 of 2 source rows,False
cod_amyotrophic_lateral_sclerosis_als,26.0,26.0,,none,South Dakota,2023,All,False,False,"Causes of Death, 2015-2024",2,count,excl_infant,cod_selected,2015-2024,,https://doh.sd.gov/media/iy5ld42w/cause-of-death-2015-2024-new.pdf,,fixture_text_capture,Amyotrophic lateral sclerosis (ALS) (G12.2),26,needs_review,calendar_year,2,selected 1 of 2 source rows,False
cod_amyotrophic_lateral_sclerosis_als,26.0,26.0,,none,South Dakota,2024,All,False,False,"Causes of Death, 2015-2024",2,count,excl_infant,cod_selected,2015-2024,,https://doh.sd.gov/media/iy5ld42w/cause-of-death-2015-2024-new.pdf,,fixture_text_capture,Amyotrophic lateral sclerosis (ALS) (G12.2),26,needs_review,calendar_year,1,,False
cod_anemia_unspecified,11.0,11.0,,none,South Dakota,2015,All,False,False,"Causes of Death, 2015-2024",3,count,excl_infant,cod_selected,2015-2024,,https://doh.sd.gov/media/iy5ld42w/cause-of-death-2015-2024-new.pdf,,fixture_text_capture,"Anemia, unspecified (D64.9)",11,needs_review,calendar_year,1,,False
cod_anemia_unspecified,69.0,69.0,,none,South Dakota,2015-2024,All,False,False,"Causes of Death, 2015-2024",3,count,excl_infant,cod_selected,2015-2024,,https://doh.sd.gov/media/iy5ld42w/cause-of-death-2015-2024-new.pdf,,fixture_text_capture,"Anemia, unspecified (D64.9)",69,needs_review,multi_year_total,1,,False
cod_anemia_unspecified,6.0,6.0,,none,South Dakota,2016,All,False,False,"Causes of Death, 2015-2024",3,count,excl_infant,cod_selected,2015-2024,,https://doh.sd.gov/media/iy5ld42w/cause-of-death-2015-2024-new.pdf,,fixture_text_capture,"Anemia, unspecified (D64.9)",6,needs_review,calendar_year,1,,False
cod_anemia_unspecified,7.0,7.0,,none,South Dakota,2017,All,False,False,"Causes of Death, 2015-2024",3,count,excl_infant,cod_selected,2015-2024,,https://doh.sd.gov/media/iy5ld42w/cause-of-death-2015-2024-new.pdf,,fixture_text_capture,"Anemia, unspecified (D64.9)",7,needs_review,calendar_year,1,,False
cod_anemia_unspecified,5.0,5.0,,none,South Dakota,2018,All,False,False,"Causes of Death, 2015-2024",3,count,excl_infant,cod_selected,2015-2024,,https://doh.sd.gov/media/iy5ld42w/cause-of-death-2015-2024-new.pdf,,fixture_text_capture,"Anemia, unspecified (D64.9)",5,needs_review,calendar_year,1,,False
cod_anemia_unspecified,6.0,6.0,,none,South Dakota,2019,All,False,False,"Causes of Death, 2015-2024",3,count,excl_infant,cod_selected,2015-2024,,https://doh.sd.gov/media/iy5ld42w/cause-of-death-2015-2024-new.pdf,,fixture_text_capture,"Anemia, unspecified (D64.9)",6,needs_review,calendar_year,1,,False
cod_anemia_unspecified,3.0,3.0,,none,South Dakota,2020,All,False,False,"Causes of Death, 2015-2024",3,count,excl_infant,cod_selected,2015-2024,,https://doh.sd.gov/media/iy5ld42w/cause-of-death-2015-2024-new.pdf,,fixture_text_capture,"Anemia, unspecified (D64.9)",3,needs_review,calendar_year,1,,False
cod_anemia_unspecified,7.0,7.0,,none,South Dakota,2021,All,False,False,"Causes of Death, 2015-2024",3,count,excl_infant,cod_selected,2015-2024,,https://doh.sd.gov/media/iy5ld42w/cause-of-death-2015-2024-new.pdf,,fixture_text_capture,"Anemia, unspecified (D64.9)",7,needs_review,calendar_year,1,,False
cod_anemia_unspecified,7.0,7.0,,none,South Dakota,2022,All,False,False,"Causes of Death, 2015-2024",3,count,excl_infant,cod_selected,2015-2024,,https://doh.sd.gov/media/iy5ld42w/cause-of-death-2015-2024-new.pdf,,fixture_text_capture,"Anemia, unspecified (D64.9)",7,needs_review,calendar_year,1,,False
cod_anemia_unspecified,12.0,12.0,,none,South Dakota,2023,All,False,False,"Causes of Death, 2015-2024",3,count,excl_infant,cod_selected,2015-2024,,https://doh.sd.gov/media/iy5ld42w/cause-of-death-2015-2024-new.pdf,,fixture_text_capture,"Anemia, unspecified (D64.9)",12,needs_review,calendar_year,1,,False
cod_anemia_unspecified,5.0,5.0,,none,South Dakota,2024,All,False,False,"Causes of Death, 2015-2024",3,count,excl_infant,cod_selected,2015-2024,,https://doh.sd.gov/media/iy5ld42w/cause-of-death-2015-2024-new.pdf,,fixture_text_capture,"Anemia, unspecified (D64.9)",5,needs_review,calendar_year,1,,False
cod_aortic_aneurysm_and_dissection,29.0,29.0,,none,South Dakota,2014,All,False,False,"Causes of Death, 2014-2023",0,count,excl_infant,cod_selected,2014-2023,,https://doh.sd.gov/media/g0rf2ewb/sd-cause-of-death-2014-2023.pdf,,fixture_text_capture,Aortic aneurysm and dissection (I71),29,needs_review,calendar_year,1,,False
cod_aortic_aneurysm_and_dissection,339.0,339.0,,none,South Dakota,2014-2023,All,False,False,"Causes of Death, 2014-2023",0,count,excl_infant,cod_selected,2014-2023,,https://doh.sd.gov/media/g0rf2ewb/sd-cause-of-death-2014-2023.pdf,,fixture_text_capture,Aortic aneurysm and dissection (I71),339,needs_review,multi_year_total,1,,False
cod_aortic_aneurysm_and_dissection,39.0,39.0,,none,South Dakota,2015,All,False,False,"Causes of Death, 2015-2024",2,count,excl_infant,cod_selected,2015-2024,,https://doh.sd.gov/media/iy5ld42w/cause-of-death-2015-2024-new.pdf,,fixture_text_capture,Aortic aneurysm and dissection (I71),39,needs_review,calendar_year,2,selected 1 of 2 source rows,False
cod_aortic_aneurysm_and_dissection,340.0,340.0,,none,South Dakota,2015-2024,All,False,False,"Causes of Death, 2015-2024",2,count,excl_infant,cod_selected,2015-2024,,https://doh.sd.gov/media/iy5ld42w/cause-of-death-2015-2024-new.pdf,,fixture_text_capture,Aortic aneurysm and dissection (I71),340,needs_review,multi_year_total,1,,False
cod_aortic_aneurysm_and_dissection,36.0,36.0,,none,South Dakota,2016,All,False,False,"Causes of Death, 2015-2024",2,count,excl_infant,cod_selected,2015-2024,,https://doh.sd.gov/media/iy5ld42w/cause-of-death-2015-2024-new.pdf,,fixture_text_capture,Aortic aneurysm and dissection (I71),36,needs_review,calendar_year,2,selected 1 of 2 source rows,False
cod_aortic_aneurysm_and_dissection,37.0,37.0,,none,South Dakota,2017,All,False,False,"Causes of Death, 2015-2024",2,count,excl_infant,cod_selected,2015-2024,,https://doh.sd.gov/media/iy5ld42w/cause-of-death-2015-2024-new.pdf,,fixture_text_capture,Aortic aneurysm and dissection (I71),37,needs_review,calendar_year,2,selected 1 of 2 source rows,False
cod_aortic_aneurysm_and_dissection,33.0,33.0,,none,South Dakota,2018,All,False,False,"Causes of Death, 2015-2024",2,count,excl_infant,cod_selected,2015-2024,,https://doh.sd.gov/media/iy5ld42w/cause-of-death-2015-2024-new.pdf,,fixture_text_capture,Aortic aneurysm and dissection (I71),33,needs_review,calendar_year,2,selected 1 of 2 source rows,False
cod_aortic_aneurysm_and_dissection,22.0,22.0,,none,South Dakota,2019,All,False,False,"Causes of Death, 2015-2024",2,count,excl_infant,cod_selected,2015-2024,,https://doh.sd.gov/media/iy5ld42w/cause-of-death-2015-2024-new.pdf,,fixture_text_capture,Aortic aneurysm and dissection (I71),22,needs_review,calendar_year,2,selected 1 of 2 source rows,False
cod_aortic_aneurysm_and_dissection,44.0,44.0,,none,South Dakota,2020,All,False,False,"Causes of Death, 2015-2024",2,count,excl_infant,cod_selected,2015-2024,,https://doh.sd.gov/media/iy5ld42w/cause-of-death-2015-2024-new.pdf,,fixture_text_capture,Aortic aneurysm and dissection (I71),44,needs_review,calendar_year,2,selected 1 of 2 source rows,False
cod_aortic_aneurysm_and_dissection,32.0,32.0,,none,South Dakota,2021,All,False,False,"Causes of Death, 2015-2024",2,count,excl_infant,cod_selected,2015-2024,,https://doh.sd.gov/media/iy5ld42w/cause-of-death-2015-2024-new.pdf,,fixture_text_capture,Aortic aneurysm and dissection (I71),32,needs_review,calendar_year,2,selected 1 of 2 source rows,False
cod_aortic_aneurysm_and_dissection,30.0,30.0,,none,South Dakota,2022,All,False,False,"Causes of Death, 2015-2024",2,count,excl_infant,cod_selected,2015-2024,,https://doh.sd.gov/media/iy5ld42w/cause-of-death-2015-2024-new.pdf,,fixture_text_capture,Aortic aneurysm and dissection (I71),30,needs_review,calendar_year,2,selected 1 of 2 source rows,False
cod_aortic_aneurysm_and_dissection,37.0,37.0,,none,South Dakota,2023,All,False,False,"Causes of Death, 2015-2024",2,count,excl_infant,cod_selected,2015-2024,,https://doh.sd.gov/media/iy5ld42w/cause-of-death-2015-2024-new.pdf,,fixture_text_capture,Aortic aneurysm and dissection (I71),37,needs_review,calendar_year,2,selected 1 of 2 source rows,False
cod_aortic_aneurysm_and_dissection,30.0,30.0,,none,South Dakota,2024,All,False,False,"Causes of Death, 2015-2024",2,count,excl_infant,cod_selected,2015-2024,,https://doh.sd.gov/media/iy5ld42w/cause-of-death-2015-2024-new.pdf,,fixture_text_capture,Aortic aneurysm and dissection (I71),30,needs_review,calendar_year,1,,False
cod_arterial_embolism_and_thrombosis,2.0,2.0,,none,South Dakota,2014,All,False,False,"Causes of Death, 2014-2023",0,count,excl_infant,cod_selected,2014-2023,,https://doh.sd.gov/media/g0rf2ewb/sd-cause-of-death-2014-2023.pdf,,fixture_text_capture,Arterial embolism and thrombosis (I74),2,needs_review,calendar_year,1,,False
cod_arterial_embolism_and_thrombosis,26.0,26.0,,none,South Dakota,2014-2023,All,False,False,"Causes of Death, 2014-2023",0,count,excl_infant,cod_selected,2014-2023,,https://doh.sd.gov/media/g0rf2ewb/sd-cause-of-death-2014-2023.pdf,,fixture_text_capture,Arterial embolism and thrombosis (I74),26,needs_review,multi_year_total,1,,False
cod_arterial_embolism_and_thrombosis,1.0,1.0,,none,South Dakota,2015,All,False,False,"Causes of Death, 2015-2024",4,count,excl_infant,cod_selected,2015-2024,,https://doh.sd.gov/media/iy5ld42w/cause-of-death-2015-2024-new.pdf,,fixture_text_capture,Arterial embolism and thrombosis (I74),1,needs_review,calendar_year,2,selected 1 of 2 source rows,False
cod_arterial_embolism_and_thrombosis,29.0,29.0,,none,South Dakota,2015-2024,All,False,False,"Causes of Death, 2015-2024",4,count,excl_infant,cod_selected,2015-2024,,https://doh.sd.gov/media/iy5ld42w/cause-of-death-2015-2024-new.pdf,,fixture_text_capture,Arterial embolism and thrombosis (I74),29,needs_review,multi_year_total,1,,False
cod_arterial_embolism_and_thrombosis,4.0,4.0,,none,South Dakota,2016,All,False,False,"Causes of Death, 2015-2024",4,count,excl_infant,cod_selected,2015-2024,,https://doh.sd.gov/media/iy5ld42w/cause-of-death-2015-2024-new.pdf,,fixture_text_capture,Arterial embolism and thrombosis (I74),4,needs_review,calendar_year,2,selected 1 of 2 source rows,False
cod_arterial_embolism_and_thrombosis,3.0,3.0,,none,South Dakota,2017,All,False,False,"Causes of Death, 2015-2024",4,count,excl_infant,cod_selected,2015-2024,,https://doh.sd.gov/media/iy5ld42w/cause-of-death-2015-2024-new.pdf,,fixture_text_capture,Arterial embolism and thrombosis (I74),3,needs_review,calendar_year,2,selected 1 of 2 source rows,False
cod_arterial_embolism_and_thrombosis,2.0,2.0,,none,South Dakota,2018,All,False,False,"Causes of Death, 2015-2024",4,count,excl_infant,cod_selected,2015-2024,,https://doh.sd.gov/media/iy5ld42w/cause-of-death-2015-2024-new.pdf,,fixture_text_capture,Arterial embolism and thrombosis (I74),2,needs_review,calendar_year,2,selected 1 of 2 source rows,False
cod_arterial_embolism_and_thrombosis,1.0,1.0,,none,South Dakota,2019,All,False,False,"Causes of Death, 2015-2024",4,count,excl_infant,cod_selected,2015-2024,,https://doh.sd.gov/media/iy5ld42w/cause-of-death-2015-2024-new.pdf,,fixture_text_capture,Arterial embolism and thrombosis (I74),1,needs_review,calendar_year,2,selected 1 of 2 source rows,False
cod_arterial_embolism_and_thrombosis,2.0,2.0,,none,South Dakota,2020,All,False,False,"Causes of Death, 2015-2024",4,count,excl_infant,cod_selected,2015-2024,,https://doh.sd.gov/media/iy5ld42w/cause-of-death-2015-2024-new.pdf,,fixture_text_capture,Arterial embolism and thrombosis (I74),2,needs_review,calendar_year,2,selected 1 of 2 source rows,False
cod_arterial_embolism_and_thrombosis,4.0,4.0,,none,South Dakota,2021,All,False,False,"Causes of Death, 2015-2024",4,count,excl_infant,cod_selected,2015-2024,,https://doh.sd.gov/media/iy5ld42w/cause-of-death-2015-2024-new.pdf,,fixture_text_capture,Arterial embolism and thrombosis (I74),4,needs_review,calendar_year,2,selected 1 of 2 source rows,False
cod_arterial_embolism_and_thrombosis,3.0,3.0,,none,South Dakota,2022,All,False,False,"Causes of Death, 2015-2024",4,count,excl_infant,cod_selected,2015-2024,,https://doh.sd.gov/media/iy5ld42w/cause-of-death-2015-2024-new.pdf,,fixture_text_capture,Arterial embolism and thrombosis (I74),3,needs_review,calendar_year,2,selected 1 of 2 source rows,False
cod_arterial_embolism_and_thrombosis,4.0,4.0,,none,South Dakota,2023,All,False,False,"Causes of Death, 2015-2024",4,count,excl_infant,cod_selected,2015-2024,,https://doh.sd.gov/media/iy5ld42w/cause-of-death-2015-2024-new.pdf,,fixture_text_capture,Arterial embolism and thrombosis (I74),4,needs_review,calendar_year,2,selected 1 of 2 source rows,False
cod_arterial_embolism_and_thrombosis,5.0,5.0,,none,South Dakota,2024,All,False,False,"Causes of Death, 2015-2024",4,count,excl_infant,cod_selected,2015-2024,,https://doh.sd.gov/media/iy5ld42w/cause-of-death-2015-2024-new.pdf,,fixture_text_capture,Arterial embolism and thrombosis (I74),5,needs_review,calendar_year,1,,False
cod_aspiration_pneumonia,71.0,71.0,,none,South Dakota,2014,All,False,False,"Causes of Death, 2014-2023",0,count,excl_infant,cod_selected,2014-2023,,https://doh.sd.gov/media/g0rf2ewb/sd-cause-of-death-2014-2023.pdf,,fixture_text_capture,Aspiration pneumonia (J69),71,needs_review,calendar_year,1,,False
cod_aspiration_pneumonia,627.0,627.0,,none,South Dakota,2014-2023,All,False,False,"Causes of Death, 2014-2023",0,count,excl_infant,cod_selected,2014-2023,,https://doh.sd.gov/media/g0rf2ewb/sd-cause-of-death-2014-2023.pdf,,fixture_text_capture,Aspiration pneumonia (J69),627,needs_review,multi_year_total,1,,False
cod_aspiration_pneumonia,59.0,59.0,,none,South Dakota,2015,All,False,False,"Causes of Death, 2015-2024",1,count,excl_infant,cod_selected,2015-2024,,https://doh.sd.gov/media/iy5ld42w/cause-of-death-2015-2024-new.pdf,,fixture_text_capture,Aspiration pneumonia (J69),59,needs_review,calendar_year,2,selected 1 of 2 source rows,False
cod_aspiration_pneumonia,609.0,609.0,,none,South Dakota,2015-2024,All,False,False,"Causes of Death, 2015-2024",1,count,excl_infant,cod_selected,2015-2024,,https://doh.sd.gov/media/iy5ld42w/cause-of-death-2015-2024-new.pdf,,fixture_text_capture,Aspiration pneumonia (J69),609,needs_review,multi_year_total,1,,False
cod_aspiration_pneumonia,72.0,72.0,,none,South Dakota,2016,All,False,False,"Causes of Death, 2015-2024",1,count,excl_infant,cod_selected,2015-2024,,https://doh.sd.gov/media/iy5ld42w/cause-of-death-2015-2024-new.pdf,,fixture_text_capture,Aspiration pneumonia (J69),72,needs_review,calendar_year,2,selected 1 of 2 source rows,False
cod_aspiration_pneumonia,55.0,55.0,,none,South Dakota,2017,All,False,False,"Causes of Death, 2015-2024",1,count,excl_infant,cod_selected,2015-2024,,https://doh.sd.gov/media/iy5ld42w/cause-of-death-2015-2024-new.pdf,,fixture_text_capture,Aspiration pneumonia (J69),55,needs_review,calendar_year,2,selected 1 of 2 source rows,False
cod_aspiration_pneumonia,64.0,64.0,,none,South Dakota,2018,All,False,False,"Causes of Death, 2015-2024",1,count,excl_infant,cod_selected,2015-2024,,https://doh.sd.gov/media/iy5ld42w/cause-of-death-2015-2024-new.pdf,,fixture_text_capture,Aspiration pneumonia (J69),64,needs_review,calendar_year,2,selected 1 of 2 source rows,False
cod_aspiration_pneumonia,70.0,70.0,,none,South Dakota,2019,All,False,False,"Causes of Death, 2015-2024",1,count,excl_infant,cod_selected,2015-2024,,https://doh.sd.gov/media/iy5ld42w/cause-of-death-2015-2024-new.pdf,,fixture_text_capture,Aspiration pneumonia (J69),70,needs_review,calendar_year,2,selected 1 of 2 source rows,False
cod_aspiration_pneumonia,57.0,57.0,,none,South Dakota,2020,All,False,False,"Causes of Death, 2015-2024",1,count,excl_infant,cod_selected,2015-2024,,https://doh.sd.gov/media/iy5ld42w/cause-of-death-2015-2024-new.pdf,,fixture_text_capture,Aspiration pneumonia (J69),57,needs_review,calendar_year,2,selected 1 of 2 source rows,False
cod_aspiration_pneumonia,54.0,54.0,,none,South Dakota,2021,All,False,False,"Causes of Death, 2015-2024",1,count,excl_infant,cod_selected,2015-2024,,https://doh.sd.gov/media/iy5ld42w/cause-of-death-2015-2024-new.pdf,,fixture_text_capture,Aspiration pneumonia (J69),54,needs_review,calendar_year,2,selected 1 of 2 source rows,False
cod_aspiration_pneumonia,55.0,55.0,,none,South Dakota,2022,All,False,False,"Causes of Death, 2015-2024",1,count,excl_infant,cod_selected,2015-2024,,https://doh.sd.gov/media/iy5ld42w/cause-of-death-2015-2024-new.pdf,,fixture_text_capture,Aspiration pneumonia (J69),55,needs_review,calendar_year,2,selected 1 of 2 source rows,False
cod_aspiration_pneumonia,70.0,70.0,,none,South Dakota,2023,All,False,False,"Causes of Death, 2015-2024",1,count,excl_infant,cod_selected,2015-2024,,https://doh.sd.gov/media/iy5ld42w/cause-of-death-2015-2024-new.pdf,,fixture_text_capture,Aspiration pneumonia (J69),70,needs_review,calendar_year,2,selected 1 of 2 source rows,False
cod_aspiration_pneumonia,53.0,53.0,,none,South Dakota,2024,All,False,False,"Causes of Death, 2015-2024",1,count,excl_infant,cod_selected,2015-2024,,https://doh.sd.gov/media/iy5ld42w/cause-of-death-2015-2024-new.pdf,,fixture_text_capture,Aspiration pneumonia (J69),53,needs_review,calendar_year,1,,False
cod_atherosclerosis,10.0,10.0,,none,South Dakota,2014,All,False,False,"Causes of Death, 2014-2023",0,count,excl_infant,cod_selected,2014-2023,,https://doh.sd.gov/media/g0rf2ewb/sd-cause-of-death-2014-2023.pdf,,fixture_text_capture,Atherosclerosis (I70),10,needs_review,calendar_year,1,,False
cod_atherosclerosis,79.0,79.0,,none,South Dakota,2014-2023,All,False,False,"Causes of Death, 2014-2023",0,count,excl_infant,cod_selected,2014-2023,,https://doh.sd.gov/media/g0rf2ewb/sd-cause-of-death-2014-2023.pdf,,fixture_text_capture,Atherosclerosis (I70),79,needs_review,multi_year_total,1,,False
cod_atherosclerosis,17.0,17.0,,none,South Dakota,2015,All,False,False,"Causes of Death, 2015-2024",3,count,excl_infant,cod_selected,2015-2024,,https://doh.sd.gov/media/iy5ld42w/cause-of-death-2015-2024-new.pdf,,fixture_text_capture,Atherosclerosis (I70),17,needs_review,calendar_year,2,selected 1 of 2 source rows,False
cod_atherosclerosis,75.0,75.0,,none,South Dakota,2015-2024,All,False,False,"Causes of Death, 2015-2024",3,count,excl_infant,cod_selected,2015-2024,,https://doh.sd.gov/media/iy5ld42w/cause-of-death-2015-2024-new.pdf,,fixture_text_capture,Atherosclerosis (I70),75,needs_review,multi_year_total,1,,False
cod_atherosclerosis,9.0,9.0,,none,South Dakota,2016,All,False,False,"Causes of Death, 2015-2024",3,count,excl_infant,cod_selected,2015-2024,,https://doh.sd.gov/media/iy5ld42w/cause-of-death-2015-2024-new.pdf,,fixture_text_capture,Atherosclerosis (I70),9,needs_review,calendar_year,2,selected 1 of 2 source rows,False
cod_atherosclerosis,4.0,4.0,,none,South Dakota,2017,All,False,False,"Causes of Death, 2015-2024",3,count,excl_infant,cod_selected,2015-2024,,https://doh.sd.gov/media/iy5ld42w/cause-of-death-2015-2024-new.pdf,,fixture_text_capture,Atherosclerosis (I70),4,needs_review,calendar_year,2,selected 1 of 2 source rows,False
cod_atherosclerosis,9.0,9.0,,none,South Dakota,2018,All,False,False,"Causes of Death, 2015-2024",3,count,excl_infant,cod_selected,2015-2024,,https://doh.sd.gov/media/iy5ld42w/cause-of-death-2015-2024-new.pdf,,fixture_text_capture,Atherosclerosis (I70),9,needs_review,calendar_year,2,selected 1 of 2 source rows,False
cod_atherosclerosis,6.0,6.0,,none,South Dakota,2019,All,False,False,"Causes of Death, 2015-2024",3,count,excl_infant,cod_selected,2015-2024,,https://doh.sd.gov/media/iy5ld42w/cause-of-death-2015-2024-new.pdf,,fixture_text_capture,Atherosclerosis (I70),6,needs_review,calendar_year,2,selected 1 of 2 source rows,False
cod_atherosclerosis,10.0,10.0,,none,South Dakota,2020,All,False,False,"Causes of Death, 2015-2024",3,count,excl_infant,cod_selected,2015-2024,,https://doh.sd.gov/media/iy5ld42w/cause-of-death-2015-2024-new.pdf,,fixture_text_capture,Atherosclerosis (I70),10,needs_review,calendar_year,2,selected 1 of 2 source rows,False
cod_atherosclerosis,5.0,5.0,,none,South Dakota,2021,All,False,False,"Causes of Death, 2015-2024",3,count,excl_infant,cod_selected,2015-2024,,https://doh.sd.gov/media/iy5ld42w/cause-of-death-2015-2024-new.pdf,,fixture_text_capture,Atherosclerosis (I70),5,needs_review,calendar_year,2,selected 1 of 2 source rows,False
cod_atherosclerosis,4.0,4.0,,none,South Dakota,2022,All,False,False,"Causes of Death, 2015-2024",3,count,excl_infant,cod_selected,2015-2024,,https://doh.sd.gov/media/iy5ld42w/cause-of-death-2015-2024-new.pdf,,fixture_text_capture,Atherosclerosis (I70),4,needs_review,calendar_year,2,selected 1 of 2 source rows,False
cod_atherosclerosis,5.0,5.0,,none,South Dakota,2023,All,False,False,"Causes of Death, 2015-2024",3,count,excl_infant,cod_selected,2015-2024,,https://doh.sd.gov/media/iy5ld42w/cause-of-death-2015-2024-new.pdf,,fixture_text_capture,Atherosclerosis (I70),5,needs_review,calendar_year,2,selected 1 of 2 source rows,False
cod_atherosclerosis,6.0,6.0,,none,South Dakota,2024,All,False,False,"Causes of Death, 2015-2024",3,count,excl_infant,cod_selected,2015-2024,,https://doh.sd.gov/media/iy5ld42w/cause-of-death-2015-2024-new.pdf,,fixture_text_capture,Atherosclerosis (I70),6,needs_review,calendar_year,1,,False
cod_bacterial_infection_unspecified,2.0,2.0,,none,South Dakota,2015,All,False,False,"Causes of Death, 2015-2024",4,count,excl_infant,cod_selected,2015-2024,,https://doh.sd.gov/media/iy5ld42w/cause-of-death-2015-2024-new.pdf,,fixture_text_capture,"Bacterial infection, unspecified (A49.9)",2,needs_review,calendar_year,1,,False
cod_bacterial_infection_unspecified,32.0,32.0,,none,South Dakota,2015-2024,All,False,False,"Causes of Death, 2015-2024",4,count,excl_infant,cod_selected,2015-2024,,https://doh.sd.gov/media/iy5ld42w/cause-of-death-2015-2024-new.pdf,,fixture_text_capture,"Bacterial infection, unspecified (A49.9)",32,needs_review,multi_year_total,1,,False
cod_bacterial_infection_unspecified,2.0,2.0,,none,South Dakota,2016,All,False,False,"Causes of Death, 2015-2024",4,count,excl_infant,cod_selected,2015-2024,,https://doh.sd.gov/media/iy5ld42w/cause-of-death-2015-2024-new.pdf,,fixture_text_capture,"Bacterial infection, unspecified (A49.9)",2,needs_review,calendar_year,1,,False
cod_bacterial_infection_unspecified,0.0,0.0,,none,South Dakota,2017,All,False,False,"Causes of Death, 2015-2024",4,count,excl_infant,cod_selected,2015-2024,,https://doh.sd.gov/media/iy5ld42w/cause-of-death-2015-2024-new.pdf,,fixture_text_capture,"Bacterial infection, unspecified (A49.9)",0,needs_review,calendar_year,1,,False
cod_bacterial_infection_unspecified,3.0,3.0,,none,South Dakota,2018,All,False,False,"Causes of Death, 2015-2024",4,count,excl_infant,cod_selected,2015-2024,,https://doh.sd.gov/media/iy5ld42w/cause-of-death-2015-2024-new.pdf,,fixture_text_capture,"Bacterial infection, unspecified (A49.9)",3,needs_review,calendar_year,1,,False
cod_bacterial_infection_unspecified,0.0,0.0,,none,South Dakota,2019,All,False,False,"Causes of Death, 2015-2024",4,count,excl_infant,cod_selected,2015-2024,,https://doh.sd.gov/media/iy5ld42w/cause-of-death-2015-2024-new.pdf,,fixture_text_capture,"Bacterial infection, unspecified (A49.9)",0,needs_review,calendar_year,1,,False
cod_bacterial_infection_unspecified,4.0,4.0,,none,South Dakota,2020,All,False,False,"Causes of Death, 2015-2024",4,count,excl_infant,cod_selected,2015-2024,,https://doh.sd.gov/media/iy5ld42w/cause-of-death-2015-2024-new.pdf,,fixture_text_capture,"Bacterial infection, unspecified (A49.9)",4,needs_review,calendar_year,1,,False
cod_bacterial_infection_unspecified,6.0,6.0,,none,South Dakota,2021,All,False,False,"Causes of Death, 2015-2024",4,count,excl_infant,cod_selected,2015-2024,,https://doh.sd.gov/media/iy5ld42w/cause-of-death-2015-2024-new.pdf,,fixture_text_capture,"Bacterial infection, unspecified (A49.9)",6,needs_review,calendar_year,1,,False
cod_bacterial_infection_unspecified,6.0,6.0,,none,South Dakota,2022,All,False,False,"Causes of Death, 2015-2024",4,count,excl_infant,cod_selected,2015-2024,,https://doh.sd.gov/media/iy5ld42w/cause-of-death-2015-2024-new.pdf,,fixture_text_capture,"Bacterial infection, unspecified (A49.9)",6,needs_review,calendar_year,1,,False
cod_bacterial_infection_unspecified,6.0,6.0,,none,South Dakota,2023,All,False,False,"Causes of Death, 2015-2024",4,count,excl_infant,cod_selected,2015-2024,,https://doh.sd.gov/media/iy5ld42w/cause-of-death-2015-2024-new.pdf,,fixture_text_capture,"Bacterial infection, unspecified (A49.9)",6,needs_review,calendar_year,1,,False
cod_bacterial_infection_unspecified,3.0,3.0,,none,South Dakota,2024,All,False,False,"Causes of Death, 2015-2024",4,count,excl_infant,cod_selected,2015-2024,,https://doh.sd.gov/media/iy5ld42w/cause-of-death-2015-2024-new.pdf,,fixture_text_capture,"Bacterial infection, unspecified (A49.9)",3,needs_review,calendar_year,1,,False
cod_benign_neoplasms,4.0,4.0,,none,South Dakota,2014,All,False,False,"Causes of Death, 2014-2023",0,count,excl_infant,cod_selected,2014-2023,,https://doh.sd.gov/media/g0rf2ewb/sd-cause-of-death-2014-2023.pdf,,fixture_text_capture,Benign neoplasms (D10-D36),4,needs_review,calendar_year,1,,False
cod_benign_neoplasms,62.0,62.0,,none,South Dakota,2014-2023,All,False,False,"Causes of Death, 2014-2023",0,count,excl_infant,cod_selected,2014-2023,,https://doh.sd.gov/media/g0rf2ewb/sd-cause-of-death-2014-2023.pdf,,fixture_text_capture,Benign neoplasms (D10-D36),62,needs_review,multi_year_total,1,,False
cod_benign_neoplasms,9.0,9.0,,none,South Dakota,2015,All,False,False,"Causes of Death, 2015-2024",3,count,excl_infant,cod_selected,2015-2024,,https://doh.sd.gov/media/iy5ld42w/cause-of-death-2015-2024-new.pdf,,fixture_text_capture,Benign neoplasms (D10-D36),9,needs_review,calendar_year,2,selected 1 of 2 source rows,False
cod_benign_neoplasms,68.0,68.0,,none,South Dakota,2015-2024,All,False,False,"Causes of Death, 2015-2024",3,count,excl_infant,cod_selected,2015-2024,,https://doh.sd.gov/media/iy5ld42w/cause-of-death-2015-2024-new.pdf,,fixture_text_capture,Benign neoplasms (D10-D36),68,needs_review,multi_year_total,1,,False
cod_benign_neoplasms,5.0,5.0,,none,South Dakota,2016,All,False,False,"Causes of Death, 2015-2024",3,count,excl_infant,cod_selected,2015-2024,,https://doh.sd.gov/media/iy5ld42w/cause-of-death-2015-2024-new.pdf,,fixture_text_capture,Benign neoplasms (D10-D36),5,needs_review,calendar_year,2,selected 1 of 2 source rows,False
cod_benign_neoplasms,7.0,7.0,,none,South Dakota,2017,All,False,False,"Causes of Death, 2015-2024",3,count,excl_infant,cod_selected,2015-2024,,https://doh.sd.gov/media/iy5ld42w/cause-of-death-2015-2024-new.pdf,,fixture_text_capture,Benign neoplasms (D10-D36),7,needs_review,calendar_year,2,selected 1 of 2 source rows,False
cod_benign_neoplasms,1.0,1.0,,none,South Dakota,2018,All,False,False,"Causes of Death, 2015-2024",3,count,excl_infant,cod_selected,2015-2024,,https://doh.sd.gov/media/iy5ld42w/cause-of-death-2015-2024-new.pdf,,fixture_text_capture,Benign neoplasms (D10-D36),1,needs_review,calendar_year,2,selected 1 of 2 source rows,False
cod_benign_neoplasms,5.0,5.0,,none,South Dakota,2019,All,False,False,"Causes of Death, 2015-2024",3,count,excl_infant,cod_selected,2015-2024,,https://doh.sd.gov/media/iy5ld42w/cause-of-death-2015-2024-new.pdf,,fixture_text_capture,Benign neoplasms (D10-D36),5,needs_review,calendar_year,2,selected 1 of 2 source rows,False
cod_benign_neoplasms,9.0,9.0,,none,South Dakota,2020,All,False,False,"Causes of Death, 2015-2024",3,count,excl_infant,cod_selected,2015-2024,,https://doh.sd.gov/media/iy5ld42w/cause-of-death-2015-2024-new.pdf,,fixture_text_capture,Benign neoplasms (D10-D36),9,needs_review,calendar_year,2,selected 1 of 2 source rows,False
cod_benign_neoplasms,12.0,12.0,,none,South Dakota,2021,All,False,False,"Causes of Death, 2015-2024",3,count,excl_infant,cod_selected,2015-2024,,https://doh.sd.gov/media/iy5ld42w/cause-of-death-2015-2024-new.pdf,,fixture_text_capture,Benign neoplasms (D10-D36),12,needs_review,calendar_year,2,selected 1 of 2 source rows,False
cod_benign_neoplasms,5.0,5.0,,none,South Dakota,2022,All,False,False,"Causes of Death, 2015-2024",3,count,excl_infant,cod_selected,2015-2024,,https://doh.sd.gov/media/iy5ld42w/cause-of-death-2015-2024-new.pdf,,fixture_text_capture,Benign neoplasms (D10-D36),5,needs_review,calendar_year,2,selected 1 of 2 source rows,False
cod_benign_neoplasms,5.0,5.0,,none,South Dakota,2023,All,False,False,"Causes of Death, 2015-2024",3,count,excl_infant,cod_selected,2015-2024,,https://doh.sd.gov/media/iy5ld42w/cause-of-death-2015-2024-new.pdf,,fixture_text_capture,Benign neoplasms (D10-D36),5,needs_review,calendar_year,2,selected 1 of 2 source rows,False
cod_benign_neoplasms,10.0,10.0,,none,South Dakota,2024,All,False,False,"Causes of Death, 2015-2024",3,count,excl_infant,cod_selected,2015-2024,,https://doh.sd.gov/media/iy5ld42w/cause-of-death-2015-2024-new.pdf,,fixture_text_capture,Benign neoplasms (D10-D36),10,needs_review,calendar_year,1,,False
cod_blood_clot,4.0,4.0,,none,South Dakota,2014,All,False,False,"Causes of Death, 2014-2023",0,count,excl_infant,cod_selected,2014-2023,,https://doh.sd.gov/media/g0rf2ewb/sd-cause-of-death-2014-2023.pdf,,fixture_text_capture,Blood clot (I80),4,needs_review,calendar_year,1,,False
cod_blood_clot,106.0,106.0,,none,South Dakota,2014-2023,All,False,False,"Causes of Death, 2014-2023",0,count,excl_infant,cod_selected,2014-2023,,https://doh.sd.gov/media/g0rf2ewb/sd-cause-of-death-2014-2023.pdf,,fixture_text_capture,Blood clot (I80),106,needs_review,multi_year_total,1,,False
cod_blood_clot,7.0,7.0,,none,South Dakota,2015,All,False,False,"Causes of Death, 2015-2024",3,count,excl_infant,cod_selected,2015-2024,,https://doh.sd.gov/media/iy5ld42w/cause-of-death-2015-2024-new.pdf,,fixture_text_capture,Blood clot (I80),7,needs_review,calendar_year,2,selected 1 of 2 source rows,False
cod_blood_clot,113.0,113.0,,none,South Dakota,2015-2024,All,False,False,"Causes of Death, 2015-2024",3,count,excl_infant,cod_selected,2015-2024,,https://doh.sd.gov/media/iy5ld42w/cause-of-death-2015-2024-new.pdf,,fixture_text_capture,Blood clot (I80),113,needs_review,multi_year_total,1,,False
cod_blood_clot,11.0,11.0,,none,South Dakota,2016,All,False,False,"Causes of Death, 2015-2024",3,count,excl_infant,cod_selected,2015-2024,,https://doh.sd.gov/media/iy5ld42w/cause-of-death-2015-2024-new.pdf,,fixture_text_capture,Blood clot (I80),11,needs_review,calendar_year,2,selected 1 of 2 source rows,False
cod_blood_clot,11.0,11.0,,none,South Dakota,2017,All,False,False,"Causes of Death, 2015-2024",3,count,excl_infant,cod_selected,2015-2024,,https://doh.sd.gov/media/iy5ld42w/cause-of-death-2015-2024-new.pdf,,fixture_text_capture,Blood clot (I80),11,needs_review,calendar_year,2,selected 1 of 2 source rows,False
cod_blood_clot,12.0,12.0,,none,South Dakota,2018,All,False,False,"Causes of Death, 2015-2024",3,count,excl_infant,cod_selected,2015-2024,,https://doh.sd.gov/media/iy5ld42w/cause-of-death-2015-2024-new.pdf,,fixture_text_capture,Blood clot (I80),12,needs_review,calendar_year,2,selected 1 of 2 source rows,False
cod_blood_clot,18.0,18.0,,none,South Dakota,2019,All,False,False,"Causes of Death, 2015-2024",3,count,excl_infant,cod_selected,2015-2024,,https://doh.sd.gov/media/iy5ld42w/cause-of-death-2015-2024-new.pdf,,fixture_text_capture,Blood clot (I80),18,needs_review,calendar_year,2,selected 1 of 2 source rows,False
cod_blood_clot,10.0,10.0,,none,South Dakota,2020,All,False,False,"Causes of Death, 2015-2024",3,count,excl_infant,cod_selected,2015-2024,,https://doh.sd.gov/media/iy5ld42w/cause-of-death-2015-2024-new.pdf,,fixture_text_capture,Blood clot (I80),10,needs_review,calendar_year,2,selected 1 of 2 source rows,False
cod_blood_clot,15.0,15.0,,none,South Dakota,2021,All,False,False,"Causes of Death, 2015-2024",3,count,excl_infant,cod_selected,2015-2024,,https://doh.sd.gov/media/iy5ld42w/cause-of-death-2015-2024-new.pdf,,fixture_text_capture,Blood clot (I80),15,needs_review,calendar_year,2,selected 1 of 2 source rows,False
cod_blood_clot,11.0,11.0,,none,South Dakota,2022,All,False,False,"Causes of Death, 2015-2024",3,count,excl_infant,cod_selected,2015-2024,,https://doh.sd.gov/media/iy5ld42w/cause-of-death-2015-2024-new.pdf,,fixture_text_capture,Blood clot (I80),11,needs_review,calendar_year,2,selected 1 of 2 source rows,False
cod_blood_clot,7.0,7.0,,none,South Dakota,2023,All,False,False,"Causes of Death, 2015-2024",3,count,excl_infant,cod_selected,2015-2024,,https://doh.sd.gov/media/iy5ld42w/cause-of-death-2015-2024-new.pdf,,fixture_text_capture,Blood clot (I80),7,needs_review,calendar_year,2,selected 1 of 2 source rows,False
cod_blood_clot,11.0,11.0,,none,South Dakota,2024,All,False,False,"Causes of Death, 2015-2024",3,count,excl_infant,cod_selected,2015-2024,,https://doh.sd.gov/media/iy5ld42w/cause-of-death-2015-2024-new.pdf,,fixture_text_capture,Blood clot (I80),11,needs_review,calendar_year,1,,False
cod_bloodstream_infection_plus_other_bacterial_infections,2.0,2.0,,none,South Dakota,2015,All,False,False,"Causes of Death, 2015-2024",4,count,excl_infant,cod_selected,2015-2024,,https://doh.sd.gov/media/iy5ld42w/cause-of-death-2015-2024-new.pdf,,fixture_text_capture,Bloodstream infection (Plus other bacterial infections) (A49.1-A49.8),2,needs_review,calendar_year,1,,False
cod_bloodstream_infection_plus_other_bacterial_infections,28.0,28.0,,none,South Dakota,2015-2024,All,False,False,"Causes of Death, 2015-2024",4,count,excl_infant,cod_selected,2015-2024,,https://doh.sd.gov/media/iy5ld42w/cause-of-death-2015-2024-new.pdf,,fixture_text_capture,Bloodstream infection (Plus other bacterial infections) (A49.1-A49.8),28,needs_review,multi_year_total,1,,False
cod_bloodstream_infection_plus_other_bacterial_infections,1.0,1.0,,none,South Dakota,2016,All,False,False,"Causes of Death, 2015-2024",4,count,excl_infant,cod_selected,2015-2024,,https://doh.sd.gov/media/iy5ld42w/cause-of-death-2015-2024-new.pdf,,fixture_text_capture,Bloodstream infection (Plus other bacterial infections) (A49.1-A49.8),1,needs_review,calendar_year,1,,False
cod_bloodstream_infection_plus_other_bacterial_infections,0.0,0.0,,none,South Dakota,2017,All,False,False,"Causes of Death, 2015-2024",4,count,excl_infant,cod_selected,2015-2024,,https://doh.sd.gov/media/iy5ld42w/cause-of-death-2015-2024-new.pdf,,fixture_text_capture,Bloodstream infection (Plus other bacterial infections) (A49.1-A49.8),0,needs_review,calendar_year,1,,False
cod_bloodstream_infection_plus_other_bacterial_infections,2.0,2.0,,none,South Dakota,2018,All,False,False,"Causes of Death, 2015-2024",4,count,excl_infant,cod_selected,2015-2024,,https://doh.sd.gov/media/iy5ld42w/cause-of-death-2015-2024-new.pdf,,fixture_text_capture,Bloodstream infection (Plus other bacterial infections) (A49.1-A49.8),2,needs_review,calendar_year,1,,False
cod_bloodstream_infection_plus_other_bacterial_infections,2.0,2.0,,none,South Dakota,2019,All,False,False,"Causes of Death, 2015-2024",4,count,excl_infant,cod_selected,2015-2024,,https://doh.sd.gov/media/iy5ld42w/cause-of-death-2015-2024-new.pdf,,fixture_text_capture,Bloodstream infection (Plus other bacterial infections) (A49.1-A49.8),2,needs_review,calendar_year,1,,False
cod_bloodstream_infection_plus_other_bacterial_infections,1.0,1.0,,none,South Dakota,2020,All,False,False,"Causes of Death, 2015-2024",4,count,excl_infant,cod_selected,2015-2024,,https://doh.sd.gov/media/iy5ld42w/cause-of-death-2015-2024-new.pdf,,fixture_text_capture,Bloodstream infection (Plus other bacterial infections) (A49.1-A49.8),1,needs_review,calendar_year,1,,False
cod_bloodstream_infection_plus_other_bacterial_infections,3.0,3.0,,none,South Dakota,2021,All,False,False,"Causes of Death, 2015-2024",4,count,excl_infant,cod_selected,2015-2024,,https://doh.sd.gov/media/iy5ld42w/cause-of-death-2015-2024-new.pdf,,fixture_text_capture,Bloodstream infection (Plus other bacterial infections) (A49.1-A49.8),3,needs_review,calendar_year,1,,False
cod_bloodstream_infection_plus_other_bacterial_infections,6.0,6.0,,none,South Dakota,2022,All,False,False,"Causes of Death, 2015-2024",4,count,excl_infant,cod_selected,2015-2024,,https://doh.sd.gov/media/iy5ld42w/cause-of-death-2015-2024-new.pdf,,fixture_text_capture,Bloodstream infection (Plus other bacterial infections) (A49.1-A49.8),6,needs_review,calendar_year,1,,False
cod_bloodstream_infection_plus_other_bacterial_infections,6.0,6.0,,none,South Dakota,2023,All,False,False,"Causes of Death, 2015-2024",4,count,excl_infant,cod_selected,2015-2024,,https://doh.sd.gov/media/iy5ld42w/cause-of-death-2015-2024-new.pdf,,fixture_text_capture,Bloodstream infection (Plus other bacterial infections) (A49.1-A49.8),6,needs_review,calendar_year,1,,False
cod_bloodstream_infection_plus_other_bacterial_infections,5.0,5.0,,none,South Dakota,2024,All,False,False,"Causes of Death, 2015-2024",4,count,excl_infant,cod_selected,2015-2024,,https://doh.sd.gov/media/iy5ld42w/cause-of-death-2015-2024-new.pdf,,fixture_text_capture,Bloodstream infection (Plus other bacterial infections) (A49.1-A49.8),5,needs_review,calendar_year,1,,False
cod_bone_infection,8.0,8.0,,none,South Dakota,2014,All,False,False,"Causes of Death, 2014-2023",0,count,excl_infant,cod_selected,2014-2023,,https://doh.sd.gov/media/g0rf2ewb/sd-cause-of-death-2014-2023.pdf,,fixture_text_capture,Bone infection (M86),8,needs_review,calendar_year,1,,False
cod_bone_infection,113.0,113.0,,none,South Dakota,2014-2023,All,False,False,"Causes of Death, 2014-2023",0,count,excl_infant,cod_selected,2014-2023,,https://doh.sd.gov/media/g0rf2ewb/sd-cause-of-death-2014-2023.pdf,,fixture_text_capture,Bone infection (M86),113,needs_review,multi_year_total,1,,False
cod_bone_infection,2.0,2.0,,none,South Dakota,2015,All,False,False,"Causes of Death, 2015-2024",2,count,excl_infant,cod_selected,2015-2024,,https://doh.sd.gov/media/iy5ld42w/cause-of-death-2015-2024-new.pdf,,fixture_text_capture,Bone infection (M86),2,needs_review,calendar_year,2,selected 1 of 2 source rows,False
cod_bone_infection,121.0,121.0,,none,South Dakota,2015-2024,All,False,False,"Causes of Death, 2015-2024",2,count,excl_infant,cod_selected,2015-2024,,https://doh.sd.gov/media/iy5ld42w/cause-of-death-2015-2024-new.pdf,,fixture_text_capture,Bone infection (M86),121,needs_review,multi_year_total,1,,False
cod_bone_infection,10.0,10.0,,none,South Dakota,2016,All,False,False,"Causes of Death, 2015-2024",2,count,excl_infant,cod_selected,2015-2024,,https://doh.sd.gov/media/iy5ld42w/cause-of-death-2015-2024-new.pdf,,fixture_text_capture,Bone infection (M86),10,needs_review,calendar_year,2,selected 1 of 2 source rows,False
cod_bone_infection,9.0,9.0,,none,South Dakota,2017,All,False,False,"Causes of Death, 2015-2024",2,count,excl_infant,cod_selected,2015-2024,,https://doh.sd.gov/media/iy5ld42w/cause-of-death-2015-2024-new.pdf,,fixture_text_capture,Bone infection (M86),9,needs_review,calendar_year,2,selected 1 of 2 source rows,False
cod_bone_infection,13.0,13.0,,none,South Dakota,2018,All,False,False,"Causes of Death, 2015-2024",2,count,excl_infant,cod_selected,2015-2024,,https://doh.sd.gov/media/iy5ld42w/cause-of-death-2015-2024-new.pdf,,fixture_text_capture,Bone infection (M86),13,needs_review,calendar_year,2,selected 1 of 2 source rows,False
cod_bone_infection,14.0,14.0,,none,South Dakota,2019,All,False,False,"Causes of Death, 2015-2024",2,count,excl_infant,cod_selected,2015-2024,,https://doh.sd.gov/media/iy5ld42w/cause-of-death-2015-2024-new.pdf,,fixture_text_capture,Bone infection (M86),14,needs_review,calendar_year,2,selected 1 of 2 source rows,False
cod_bone_infection,18.0,18.0,,none,South Dakota,2020,All,False,False,"Causes of Death, 2015-2024",2,count,excl_infant,cod_selected,2015-2024,,https://doh.sd.gov/media/iy5ld42w/cause-of-death-2015-2024-new.pdf,,fixture_text_capture,Bone infection (M86),18,needs_review,calendar_year,2,selected 1 of 2 source rows,False
cod_bone_infection,17.0,17.0,,none,South Dakota,2021,All,False,False,"Causes of Death, 2015-2024",2,count,excl_infant,cod_selected,2015-2024,,https://doh.sd.gov/media/iy5ld42w/cause-of-death-2015-2024-new.pdf,,fixture_text_capture,Bone infection (M86),17,needs_review,calendar_year,2,selected 1 of 2 source rows,False
cod_bone_infection,10.0,10.0,,none,South Dakota,2022,All,False,False,"Causes of Death, 2015-2024",2,count,excl_infant,cod_selected,2015-2024,,https://doh.sd.gov/media/iy5ld42w/cause-of-death-2015-2024-new.pdf,,fixture_text_capture,Bone infection (M86),10,needs_review,calendar_year,2,selected 1 of 2 source rows,False
cod_bone_infection,12.0,12.0,,none,South Dakota,2023,All,False,False,"Causes of Death, 2015-2024",2,count,excl_infant,cod_selected,2015-2024,,https://doh.sd.gov/media/iy5ld42w/cause-of-death-2015-2024-new.pdf,,fixture_text_capture,Bone infection (M86),12,needs_review,calendar_year,2,selected 1 of 2 source rows,False
cod_bone_infection,16.0,16.0,,none,South Dakota,2024,All,False,False,"Causes of Death, 2015-2024",2,count,excl_infant,cod_selected,2015-2024,,https://doh.sd.gov/media/iy5ld42w/cause-of-death-2015-2024-new.pdf,,fixture_text_capture,Bone infection (M86),16,needs_review,calendar_year,1,,False
cod_bone_marrow_disorders,5.0,5.0,,none,South Dakota,2014,All,False,False,"Causes of Death, 2014-2023",0,count,excl_infant,cod_selected,2014-2023,,https://doh.sd.gov/media/g0rf2ewb/sd-cause-of-death-2014-2023.pdf,,fixture_text_capture,Bone marrow disorders (D47.1),5,needs_review,calendar_year,1,,False
cod_bone_marrow_disorders,46.0,46.0,,none,South Dakota,2014-2023,All,False,False,"Causes of Death, 2014-2023",0,count,excl_infant,cod_selected,2014-2023,,https://doh.sd.gov/media/g0rf2ewb/sd-cause-of-death-2014-2023.pdf,,fixture_text_capture,Bone marrow disorders (D47.1),46,needs_review,multi_year_total,1,,False
cod_bone_marrow_disorders,5.0,5.0,,none,South Dakota,2015,All,False,False,"Causes of Death, 2015-2024",4,count,excl_infant,cod_selected,2015-2024,,https://doh.sd.gov/media/iy5ld42w/cause-of-death-2015-2024-new.pdf,,fixture_text_capture,Bone marrow disorders (D47.1),5,needs_review,calendar_year,2,selected 1 of 2 source rows,False
cod_bone_marrow_disorders,47.0,47.0,,none,South Dakota,2015-2024,All,False,False,"Causes of Death, 2015-2024",4,count,excl_infant,cod_selected,2015-2024,,https://doh.sd.gov/media/iy5ld42w/cause-of-death-2015-2024-new.pdf,,fixture_text_capture,Bone marrow disorders (D47.1),47,needs_review,multi_year_total,1,,False
cod_bone_marrow_disorders,4.0,4.0,,none,South Dakota,2016,All,False,False,"Causes of Death, 2015-2024",4,count,excl_infant,cod_selected,2015-2024,,https://doh.sd.gov/media/iy5ld42w/cause-of-death-2015-2024-new.pdf,,fixture_text_capture,Bone marrow disorders (D47.1),4,needs_review,calendar_year,2,selected 1 of 2 source rows,False
cod_bone_marrow_disorders,4.0,4.0,,none,South Dakota,2017,All,False,False,"Causes of Death, 2015-2024",4,count,excl_infant,cod_selected,2015-2024,,https://doh.sd.gov/media/iy5ld42w/cause-of-death-2015-2024-new.pdf,,fixture_text_capture,Bone marrow disorders (D47.1),4,needs_review,calendar_year,2,selected 1 of 2 source rows,False
cod_bone_marrow_disorders,4.0,4.0,,none,South Dakota,2018,All,False,False,"Causes of Death, 2015-2024",4,count,excl_infant,cod_selected,2015-2024,,https://doh.sd.gov/media/iy5ld42w/cause-of-death-2015-2024-new.pdf,,fixture_text_capture,Bone marrow disorders (D47.1),4,needs_review,calendar_year,2,selected 1 of 2 source rows,False
cod_bone_marrow_disorders,7.0,7.0,,none,South Dakota,2019,All,False,False,"Causes of Death, 2015-2024",4,count,excl_infant,cod_selected,2015-2024,,https://doh.sd.gov/media/iy5ld42w/cause-of-death-2015-2024-new.pdf,,fixture_text_capture,Bone marrow disorders (D47.1),7,needs_review,calendar_year,2,selected 1 of 2 source rows,False
cod_bone_marrow_disorders,6.0,6.0,,none,South Dakota,2020,All,False,False,"Causes of Death, 2015-2024",4,count,excl_infant,cod_selected,2015-2024,,https://doh.sd.gov/media/iy5ld42w/cause-of-death-2015-2024-new.pdf,,fixture_text_capture,Bone marrow disorders (D47.1),6,needs_review,calendar_year,2,selected 1 of 2 source rows,False
cod_bone_marrow_disorders,2.0,2.0,,none,South Dakota,2021,All,False,False,"Causes of Death, 2015-2024",4,count,excl_infant,cod_selected,2015-2024,,https://doh.sd.gov/media/iy5ld42w/cause-of-death-2015-2024-new.pdf,,fixture_text_capture,Bone marrow disorders (D47.1),2,needs_review,calendar_year,2,selected 1 of 2 source rows,False
cod_bone_marrow_disorders,4.0,4.0,,none,South Dakota,2022,All,False,False,"Causes of Death, 2015-2024",4,count,excl_infant,cod_selected,2015-2024,,https://doh.sd.gov/media/iy5ld42w/cause-of-death-2015-2024-new.pdf,,fixture_text_capture,Bone marrow disorders (D47.1),4,needs_review,calendar_year,2,selected 1 of 2 source rows,False
cod_bone_marrow_disorders,5.0,5.0,,none,South Dakota,2023,All,False,False,"Causes of Death, 2015-2024",4,count,excl_infant,cod_selected,2015-2024,,https://doh.sd.gov/media/iy5ld42w/cause-of-death-2015-2024-new.pdf,,fixture_text_capture,Bone marrow disorders (D47.1),5,needs_review,calendar_year,2,selected 1 of 2 source rows,False
cod_bone_marrow_disorders,6.0,6.0,,none,South Dakota,2024,All,False,False,"Causes of Death, 2015-2024",4,count,excl_infant,cod_selected,2015-2024,,https://doh.sd.gov/media/iy5ld42w/cause-of-death-2015-2024-new.pdf,,fixture_text_capture,Bone marrow disorders (D47.1),6,needs_review,calendar_year,1,,False
cod_bowel_infarction_plus_other_vascular_disorders_of_intestine,20.0,20.0,,none,South Dakota,2014,All,False,False,"Causes of Death, 2014-2023",0,count,excl_infant,cod_selected,2014-2023,,https://doh.sd.gov/media/g0rf2ewb/sd-cause-of-death-2014-2023.pdf,,fixture_text_capture,Bowel infarction (Plus other vascular disorders of intestine) (K55),20,needs_review,calendar_year,1,,False
cod_bowel_infarction_plus_other_vascular_disorders_of_intestine,234.0,234.0,,none,South Dakota,2014-2023,All,False,False,"Causes of Death, 2014-2023",0,count,excl_infant,cod_selected,2014-2023,,https://doh.sd.gov/media/g0rf2ewb/sd-cause-of-death-2014-2023.pdf,,fixture_text_capture,Bowel infarction (Plus other vascular disorders of intestine) (K55),234,needs_review,multi_year_total,1,,False
cod_bowel_infarction_plus_other_vascular_disorders_of_intestine,20.0,20.0,,none,South Dakota,2015,All,False,False,"Causes of Death, 2015-2024",2,count,excl_infant,cod_selected,2015-2024,,https://doh.sd.gov/media/iy5ld42w/cause-of-death-2015-2024-new.pdf,,fixture_text_capture,Bowel infarction (Plus other vascular disorders of intestine) (K55),20,needs_review,calendar_year,2,selected 1 of 2 source rows,False
cod_bowel_infarction_plus_other_vascular_disorders_of_intestine,244.0,244.0,,none,South Dakota,2015-2024,All,False,False,"Causes of Death, 2015-2024",2,count,excl_infant,cod_selected,2015-2024,,https://doh.sd.gov/media/iy5ld42w/cause-of-death-2015-2024-new.pdf,,fixture_text_capture,Bowel infarction (Plus other vascular disorders of intestine) (K55),244,needs_review,multi_year_total,1,,False
cod_bowel_infarction_plus_other_vascular_disorders_of_intestine,27.0,27.0,,none,South Dakota,2016,All,False,False,"Causes of Death, 2015-2024",2,count,excl_infant,cod_selected,2015-2024,,https://doh.sd.gov/media/iy5ld42w/cause-of-death-2015-2024-new.pdf,,fixture_text_capture,Bowel infarction (Plus other vascular disorders of intestine) (K55),27,needs_review,calendar_year,2,selected 1 of 2 source rows,False
cod_bowel_infarction_plus_other_vascular_disorders_of_intestine,27.0,27.0,,none,South Dakota,2017,All,False,False,"Causes of Death, 2015-2024",2,count,excl_infant,cod_selected,2015-2024,,https://doh.sd.gov/media/iy5ld42w/cause-of-death-2015-2024-new.pdf,,fixture_text_capture,Bowel infarction (Plus other vascular disorders of intestine) (K55),27,needs_review,calendar_year,2,selected 1 of 2 source rows,False
cod_bowel_infarction_plus_other_vascular_disorders_of_intestine,23.0,23.0,,none,South Dakota,2018,All,False,False,"Causes of Death, 2015-2024",2,count,excl_infant,cod_selected,2015-2024,,https://doh.sd.gov/media/iy5ld42w/cause-of-death-2015-2024-new.pdf,,fixture_text_capture,Bowel infarction (Plus other vascular disorders of intestine) (K55),23,needs_review,calendar_year,2,selected 1 of 2 source rows,False
cod_bowel_infarction_plus_other_vascular_disorders_of_intestine,22.0,22.0,,none,South Dakota,2019,All,False,False,"Causes of Death, 2015-2024",2,count,excl_infant,cod_selected,2015-2024,,https://doh.sd.gov/media/iy5ld42w/cause-of-death-2015-2024-new.pdf,,fixture_text_capture,Bowel infarction (Plus other vascular disorders of intestine) (K55),22,needs_review,calendar_year,2,selected 1 of 2 source rows,False
cod_bowel_infarction_plus_other_vascular_disorders_of_intestine,26.0,26.0,,none,South Dakota,2020,All,False,False,"Causes of Death, 2015-2024",2,count,excl_infant,cod_selected,2015-2024,,https://doh.sd.gov/media/iy5ld42w/cause-of-death-2015-2024-new.pdf,,fixture_text_capture,Bowel infarction (Plus other vascular disorders of intestine) (K55),26,needs_review,calendar_year,2,selected 1 of 2 source rows,False
cod_bowel_infarction_plus_other_vascular_disorders_of_intestine,27.0,27.0,,none,South Dakota,2021,All,False,False,"Causes of Death, 2015-2024",2,count,excl_infant,cod_selected,2015-2024,,https://doh.sd.gov/media/iy5ld42w/cause-of-death-2015-2024-new.pdf,,fixture_text_capture,Bowel infarction (Plus other vascular disorders of intestine) (K55),27,needs_review,calendar_year,2,selected 1 of 2 source rows,False
cod_bowel_infarction_plus_other_vascular_disorders_of_intestine,26.0,26.0,,none,South Dakota,2022,All,False,False,"Causes of Death, 2015-2024",2,count,excl_infant,cod_selected,2015-2024,,https://doh.sd.gov/media/iy5ld42w/cause-of-death-2015-2024-new.pdf,,fixture_text_capture,Bowel infarction (Plus other vascular disorders of intestine) (K55),26,needs_review,calendar_year,2,selected 1 of 2 source rows,False
cod_bowel_infarction_plus_other_vascular_disorders_of_intestine,16.0,16.0,,none,South Dakota,2023,All,False,False,"Causes of Death, 2015-2024",2,count,excl_infant,cod_selected,2015-2024,,https://doh.sd.gov/media/iy5ld42w/cause-of-death-2015-2024-new.pdf,,fixture_text_capture,Bowel infarction (Plus other vascular disorders of intestine) (K55),16,needs_review,calendar_year,2,selected 1 of 2 source rows,False
cod_bowel_infarction_plus_other_vascular_disorders_of_intestine,30.0,30.0,,none,South Dakota,2024,All,False,False,"Causes of Death, 2015-2024",2,count,excl_infant,cod_selected,2015-2024,,https://doh.sd.gov/media/iy5ld42w/cause-of-death-2015-2024-new.pdf,,fixture_text_capture,Bowel infarction (Plus other vascular disorders of intestine) (K55),30,needs_review,calendar_year,1,,False
cod_brain_and_central_nervous_system_neoplasms_of_unknown_behavi,2.0,2.0,,none,South Dakota,2014,All,False,False,"Causes of Death, 2014-2023",0,count,excl_infant,cod_selected,2014-2023,,https://doh.sd.gov/media/g0rf2ewb/sd-cause-of-death-2014-2023.pdf,,fixture_text_capture,Brain and central nervous system neoplasms of unknown behavior (D43),2,needs_review,calendar_year,1,,False
cod_brain_and_central_nervous_system_neoplasms_of_unknown_behavi,23.0,23.0,,none,South Dakota,2014-2023,All,False,False,"Causes of Death, 2014-2023",0,count,excl_infant,cod_selected,2014-2023,,https://doh.sd.gov/media/g0rf2ewb/sd-cause-of-death-2014-2023.pdf,,fixture_text_capture,Brain and central nervous system neoplasms of unknown behavior (D43),23,needs_review,multi_year_total,1,,False
cod_brain_and_central_nervous_system_neoplasms_of_unknown_behavi,2.0,2.0,,none,South Dakota,2015,All,False,False,"Causes of Death, 2015-2024",5,count,excl_infant,cod_selected,2015-2024,,https://doh.sd.gov/media/iy5ld42w/cause-of-death-2015-2024-new.pdf,,fixture_text_capture,Brain and central nervous system neoplasms of unknown behavior (D43),2,needs_review,calendar_year,2,selected 1 of 2 source rows,False
cod_brain_and_central_nervous_system_neoplasms_of_unknown_behavi,26.0,26.0,,none,South Dakota,2015-2024,All,False,False,"Causes of Death, 2015-2024",5,count,excl_infant,cod_selected,2015-2024,,https://doh.sd.gov/media/iy5ld42w/cause-of-death-2015-2024-new.pdf,,fixture_text_capture,Brain and central nervous system neoplasms of unknown behavior (D43),26,needs_review,multi_year_total,1,,False
cod_brain_and_central_nervous_system_neoplasms_of_unknown_behavi,6.0,6.0,,none,South Dakota,2016,All,False,False,"Causes of Death, 2015-2024",5,count,excl_infant,cod_selected,2015-2024,,https://doh.sd.gov/media/iy5ld42w/cause-of-death-2015-2024-new.pdf,,fixture_text_capture,Brain and central nervous system neoplasms of unknown behavior (D43),6,needs_review,calendar_year,2,selected 1 of 2 source rows,False
cod_brain_and_central_nervous_system_neoplasms_of_unknown_behavi,2.0,2.0,,none,South Dakota,2017,All,False,False,"Causes of Death, 2015-2024",5,count,excl_infant,cod_selected,2015-2024,,https://doh.sd.gov/media/iy5ld42w/cause-of-death-2015-2024-new.pdf,,fixture_text_capture,Brain and central nervous system neoplasms of unknown behavior (D43),2,needs_review,calendar_year,2,selected 1 of 2 source rows,False
cod_brain_and_central_nervous_system_neoplasms_of_unknown_behavi,1.0,1.0,,none,South Dakota,2018,All,False,False,"Causes of Death, 2015-2024",5,count,excl_infant,cod_selected,2015-2024,,https://doh.sd.gov/media/iy5ld42w/cause-of-death-2015-2024-new.pdf,,fixture_text_capture,Brain and central nervous system neoplasms of unknown behavior (D43),1,needs_review,calendar_year,2,selected 1 of 2 source rows,False
cod_brain_and_central_nervous_system_neoplasms_of_unknown_behavi,2.0,2.0,,none,South Dakota,2019,All,False,False,"Causes of Death, 2015-2024",5,count,excl_infant,cod_selected,2015-2024,,https://doh.sd.gov/media/iy5ld42w/cause-of-death-2015-2024-new.pdf,,fixture_text_capture,Brain and central nervous system neoplasms of unknown behavior (D43),2,needs_review,calendar_year,2,selected 1 of 2 source rows,False
cod_brain_and_central_nervous_system_neoplasms_of_unknown_behavi,3.0,3.0,,none,South Dakota,2020,All,False,False,"Causes of Death, 2015-2024",5,count,excl_infant,cod_selected,2015-2024,,https://doh.sd.gov/media/iy5ld42w/cause-of-death-2015-2024-new.pdf,,fixture_text_capture,Brain and central nervous system neoplasms of unknown behavior (D43),3,needs_review,calendar_year,2,selected 1 of 2 source rows,False
cod_brain_and_central_nervous_system_neoplasms_of_unknown_behavi,3.0,3.0,,none,South Dakota,2021,All,False,False,"Causes of Death, 2015-2024",5,count,excl_infant,cod_selected,2015-2024,,https://doh.sd.gov/media/iy5ld42w/cause-of-death-2015-2024-new.pdf,,fixture_text_capture,Brain and central nervous system neoplasms of unknown behavior (D43),3,needs_review,calendar_year,2,selected 1 of 2 source rows,False
cod_brain_and_central_nervous_system_neoplasms_of_unknown_behavi,2.0,2.0,,none,South Dakota,2022,All,False,False,"Causes of Death, 2015-2024",5,count,excl_infant,cod_selected,2015-2024,,https://doh.sd.gov/media/iy5ld42w/cause-of-death-2015-2024-new.pdf,,fixture_text_capture,Brain and central nervous system neoplasms of unknown behavior (D43),2,needs_review,calendar_year,2,selected 1 of 2 source rows,False
cod_brain_and_central_nervous_system_neoplasms_of_unknown_behavi,0.0,0.0,,none,South Dakota,2023,All,False,False,"Causes of Death, 2015-2024",5,count,excl_infant,cod_selected,2015-2024,,https://doh.sd.gov/media/iy5ld42w/cause-of-death-2015-2024-new.pdf,,fixture_text_capture,Brain and central nervous system neoplasms of unknown behavior (D43),0,needs_review,calendar_year,2,selected 1 of 2 source rows,False
cod_brain_and_central_nervous_system_neoplasms_of_unknown_behavi,5.0,5.0,,none,South Dakota,2024,All,False,False,"Causes of Death, 2015-2024",5,count,excl_infant,cod_selected,2015-2024,,https://doh.sd.gov/media/iy5ld42w/cause-of-death-2015-2024-new.pdf,,fixture_text_capture,Brain and central nervous system neoplasms of unknown behavior (D43),5,needs_review,calendar_year,1,,False
cod_brain_damage_due_to_lack_of_oxygen,3.0,3.0,,none,South Dakota,2014,All,False,False,"Causes of Death, 2014-2023",0,count,excl_infant,cod_selected,2014-2023,,https://doh.sd.gov/media/g0rf2ewb/sd-cause-of-death-2014-2023.pdf,,fixture_text_capture,Brain damage due to lack of oxygen (G93.1),3,needs_review,calendar_year,1,,False
cod_brain_damage_due_to_lack_of_oxygen,78.0,78.0,,none,South Dakota,2014-2023,All,False,False,"Causes of Death, 2014-2023",0,count,excl_infant,cod_selected,2014-2023,,https://doh.sd.gov/media/g0rf2ewb/sd-cause-of-death-2014-2023.pdf,,fixture_text_capture,Brain damage due to lack of oxygen (G93.1),78,needs_review,multi_year_total,1,,False
cod_brain_damage_due_to_lack_of_oxygen,5.0,5.0,,none,South Dakota,2015,All,False,False,"Causes of Death, 2015-2024",3,count,excl_infant,cod_selected,2015-2024,,https://doh.sd.gov/media/iy5ld42w/cause-of-death-2015-2024-new.pdf,,fixture_text_capture,Brain damage due to lack of oxygen (G93.1),5,needs_review,calendar_year,2,selected 1 of 2 source rows,False
cod_brain_damage_due_to_lack_of_oxygen,85.0,85.0,,none,South Dakota,2015-2024,All,False,False,"Causes of Death, 2015-2024",3,count,excl_infant,cod_selected,2015-2024,,https://doh.sd.gov/media/iy5ld42w/cause-of-death-2015-2024-new.pdf,,fixture_text_capture,Brain damage due to lack of oxygen (G93.1),85,needs_review,multi_year_total,1,,False
cod_brain_damage_due_to_lack_of_oxygen,6.0,6.0,,none,South Dakota,2016,All,False,False,"Causes of Death, 2015-2024",3,count,excl_infant,cod_selected,2015-2024,,https://doh.sd.gov/media/iy5ld42w/cause-of-death-2015-2024-new.pdf,,fixture_text_capture,Brain damage due to lack of oxygen (G93.1),6,needs_review,calendar_year,2,selected 1 of 2 source rows,False
cod_brain_damage_due_to_lack_of_oxygen,9.0,9.0,,none,South Dakota,2017,All,False,False,"Causes of Death, 2015-2024",3,count,excl_infant,cod_selected,2015-2024,,https://doh.sd.gov/media/iy5ld42w/cause-of-death-2015-2024-new.pdf,,fixture_text_capture,Brain damage due to lack of oxygen (G93.1),9,needs_review,calendar_year,2,selected 1 of 2 source rows,False
cod_brain_damage_due_to_lack_of_oxygen,6.0,6.0,,none,South Dakota,2018,All,False,False,"Causes of Death, 2015-2024",3,count,excl_infant,cod_selected,2015-2024,,https://doh.sd.gov/media/iy5ld42w/cause-of-death-2015-2024-new.pdf,,fixture_text_capture,Brain damage due to lack of oxygen (G93.1),6,needs_review,calendar_year,2,selected 1 of 2 source rows,False
cod_brain_damage_due_to_lack_of_oxygen,9.0,9.0,,none,South Dakota,2019,All,False,False,"Causes of Death, 2015-2024",3,count,excl_infant,cod_selected,2015-2024,,https://doh.sd.gov/media/iy5ld42w/cause-of-death-2015-2024-new.pdf,,fixture_text_capture,Brain damage due to lack of oxygen (G93.1),9,needs_review,calendar_year,2,selected 1 of 2 source rows,False
cod_brain_damage_due_to_lack_of_oxygen,10.0,10.0,,none,South Dakota,2020,All,False,False,"Causes of Death, 2015-2024",3,count,excl_infant,cod_selected,2015-2024,,https://doh.sd.gov/media/iy5ld42w/cause-of-death-2015-2024-new.pdf,,fixture_text_capture,Brain damage due to lack of oxygen (G93.1),10,needs_review,calendar_year,2,selected 1 of 2 source rows,False
cod_brain_damage_due_to_lack_of_oxygen,12.0,12.0,,none,South Dakota,2021,All,False,False,"Causes of Death, 2015-2024",3,count,excl_infant,cod_selected,2015-2024,,https://doh.sd.gov/media/iy5ld42w/cause-of-death-2015-2024-new.pdf,,fixture_text_capture,Brain damage due to lack of oxygen (G93.1),12,needs_review,calendar_year,2,selected 1 of 2 source rows,False
cod_brain_damage_due_to_lack_of_oxygen,11.0,11.0,,none,South Dakota,2022,All,False,False,"Causes of Death, 2015-2024",3,count,excl_infant,cod_selected,2015-2024,,https://doh.sd.gov/media/iy5ld42w/cause-of-death-2015-2024-new.pdf,,fixture_text_capture,Brain damage due to lack of oxygen (G93.1),11,needs_review,calendar_year,2,selected 1 of 2 source rows,False
cod_brain_damage_due_to_lack_of_oxygen,7.0,7.0,,none,South Dakota,2023,All,False,False,"Causes of Death, 2015-2024",3,count,excl_infant,cod_selected,2015-2024,,https://doh.sd.gov/media/iy5ld42w/cause-of-death-2015-2024-new.pdf,,fixture_text_capture,Brain damage due to lack of oxygen (G93.1),7,needs_review,calendar_year,2,selected 1 of 2 source rows,False
cod_brain_damage_due_to_lack_of_oxygen,10.0,10.0,,none,South Dakota,2024,All,False,False,"Causes of Death, 2015-2024",3,count,excl_infant,cod_selected,2015-2024,,https://doh.sd.gov/media/iy5ld42w/cause-of-death-2015-2024-new.pdf,,fixture_text_capture,Brain damage due to lack of oxygen (G93.1),10,needs_review,calendar_year,1,,False
cod_brain_dysfunction_caused_by_a_chemical_imbalance_in_the_bloo,3.0,3.0,,none,South Dakota,2014,All,False,False,"Causes of Death, 2014-2023",0,count,excl_infant,cod_selected,2014-2023,,https://doh.sd.gov/media/g0rf2ewb/sd-cause-of-death-2014-2023.pdf,,fixture_text_capture,Brain dysfunction caused by a chemical imbalance in the blood (E88.9),3,needs_review,calendar_year,1,,False
cod_brain_dysfunction_caused_by_a_chemical_imbalance_in_the_bloo,65.0,65.0,,none,South Dakota,2014-2023,All,False,False,"Causes of Death, 2014-2023",0,count,excl_infant,cod_selected,2014-2023,,https://doh.sd.gov/media/g0rf2ewb/sd-cause-of-death-2014-2023.pdf,,fixture_text_capture,Brain dysfunction caused by a chemical imbalance in the blood (E88.9),65,needs_review,multi_year_total,1,,False
cod_brain_dysfunction_caused_by_a_chemical_imbalance_in_the_bloo,4.0,4.0,,none,South Dakota,2015,All,False,False,"Causes of Death, 2015-2024",3,count,excl_infant,cod_selected,2015-2024,,https://doh.sd.gov/media/iy5ld42w/cause-of-death-2015-2024-new.pdf,,fixture_text_capture,Brain dysfunction caused by a chemical imbalance in the blood (E88.9),4,needs_review,calendar_year,2,selected 1 of 2 source rows,False
cod_brain_dysfunction_caused_by_a_chemical_imbalance_in_the_bloo,75.0,75.0,,none,South Dakota,2015-2024,All,False,False,"Causes of Death, 2015-2024",3,count,excl_infant,cod_selected,2015-2024,,https://doh.sd.gov/media/iy5ld42w/cause-of-death-2015-2024-new.pdf,,fixture_text_capture,Brain dysfunction caused by a chemical imbalance in the blood (E88.9),75,needs_review,multi_year_total,1,,False
cod_brain_dysfunction_caused_by_a_chemical_imbalance_in_the_bloo,0.0,0.0,,none,South Dakota,2016,All,False,False,"Causes of Death, 2015-2024",3,count,excl_infant,cod_selected,2015-2024,,https://doh.sd.gov/media/iy5ld42w/cause-of-death-2015-2024-new.pdf,,fixture_text_capture,Brain dysfunction caused by a chemical imbalance in the blood (E88.9),0,needs_review,calendar_year,2,selected 1 of 2 source rows,False
cod_brain_dysfunction_caused_by_a_chemical_imbalance_in_the_bloo,4.0,4.0,,none,South Dakota,2017,All,False,False,"Causes of Death, 2015-2024",3,count,excl_infant,cod_selected,2015-2024,,https://doh.sd.gov/media/iy5ld42w/cause-of-death-2015-2024-new.pdf,,fixture_text_capture,Brain dysfunction caused by a chemical imbalance in the blood (E88.9),4,needs_review,calendar_year,2,selected 1 of 2 source rows,False
cod_brain_dysfunction_caused_by_a_chemical_imbalance_in_the_bloo,3.0,3.0,,none,South Dakota,2018,All,False,False,"Causes of Death, 2015-2024",3,count,excl_infant,cod_selected,2015-2024,,https://doh.sd.gov/media/iy5ld42w/cause-of-death-2015-2024-new.pdf,,fixture_text_capture,Brain dysfunction caused by a chemical imbalance in the blood (E88.9),3,needs_review,calendar_year,2,selected 1 of 2 source rows,False
cod_brain_dysfunction_caused_by_a_chemical_imbalance_in_the_bloo,5.0,5.0,,none,South Dakota,2019,All,False,False,"Causes of Death, 2015-2024",3,count,excl_infant,cod_selected,2015-2024,,https://doh.sd.gov/media/iy5ld42w/cause-of-death-2015-2024-new.pdf,,fixture_text_capture,Brain dysfunction caused by a chemical imbalance in the blood (E88.9),5,needs_review,calendar_year,2,selected 1 of 2 source rows,False
cod_brain_dysfunction_caused_by_a_chemical_imbalance_in_the_bloo,12.0,12.0,,none,South Dakota,2020,All,False,False,"Causes of Death, 2015-2024",3,count,excl_infant,cod_selected,2015-2024,,https://doh.sd.gov/media/iy5ld42w/cause-of-death-2015-2024-new.pdf,,fixture_text_capture,Brain dysfunction caused by a chemical imbalance in the blood (E88.9),12,needs_review,calendar_year,2,selected 1 of 2 source rows,False
cod_brain_dysfunction_caused_by_a_chemical_imbalance_in_the_bloo,16.0,16.0,,none,South Dakota,2021,All,False,False,"Causes of Death, 2015-2024",3,count,excl_infant,cod_selected,2015-2024,,https://doh.sd.gov/media/iy5ld42w/cause-of-death-2015-2024-new.pdf,,fixture_text_capture,Brain dysfunction caused by a chemical imbalance in the blood (E88.9),16,needs_review,calendar_year,2,selected 1 of 2 source rows,False
cod_brain_dysfunction_caused_by_a_chemical_imbalance_in_the_bloo,9.0,9.0,,none,South Dakota,2022,All,False,False,"Causes of Death, 2015-2024",3,count,excl_infant,cod_selected,2015-2024,,https://doh.sd.gov/media/iy5ld42w/cause-of-death-2015-2024-new.pdf,,fixture_text_capture,Brain dysfunction caused by a chemical imbalance in the blood (E88.9),9,needs_review,calendar_year,2,selected 1 of 2 source rows,False
cod_brain_dysfunction_caused_by_a_chemical_imbalance_in_the_bloo,9.0,9.0,,none,South Dakota,2023,All,False,False,"Causes of Death, 2015-2024",3,count,excl_infant,cod_selected,2015-2024,,https://doh.sd.gov/media/iy5ld42w/cause-of-death-2015-2024-new.pdf,,fixture_text_capture,Brain dysfunction caused by a chemical imbalance in the blood (E88.9),9,needs_review,calendar_year,2,selected 1 of 2 source rows,False
cod_brain_dysfunction_caused_by_a_chemical_imbalance_in_the_bloo,13.0,13.0,,none,South Dakota,2024,All,False,False,"Causes of Death, 2015-2024",3,count,excl_infant,cod_selected,2015-2024,,https://doh.sd.gov/media/iy5ld42w/cause-of-death-2015-2024-new.pdf,,fixture_text_capture,Brain dysfunction caused by a chemical imbalance in the blood (E88.9),13,needs_review,calendar_year,1,,False
cod_brain_illness_dysfunction_encephalopathy,4.0,4.0,,none,South Dakota,2014,All,False,False,"Causes of Death, 2014-2023",0,count,excl_infant,cod_selected,2014-2023,,https://doh.sd.gov/media/g0rf2ewb/sd-cause-of-death-2014-2023.pdf,,fixture_text_capture,Brain illness/dysfunction (Encephalopathy) (G93.4),4,needs_review,calendar_year,1,,False
cod_brain_illness_dysfunction_encephalopathy,70.0,70.0,,none,South Dakota,2014-2023,All,False,False,"Causes of Death, 2014-2023",0,count,excl_infant,cod_selected,2014-2023,,https://doh.sd.gov/media/g0rf2ewb/sd-cause-of-death-2014-2023.pdf,,fixture_text_capture,Brain illness/dysfunction (Encephalopathy) (G93.4),70,needs_review,multi_year_total,1,,False
cod_brain_illness_dysfunction_encephalopathy,5.0,5.0,,none,South Dakota,2015,All,False,False,"Causes of Death, 2015-2024",3,count,excl_infant,cod_selected,2015-2024,,https://doh.sd.gov/media/iy5ld42w/cause-of-death-2015-2024-new.pdf,,fixture_text_capture,Brain illness/dysfunction (Encephalopathy) (G93.4),5,needs_review,calendar_year,2,selected 1 of 2 source rows,False
cod_brain_illness_dysfunction_encephalopathy,73.0,73.0,,none,South Dakota,2015-2024,All,False,False,"Causes of Death, 2015-2024",3,count,excl_infant,cod_selected,2015-2024,,https://doh.sd.gov/media/iy5ld42w/cause-of-death-2015-2024-new.pdf,,fixture_text_capture,Brain illness/dysfunction (Encephalopathy) (G93.4),73,needs_review,multi_year_total,1,,False
cod_brain_illness_dysfunction_encephalopathy,2.0,2.0,,none,South Dakota,2016,All,False,False,"Causes of Death, 2015-2024",3,count,excl_infant,cod_selected,2015-2024,,https://doh.sd.gov/media/iy5ld42w/cause-of-death-2015-2024-new.pdf,,fixture_text_capture,Brain illness/dysfunction (Encephalopathy) (G93.4),2,needs_review,calendar_year,2,selected 1 of 2 source rows,False
cod_brain_illness_dysfunction_encephalopathy,6.0,6.0,,none,South Dakota,2017,All,False,False,"Causes of Death, 2015-2024",3,count,excl_infant,cod_selected,2015-2024,,https://doh.sd.gov/media/iy5ld42w/cause-of-death-2015-2024-new.pdf,,fixture_text_capture,Brain illness/dysfunction (Encephalopathy) (G93.4),6,needs_review,calendar_year,2,selected 1 of 2 source rows,False
cod_brain_illness_dysfunction_encephalopathy,8.0,8.0,,none,South Dakota,2018,All,False,False,"Causes of Death, 2015-2024",3,count,excl_infant,cod_selected,2015-2024,,https://doh.sd.gov/media/iy5ld42w/cause-of-death-2015-2024-new.pdf,,fixture_text_capture,Brain illness/dysfunction (Encephalopathy) (G93.4),8,needs_review,calendar_year,2,selected 1 of 2 source rows,False
cod_brain_illness_dysfunction_encephalopathy,10.0,10.0,,none,South Dakota,2019,All,False,False,"Causes of Death, 2015-2024",3,count,excl_infant,cod_selected,2015-2024,,https://doh.sd.gov/media/iy5ld42w/cause-of-death-2015-2024-new.pdf,,fixture_text_capture,Brain illness/dysfunction (Encephalopathy) (G93.4),10,needs_review,calendar_year,2,selected 1 of 2 source rows,False
cod_brain_illness_dysfunction_encephalopathy,7.0,7.0,,none,South Dakota,2020,All,False,False,"Causes of Death, 2015-2024",3,count,excl_infant,cod_selected,2015-2024,,https://doh.sd.gov/media/iy5ld42w/cause-of-death-2015-2024-new.pdf,,fixture_text_capture,Brain illness/dysfunction (Encephalopathy) (G93.4),7,needs_review,calendar_year,2,selected 1 of 2 source rows,False
cod_brain_illness_dysfunction_encephalopathy,11.0,11.0,,none,South Dakota,2021,All,False,False,"Causes of Death, 2015-2024",3,count,excl_infant,cod_selected,2015-2024,,https://doh.sd.gov/media/iy5ld42w/cause-of-death-2015-2024-new.pdf,,fixture_text_capture,Brain illness/dysfunction (Encephalopathy) (G93.4),11,needs_review,calendar_year,2,selected 1 of 2 source rows,False
cod_brain_illness_dysfunction_encephalopathy,8.0,8.0,,none,South Dakota,2022,All,False,False,"Causes of Death, 2015-2024",3,count,excl_infant,cod_selected,2015-2024,,https://doh.sd.gov/media/iy5ld42w/cause-of-death-2015-2024-new.pdf,,fixture_text_capture,Brain illness/dysfunction (Encephalopathy) (G93.4),8,needs_review,calendar_year,2,selected 1 of 2 source rows,False
cod_brain_illness_dysfunction_encephalopathy,9.0,9.0,,none,South Dakota,2023,All,False,False,"Causes of Death, 2015-2024",3,count,excl_infant,cod_selected,2015-2024,,https://doh.sd.gov/media/iy5ld42w/cause-of-death-2015-2024-new.pdf,,fixture_text_capture,Brain illness/dysfunction (Encephalopathy) (G93.4),9,needs_review,calendar_year,2,selected 1 of 2 source rows,False
cod_brain_illness_dysfunction_encephalopathy,7.0,7.0,,none,South Dakota,2024,All,False,False,"Causes of Death, 2015-2024",3,count,excl_infant,cod_selected,2015-2024,,https://doh.sd.gov/media/iy5ld42w/cause-of-death-2015-2024-new.pdf,,fixture_text_capture,Brain illness/dysfunction (Encephalopathy) (G93.4),7,needs_review,calendar_year,1,,False
cod_cellulitis,8.0,8.0,,none,South Dakota,2014,All,False,False,"Causes of Death, 2014-2023",0,count,excl_infant,cod_selected,2014-2023,,https://doh.sd.gov/media/g0rf2ewb/sd-cause-of-death-2014-2023.pdf,,fixture_text_capture,Cellulitis (L03),8,needs_review,calendar_year,1,,False
cod_cellulitis,125.0,125.0,,none,South Dakota,2014-2023,All,False,False,"Causes of Death, 2014-2023",0,count,excl_infant,cod_selected,2014-2023,,https://doh.sd.gov/media/g0rf2ewb/sd-cause-of-death-2014-2023.pdf,,fixture_text_capture,Cellulitis (L03),125,needs_review,multi_year_total,1,,False
cod_cellulitis,6.0,6.0,,none,South Dakota,2015,All,False,False,"Causes of Death, 2015-2024",2,count,excl_infant,cod_selected,2015-2024,,https://doh.sd.gov/media/iy5ld42w/cause-of-death-2015-2024-new.pdf,,fixture_text_capture,Cellulitis (L03),6,needs_review,calendar_year,2,selected 1 of 2 source rows,False
cod_cellulitis,126.0,126.0,,none,South Dakota,2015-2024,All,False,False,"Causes of Death, 2015-2024",2,count,excl_infant,cod_selected,2015-2024,,https://doh.sd.gov/media/iy5ld42w/cause-of-death-2015-2024-new.pdf,,fixture_text_capture,Cellulitis (L03),126,needs_review,multi_year_total,1,,False
cod_cellulitis,9.0,9.0,,none,South Dakota,2016,All,False,False,"Causes of Death, 2015-2024",2,count,excl_infant,cod_selected,2015-2024,,https://doh.sd.gov/media/iy5ld42w/cause-of-death-2015-2024-new.pdf,,fixture_text_capture,Cellulitis (L03),9,needs_review,calendar_year,2,selected 1 of 2 source rows,False
cod_cellulitis,12.0,12.0,,none,South Dakota,2017,All,False,False,"Causes of Death, 2015-2024",2,count,excl_infant,cod_selected,2015-2024,,https://doh.sd.gov/media/iy5ld42w/cause-of-death-2015-2024-new.pdf,,fixture_text_capture,Cellulitis (L03),12,needs_review,calendar_year,2,selected 1 of 2 source rows,False
cod_cellulitis,11.0,11.0,,none,South Dakota,2018,All,False,False,"Causes of Death, 2015-2024",2,count,excl_infant,cod_selected,2015-2024,,https://doh.sd.gov/media/iy5ld42w/cause-of-death-2015-2024-new.pdf,,fixture_text_capture,Cellulitis (L03),11,needs_review,calendar_year,2,selected 1 of 2 source rows,False
cod_cellulitis,14.0,14.0,,none,South Dakota,2019,All,False,False,"Causes of Death, 2015-2024",2,count,excl_infant,cod_selected,2015-2024,,https://doh.sd.gov/media/iy5ld42w/cause-of-death-2015-2024-new.pdf,,fixture_text_capture,Cellulitis (L03),14,needs_review,calendar_year,2,selected 1 of 2 source rows,False
cod_cellulitis,17.0,17.0,,none,South Dakota,2020,All,False,False,"Causes of Death, 2015-2024",2,count,excl_infant,cod_selected,2015-2024,,https://doh.sd.gov/media/iy5ld42w/cause-of-death-2015-2024-new.pdf,,fixture_text_capture,Cellulitis (L03),17,needs_review,calendar_year,2,selected 1 of 2 source rows,False
cod_cellulitis,14.0,14.0,,none,South Dakota,2021,All,False,False,"Causes of Death, 2015-2024",2,count,excl_infant,cod_selected,2015-2024,,https://doh.sd.gov/media/iy5ld42w/cause-of-death-2015-2024-new.pdf,,fixture_text_capture,Cellulitis (L03),14,needs_review,calendar_year,2,selected 1 of 2 source rows,False
cod_cellulitis,22.0,22.0,,none,South Dakota,2022,All,False,False,"Causes of Death, 2015-2024",2,count,excl_infant,cod_selected,2015-2024,,https://doh.sd.gov/media/iy5ld42w/cause-of-death-2015-2024-new.pdf,,fixture_text_capture,Cellulitis (L03),22,needs_review,calendar_year,2,selected 1 of 2 source rows,False
cod_cellulitis,12.0,12.0,,none,South Dakota,2023,All,False,False,"Causes of Death, 2015-2024",2,count,excl_infant,cod_selected,2015-2024,,https://doh.sd.gov/media/iy5ld42w/cause-of-death-2015-2024-new.pdf,,fixture_text_capture,Cellulitis (L03),12,needs_review,calendar_year,2,selected 1 of 2 source rows,False
cod_cellulitis,9.0,9.0,,none,South Dakota,2024,All,False,False,"Causes of Death, 2015-2024",2,count,excl_infant,cod_selected,2015-2024,,https://doh.sd.gov/media/iy5ld42w/cause-of-death-2015-2024-new.pdf,,fixture_text_capture,Cellulitis (L03),9,needs_review,calendar_year,1,,False
cod_cerebral_palsy,4.0,4.0,,none,South Dakota,2014,All,False,False,"Causes of Death, 2014-2023",0,count,excl_infant,cod_selected,2014-2023,,https://doh.sd.gov/media/g0rf2ewb/sd-cause-of-death-2014-2023.pdf,,fixture_text_capture,Cerebral palsy (G80),4,needs_review,calendar_year,1,,False
cod_cerebral_palsy,72.0,72.0,,none,South Dakota,2014-2023,All,False,False,"Causes of Death, 2014-2023",0,count,excl_infant,cod_selected,2014-2023,,https://doh.sd.gov/media/g0rf2ewb/sd-cause-of-death-2014-2023.pdf,,fixture_text_capture,Cerebral palsy (G80),72,needs_review,multi_year_total,1,,False
cod_cerebral_palsy,9.0,9.0,,none,South Dakota,2015,All,False,False,"Causes of Death, 2015-2024",3,count,excl_infant,cod_selected,2015-2024,,https://doh.sd.gov/media/iy5ld42w/cause-of-death-2015-2024-new.pdf,,fixture_text_capture,Cerebral palsy (G80),9,needs_review,calendar_year,2,selected 1 of 2 source rows,False
cod_cerebral_palsy,78.0,78.0,,none,South Dakota,2015-2024,All,False,False,"Causes of Death, 2015-2024",3,count,excl_infant,cod_selected,2015-2024,,https://doh.sd.gov/media/iy5ld42w/cause-of-death-2015-2024-new.pdf,,fixture_text_capture,Cerebral palsy (G80),78,needs_review,multi_year_total,1,,False
cod_cerebral_palsy,10.0,10.0,,none,South Dakota,2016,All,False,False,"Causes of Death, 2015-2024",3,count,excl_infant,cod_selected,2015-2024,,https://doh.sd.gov/media/iy5ld42w/cause-of-death-2015-2024-new.pdf,,fixture_text_capture,Cerebral palsy (G80),10,needs_review,calendar_year,2,selected 1 of 2 source rows,False
cod_cerebral_palsy,5.0,5.0,,none,South Dakota,2017,All,False,False,"Causes of Death, 2015-2024",3,count,excl_infant,cod_selected,2015-2024,,https://doh.sd.gov/media/iy5ld42w/cause-of-death-2015-2024-new.pdf,,fixture_text_capture,Cerebral palsy (G80),5,needs_review,calendar_year,2,selected 1 of 2 source rows,False
cod_cerebral_palsy,9.0,9.0,,none,South Dakota,2018,All,False,False,"Causes of Death, 2015-2024",3,count,excl_infant,cod_selected,2015-2024,,https://doh.sd.gov/media/iy5ld42w/cause-of-death-2015-2024-new.pdf,,fixture_text_capture,Cerebral palsy (G80),9,needs_review,calendar_year,2,selected 1 of 2 source rows,False
cod_cerebral_palsy,5.0,5.0,,none,South Dakota,2019,All,False,False,"Causes of Death, 2015-2024",3,count,excl_infant,cod_selected,2015-2024,,https://doh.sd.gov/media/iy5ld42w/cause-of-death-2015-2024-new.pdf,,fixture_text_capture,Cerebral palsy (G80),5,needs_review,calendar_year,2,selected 1 of 2 source rows,False
cod_cerebral_palsy,10.0,10.0,,none,South Dakota,2020,All,False,False,"Causes of Death, 2015-2024",3,count,excl_infant,cod_selected,2015-2024,,https://doh.sd.gov/media/iy5ld42w/cause-of-death-2015-2024-new.pdf,,fixture_text_capture,Cerebral palsy (G80),10,needs_review,calendar_year,2,selected 1 of 2 source rows,False
cod_cerebral_palsy,7.0,7.0,,none,South Dakota,2021,All,False,False,"Causes of Death, 2015-2024",3,count,excl_infant,cod_selected,2015-2024,,https://doh.sd.gov/media/iy5ld42w/cause-of-death-2015-2024-new.pdf,,fixture_text_capture,Cerebral palsy (G80),7,needs_review,calendar_year,2,selected 1 of 2 source rows,False
cod_cerebral_palsy,6.0,6.0,,none,South Dakota,2022,All,False,False,"Causes of Death, 2015-2024",3,count,excl_infant,cod_selected,2015-2024,,https://doh.sd.gov/media/iy5ld42w/cause-of-death-2015-2024-new.pdf,,fixture_text_capture,Cerebral palsy (G80),6,needs_review,calendar_year,2,selected 1 of 2 source rows,False
cod_cerebral_palsy,7.0,7.0,,none,South Dakota,2023,All,False,False,"Causes of Death, 2015-2024",3,count,excl_infant,cod_selected,2015-2024,,https://doh.sd.gov/media/iy5ld42w/cause-of-death-2015-2024-new.pdf,,fixture_text_capture,Cerebral palsy (G80),7,needs_review,calendar_year,2,selected 1 of 2 source rows,False
cod_cerebral_palsy,10.0,10.0,,none,South Dakota,2024,All,False,False,"Causes of Death, 2015-2024",3,count,excl_infant,cod_selected,2015-2024,,https://doh.sd.gov/media/iy5ld42w/cause-of-death-2015-2024-new.pdf,,fixture_text_capture,Cerebral palsy (G80),10,needs_review,calendar_year,1,,False
cod_choking_on_any_object_except_food,1.0,1.0,,none,South Dakota,2014,All,False,False,"Causes of Death, 2014-2023",0,count,excl_infant,cod_selected,2014-2023,,https://doh.sd.gov/media/g0rf2ewb/sd-cause-of-death-2014-2023.pdf,,fixture_text_capture,Choking on any object except food (W80),1,needs_review,calendar_year,1,,False
cod_choking_on_any_object_except_food,26.0,26.0,,none,South Dakota,2014-2023,All,False,False,"Causes of Death, 2014-2023",0,count,excl_infant,cod_selected,2014-2023,,https://doh.sd.gov/media/g0rf2ewb/sd-cause-of-death-2014-2023.pdf,,fixture_text_capture,Choking on any object except food (W80),26,needs_review,multi_year_total,1,,False
cod_choking_on_any_object_except_food,1.0,1.0,,none,South Dakota,2015,All,False,False,"Causes of Death, 2015-2024",4,count,excl_infant,cod_selected,2015-2024,,https://doh.sd.gov/media/iy5ld42w/cause-of-death-2015-2024-new.pdf,,fixture_text_capture,Choking on any object except food (W80),1,needs_review,calendar_year,2,selected 1 of 2 source rows,False
cod_choking_on_any_object_except_food,32.0,32.0,,none,South Dakota,2015-2024,All,False,False,"Causes of Death, 2015-2024",4,count,excl_infant,cod_selected,2015-2024,,https://doh.sd.gov/media/iy5ld42w/cause-of-death-2015-2024-new.pdf,,fixture_text_capture,Choking on any object except food (W80),32,needs_review,multi_year_total,1,,False
cod_choking_on_any_object_except_food,2.0,2.0,,none,South Dakota,2016,All,False,False,"Causes of Death, 2015-2024",4,count,excl_infant,cod_selected,2015-2024,,https://doh.sd.gov/media/iy5ld42w/cause-of-death-2015-2024-new.pdf,,fixture_text_capture,Choking on any object except food (W80),2,needs_review,calendar_year,2,selected 1 of 2 source rows,False
cod_choking_on_any_object_except_food,3.0,3.0,,none,South Dakota,2017,All,False,False,"Causes of Death, 2015-2024",4,count,excl_infant,cod_selected,2015-2024,,https://doh.sd.gov/media/iy5ld42w/cause-of-death-2015-2024-new.pdf,,fixture_text_capture,Choking on any object except food (W80),3,needs_review,calendar_year,2,selected 1 of 2 source rows,False
cod_choking_on_any_object_except_food,2.0,2.0,,none,South Dakota,2018,All,False,False,"Causes of Death, 2015-2024",4,count,excl_infant,cod_selected,2015-2024,,https://doh.sd.gov/media/iy5ld42w/cause-of-death-2015-2024-new.pdf,,fixture_text_capture,Choking on any object except food (W80),2,needs_review,calendar_year,2,selected 1 of 2 source rows,False
cod_choking_on_any_object_except_food,0.0,0.0,,none,South Dakota,2019,All,False,False,"Causes of Death, 2015-2024",4,count,excl_infant,cod_selected,2015-2024,,https://doh.sd.gov/media/iy5ld42w/cause-of-death-2015-2024-new.pdf,,fixture_text_capture,Choking on any object except food (W80),0,needs_review,calendar_year,2,selected 1 of 2 source rows,False
cod_choking_on_any_object_except_food,5.0,5.0,,none,South Dakota,2020,All,False,False,"Causes of Death, 2015-2024",4,count,excl_infant,cod_selected,2015-2024,,https://doh.sd.gov/media/iy5ld42w/cause-of-death-2015-2024-new.pdf,,fixture_text_capture,Choking on any object except food (W80),5,needs_review,calendar_year,2,selected 1 of 2 source rows,False
cod_choking_on_any_object_except_food,3.0,3.0,,none,South Dakota,2021,All,False,False,"Causes of Death, 2015-2024",4,count,excl_infant,cod_selected,2015-2024,,https://doh.sd.gov/media/iy5ld42w/cause-of-death-2015-2024-new.pdf,,fixture_text_capture,Choking on any object except food (W80),3,needs_review,calendar_year,2,selected 1 of 2 source rows,False
cod_choking_on_any_object_except_food,2.0,2.0,,none,South Dakota,2022,All,False,False,"Causes of Death, 2015-2024",4,count,excl_infant,cod_selected,2015-2024,,https://doh.sd.gov/media/iy5ld42w/cause-of-death-2015-2024-new.pdf,,fixture_text_capture,Choking on any object except food (W80),2,needs_review,calendar_year,2,selected 1 of 2 source rows,False
cod_choking_on_any_object_except_food,7.0,7.0,,none,South Dakota,2023,All,False,False,"Causes of Death, 2015-2024",4,count,excl_infant,cod_selected,2015-2024,,https://doh.sd.gov/media/iy5ld42w/cause-of-death-2015-2024-new.pdf,,fixture_text_capture,Choking on any object except food (W80),7,needs_review,calendar_year,2,selected 1 of 2 source rows,False
cod_choking_on_any_object_except_food,7.0,7.0,,none,South Dakota,2024,All,False,False,"Causes of Death, 2015-2024",4,count,excl_infant,cod_selected,2015-2024,,https://doh.sd.gov/media/iy5ld42w/cause-of-death-2015-2024-new.pdf,,fixture_text_capture,Choking on any object except food (W80),7,needs_review,calendar_year,1,,False
cod_choking_on_food,7.0,7.0,,none,South Dakota,2014,All,False,False,"Causes of Death, 2014-2023",0,count,excl_infant,cod_selected,2014-2023,,https://doh.sd.gov/media/g0rf2ewb/sd-cause-of-death-2014-2023.pdf,,fixture_text_capture,Choking on food (W79),7,needs_review,calendar_year,1,,False
cod_choking_on_food,68.0,68.0,,none,South Dakota,2014-2023,All,False,False,"Causes of Death, 2014-2023",0,count,excl_infant,cod_selected,2014-2023,,https://doh.sd.gov/media/g0rf2ewb/sd-cause-of-death-2014-2023.pdf,,fixture_text_capture,Choking on food (W79),68,needs_review,multi_year_total,1,,False
cod_choking_on_food,4.0,4.0,,none,South Dakota,2015,All,False,False,"Causes of Death, 2015-2024",3,count,excl_infant,cod_selected,2015-2024,,https://doh.sd.gov/media/iy5ld42w/cause-of-death-2015-2024-new.pdf,,fixture_text_capture,Choking on food (W79),4,needs_review,calendar_year,2,selected 1 of 2 source rows,False
cod_choking_on_food,69.0,69.0,,none,South Dakota,2015-2024,All,False,False,"Causes of Death, 2015-2024",3,count,excl_infant,cod_selected,2015-2024,,https://doh.sd.gov/media/iy5ld42w/cause-of-death-2015-2024-new.pdf,,fixture_text_capture,Choking on food (W79),69,needs_review,multi_year_total,1,,False
cod_choking_on_food,10.0,10.0,,none,South Dakota,2016,All,False,False,"Causes of Death, 2015-2024",3,count,excl_infant,cod_selected,2015-2024,,https://doh.sd.gov/media/iy5ld42w/cause-of-death-2015-2024-new.pdf,,fixture_text_capture,Choking on food (W79),10,needs_review,calendar_year,2,selected 1 of 2 source rows,False
cod_choking_on_food,7.0,7.0,,none,South Dakota,2017,All,False,False,"Causes of Death, 2015-2024",3,count,excl_infant,cod_selected,2015-2024,,https://doh.sd.gov/media/iy5ld42w/cause-of-death-2015-2024-new.pdf,,fixture_text_capture,Choking on food (W79),7,needs_review,calendar_year,2,selected 1 of 2 source rows,False
cod_choking_on_food,4.0,4.0,,none,South Dakota,2018,All,False,False,"Causes of Death, 2015-2024",3,count,excl_infant,cod_selected,2015-2024,,https://doh.sd.gov/media/iy5ld42w/cause-of-death-2015-2024-new.pdf,,fixture_text_capture,Choking on food (W79),4,needs_review,calendar_year,2,selected 1 of 2 source rows,False
cod_choking_on_food,7.0,7.0,,none,South Dakota,2019,All,False,False,"Causes of Death, 2015-2024",3,count,excl_infant,cod_selected,2015-2024,,https://doh.sd.gov/media/iy5ld42w/cause-of-death-2015-2024-new.pdf,,fixture_text_capture,Choking on food (W79),7,needs_review,calendar_year,2,selected 1 of 2 source rows,False
cod_choking_on_food,3.0,3.0,,none,South Dakota,2020,All,False,False,"Causes of Death, 2015-2024",3,count,excl_infant,cod_selected,2015-2024,,https://doh.sd.gov/media/iy5ld42w/cause-of-death-2015-2024-new.pdf,,fixture_text_capture,Choking on food (W79),3,needs_review,calendar_year,2,selected 1 of 2 source rows,False
cod_choking_on_food,5.0,5.0,,none,South Dakota,2021,All,False,False,"Causes of Death, 2015-2024",3,count,excl_infant,cod_selected,2015-2024,,https://doh.sd.gov/media/iy5ld42w/cause-of-death-2015-2024-new.pdf,,fixture_text_capture,Choking on food (W79),5,needs_review,calendar_year,2,selected 1 of 2 source rows,False
cod_choking_on_food,8.0,8.0,,none,South Dakota,2022,All,False,False,"Causes of Death, 2015-2024",3,count,excl_infant,cod_selected,2015-2024,,https://doh.sd.gov/media/iy5ld42w/cause-of-death-2015-2024-new.pdf,,fixture_text_capture,Choking on food (W79),8,needs_review,calendar_year,2,selected 1 of 2 source rows,False
cod_choking_on_food,13.0,13.0,,none,South Dakota,2023,All,False,False,"Causes of Death, 2015-2024",3,count,excl_infant,cod_selected,2015-2024,,https://doh.sd.gov/media/iy5ld42w/cause-of-death-2015-2024-new.pdf,,fixture_text_capture,Choking on food (W79),13,needs_review,calendar_year,2,selected 1 of 2 source rows,False
cod_choking_on_food,8.0,8.0,,none,South Dakota,2024,All,False,False,"Causes of Death, 2015-2024",3,count,excl_infant,cod_selected,2015-2024,,https://doh.sd.gov/media/iy5ld42w/cause-of-death-2015-2024-new.pdf,,fixture_text_capture,Choking on food (W79),8,needs_review,calendar_year,1,,False
cod_chronic_alcohol_abuse,30.0,30.0,,none,South Dakota,2014,All,False,False,"Causes of Death, 2014-2023",0,count,excl_infant,cod_selected,2014-2023,,https://doh.sd.gov/media/g0rf2ewb/sd-cause-of-death-2014-2023.pdf,,fixture_text_capture,Chronic alcohol abuse (F10),30,needs_review,calendar_year,1,,False
cod_chronic_alcohol_abuse,445.0,445.0,,none,South Dakota,2014-2023,All,False,False,"Causes of Death, 2014-2023",0,count,excl_infant,cod_selected,2014-2023,,https://doh.sd.gov/media/g0rf2ewb/sd-cause-of-death-2014-2023.pdf,,fixture_text_capture,Chronic alcohol abuse (F10),445,needs_review,multi_year_total,1,,False
cod_chronic_alcohol_abuse,36.0,36.0,,none,South Dakota,2015,All,False,False,"Causes of Death, 2015-2024",2,count,excl_infant,cod_selected,2015-2024,,https://doh.sd.gov/media/iy5ld42w/cause-of-death-2015-2024-new.pdf,,fixture_text_capture,Chronic alcohol abuse (F10),36,needs_review,calendar_year,2,selected 1 of 2 source rows,False
cod_chronic_alcohol_abuse,493.0,493.0,,none,South Dakota,2015-2024,All,False,False,"Causes of Death, 2015-2024",2,count,excl_infant,cod_selected,2015-2024,,https://doh.sd.gov/media/iy5ld42w/cause-of-death-2015-2024-new.pdf,,fixture_text_capture,Chronic alcohol abuse (F10),493,needs_review,multi_year_total,1,,False
cod_chronic_alcohol_abuse,32.0,32.0,,none,South Dakota,2016,All,False,False,"Causes of Death, 2015-2024",2,count,excl_infant,cod_selected,2015-2024,,https://doh.sd.gov/media/iy5ld42w/cause-of-death-2015-2024-new.pdf,,fixture_text_capture,Chronic alcohol abuse (F10),32,needs_review,calendar_year,2,selected 1 of 2 source rows,False
cod_chronic_alcohol_abuse,38.0,38.0,,none,South Dakota,2017,All,False,False,"Causes of Death, 2015-2024",2,count,excl_infant,cod_selected,2015-2024,,https://doh.sd.gov/media/iy5ld42w/cause-of-death-2015-2024-new.pdf,,fixture_text_capture,Chronic alcohol abuse (F10),38,needs_review,calendar_year,2,selected 1 of 2 source rows,False
cod_chronic_alcohol_abuse,34.0,34.0,,none,South Dakota,2018,All,False,False,"Causes of Death, 2015-2024",2,count,excl_infant,cod_selected,2015-2024,,https://doh.sd.gov/media/iy5ld42w/cause-of-death-2015-2024-new.pdf,,fixture_text_capture,Chronic alcohol abuse (F10),34,needs_review,calendar_year,2,selected 1 of 2 source rows,False
cod_chronic_alcohol_abuse,39.0,39.0,,none,South Dakota,2019,All,False,False,"Causes of Death, 2015-2024",2,count,excl_infant,cod_selected,2015-2024,,https://doh.sd.gov/media/iy5ld42w/cause-of-death-2015-2024-new.pdf,,fixture_text_capture,Chronic alcohol abuse (F10),39,needs_review,calendar_year,2,selected 1 of 2 source rows,False
cod_chronic_alcohol_abuse,42.0,42.0,,none,South Dakota,2020,All,False,False,"Causes of Death, 2015-2024",2,count,excl_infant,cod_selected,2015-2024,,https://doh.sd.gov/media/iy5ld42w/cause-of-death-2015-2024-new.pdf,,fixture_text_capture,Chronic alcohol abuse (F10),42,needs_review,calendar_year,2,selected 1 of 2 source rows,False
cod_chronic_alcohol_abuse,73.0,73.0,,none,South Dakota,2021,All,False,False,"Causes of Death, 2015-2024",2,count,excl_infant,cod_selected,2015-2024,,https://doh.sd.gov/media/iy5ld42w/cause-of-death-2015-2024-new.pdf,,fixture_text_capture,Chronic alcohol abuse (F10),73,needs_review,calendar_year,2,selected 1 of 2 source rows,False
cod_chronic_alcohol_abuse,63.0,63.0,,none,South Dakota,2022,All,False,False,"Causes of Death, 2015-2024",2,count,excl_infant,cod_selected,2015-2024,,https://doh.sd.gov/media/iy5ld42w/cause-of-death-2015-2024-new.pdf,,fixture_text_capture,Chronic alcohol abuse (F10),63,needs_review,calendar_year,2,selected 1 of 2 source rows,False
cod_chronic_alcohol_abuse,58.0,58.0,,none,South Dakota,2023,All,False,False,"Causes of Death, 2015-2024",2,count,excl_infant,cod_selected,2015-2024,,https://doh.sd.gov/media/iy5ld42w/cause-of-death-2015-2024-new.pdf,,fixture_text_capture,Chronic alcohol abuse (F10),58,needs_review,calendar_year,2,selected 1 of 2 source rows,False
cod_chronic_alcohol_abuse,78.0,78.0,,none,South Dakota,2024,All,False,False,"Causes of Death, 2015-2024",2,count,excl_infant,cod_selected,2015-2024,,https://doh.sd.gov/media/iy5ld42w/cause-of-death-2015-2024-new.pdf,,fixture_text_capture,Chronic alcohol abuse (F10),78,needs_review,calendar_year,1,,False
cod_chronic_drug_abuse,7.0,7.0,,none,South Dakota,2014,All,False,False,"Causes of Death, 2014-2023",0,count,excl_infant,cod_selected,2014-2023,,https://doh.sd.gov/media/g0rf2ewb/sd-cause-of-death-2014-2023.pdf,,fixture_text_capture,"Chronic drug abuse (F11-F16, F18-F19)",7,needs_review,calendar_year,1,,False
cod_chronic_drug_abuse,51.0,51.0,,none,South Dakota,2014-2023,All,False,False,"Causes of Death, 2014-2023",0,count,excl_infant,cod_selected,2014-2023,,https://doh.sd.gov/media/g0rf2ewb/sd-cause-of-death-2014-2023.pdf,,fixture_text_capture,"Chronic drug abuse (F11-F16, F18-F19)",51,needs_review,multi_year_total,1,,False
cod_chronic_drug_abuse,6.0,6.0,,none,South Dakota,2015,All,False,False,"Causes of Death, 2015-2024",4,count,excl_infant,cod_selected,2015-2024,,https://doh.sd.gov/media/iy5ld42w/cause-of-death-2015-2024-new.pdf,,fixture_text_capture,"Chronic drug abuse (F11-F16, F18-F19)",6,needs_review,calendar_year,2,selected 1 of 2 source rows,False
cod_chronic_drug_abuse,54.0,54.0,,none,South Dakota,2015-2024,All,False,False,"Causes of Death, 2015-2024",4,count,excl_infant,cod_selected,2015-2024,,https://doh.sd.gov/media/iy5ld42w/cause-of-death-2015-2024-new.pdf,,fixture_text_capture,"Chronic drug abuse (F11-F16, F18-F19)",54,needs_review,multi_year_total,1,,False
cod_chronic_drug_abuse,5.0,5.0,,none,South Dakota,2016,All,False,False,"Causes of Death, 2015-2024",4,count,excl_infant,cod_selected,2015-2024,,https://doh.sd.gov/media/iy5ld42w/cause-of-death-2015-2024-new.pdf,,fixture_text_capture,"Chronic drug abuse (F11-F16, F18-F19)",5,needs_review,calendar_year,2,selected 1 of 2 source rows,False
cod_chronic_drug_abuse,6.0,6.0,,none,South Dakota,2017,All,False,False,"Causes of Death, 2015-2024",4,count,excl_infant,cod_selected,2015-2024,,https://doh.sd.gov/media/iy5ld42w/cause-of-death-2015-2024-new.pdf,,fixture_text_capture,"Chronic drug abuse (F11-F16, F18-F19)",6,needs_review,calendar_year,2,selected 1 of 2 source rows,False
cod_chronic_drug_abuse,2.0,2.0,,none,South Dakota,2018,All,False,False,"Causes of Death, 2015-2024",4,count,excl_infant,cod_selected,2015-2024,,https://doh.sd.gov/media/iy5ld42w/cause-of-death-2015-2024-new.pdf,,fixture_text_capture,"Chronic drug abuse (F11-F16, F18-F19)",2,needs_review,calendar_year,2,selected 1 of 2 source rows,False
cod_chronic_drug_abuse,3.0,3.0,,none,South Dakota,2019,All,False,False,"Causes of Death, 2015-2024",4,count,excl_infant,cod_selected,2015-2024,,https://doh.sd.gov/media/iy5ld42w/cause-of-death-2015-2024-new.pdf,,fixture_text_capture,"Chronic drug abuse (F11-F16, F18-F19)",3,needs_review,calendar_year,2,selected 1 of 2 source rows,False
cod_chronic_drug_abuse,3.0,3.0,,none,South Dakota,2020,All,False,False,"Causes of Death, 2015-2024",4,count,excl_infant,cod_selected,2015-2024,,https://doh.sd.gov/media/iy5ld42w/cause-of-death-2015-2024-new.pdf,,fixture_text_capture,"Chronic drug abuse (F11-F16, F18-F19)",3,needs_review,calendar_year,2,selected 1 of 2 source rows,False
cod_chronic_drug_abuse,3.0,3.0,,none,South Dakota,2021,All,False,False,"Causes of Death, 2015-2024",4,count,excl_infant,cod_selected,2015-2024,,https://doh.sd.gov/media/iy5ld42w/cause-of-death-2015-2024-new.pdf,,fixture_text_capture,"Chronic drug abuse (F11-F16, F18-F19)",3,needs_review,calendar_year,2,selected 1 of 2 source rows,False
cod_chronic_drug_abuse,7.0,7.0,,none,South Dakota,2022,All,False,False,"Causes of Death, 2015-2024",4,count,excl_infant,cod_selected,2015-2024,,https://doh.sd.gov/media/iy5ld42w/cause-of-death-2015-2024-new.pdf,,fixture_text_capture,"Chronic drug abuse (F11-F16, F18-F19)",7,needs_review,calendar_year,2,selected 1 of 2 source rows,False
cod_chronic_drug_abuse,9.0,9.0,,none,South Dakota,2023,All,False,False,"Causes of Death, 2015-2024",4,count,excl_infant,cod_selected,2015-2024,,https://doh.sd.gov/media/iy5ld42w/cause-of-death-2015-2024-new.pdf,,fixture_text_capture,"Chronic drug abuse (F11-F16, F18-F19)",9,needs_review,calendar_year,2,selected 1 of 2 source rows,False
cod_chronic_drug_abuse,10.0,10.0,,none,South Dakota,2024,All,False,False,"Causes of Death, 2015-2024",4,count,excl_infant,cod_selected,2015-2024,,https://doh.sd.gov/media/iy5ld42w/cause-of-death-2015-2024-new.pdf,,fixture_text_capture,"Chronic drug abuse (F11-F16, F18-F19)",10,needs_review,calendar_year,1,,False
cod_coagulation_defects_purpura_and_other_hemorrhagic_conditions,9.0,9.0,,none,South Dakota,2014,All,False,False,"Causes of Death, 2014-2023",0,count,excl_infant,cod_selected,2014-2023,,https://doh.sd.gov/media/g0rf2ewb/sd-cause-of-death-2014-2023.pdf,,fixture_text_capture,"Coagulation defects, purpura, and other hemorrhagic conditions (D65-D69)",9,needs_review,calendar_year,1,,False
cod_coagulation_defects_purpura_and_other_hemorrhagic_conditions,84.0,84.0,,none,South Dakota,2014-2023,All,False,False,"Causes of Death, 2014-2023",0,count,excl_infant,cod_selected,2014-2023,,https://doh.sd.gov/media/g0rf2ewb/sd-cause-of-death-2014-2023.pdf,,fixture_text_capture,"Coagulation defects, purpura, and other hemorrhagic conditions (D65-D69)",84,needs_review,multi_year_total,1,,False
cod_coagulation_defects_purpura_and_other_hemorrhagic_conditions,8.0,8.0,,none,South Dakota,2015,All,False,False,"Causes of Death, 2015-2024",3,count,excl_infant,cod_selected,2015-2024,,https://doh.sd.gov/media/iy5ld42w/cause-of-death-2015-2024-new.pdf,,fixture_text_capture,"Coagulation defects, purpura, and other hemorrhagic conditions (D65-D69)",8,needs_review,calendar_year,2,selected 1 of 2 source rows,False
cod_coagulation_defects_purpura_and_other_hemorrhagic_conditions,85.0,85.0,,none,South Dakota,2015-2024,All,False,False,"Causes of Death, 2015-2024",3,count,excl_infant,cod_selected,2015-2024,,https://doh.sd.gov/media/iy5ld42w/cause-of-death-2015-2024-new.pdf,,fixture_text_capture,"Coagulation defects, purpura, and other hemorrhagic conditions (D65-D69)",85,needs_review,multi_year_total,1,,False
cod_coagulation_defects_purpura_and_other_hemorrhagic_conditions,12.0,12.0,,none,South Dakota,2016,All,False,False,"Causes of Death, 2015-2024",3,count,excl_infant,cod_selected,2015-2024,,https://doh.sd.gov/media/iy5ld42w/cause-of-death-2015-2024-new.pdf,,fixture_text_capture,"Coagulation defects, purpura, and other hemorrhagic conditions (D65-D69)",12,needs_review,calendar_year,2,selected 1 of 2 source rows,False
cod_coagulation_defects_purpura_and_other_hemorrhagic_conditions,10.0,10.0,,none,South Dakota,2017,All,False,False,"Causes of Death, 2015-2024",3,count,excl_infant,cod_selected,2015-2024,,https://doh.sd.gov/media/iy5ld42w/cause-of-death-2015-2024-new.pdf,,fixture_text_capture,"Coagulation defects, purpura, and other hemorrhagic conditions (D65-D69)",10,needs_review,calendar_year,2,selected 1 of 2 source rows,False
cod_coagulation_defects_purpura_and_other_hemorrhagic_conditions,6.0,6.0,,none,South Dakota,2018,All,False,False,"Causes of Death, 2015-2024",3,count,excl_infant,cod_selected,2015-2024,,https://doh.sd.gov/media/iy5ld42w/cause-of-death-2015-2024-new.pdf,,fixture_text_capture,"Coagulation defects, purpura, and other hemorrhagic conditions (D65-D69)",6,needs_review,calendar_year,2,selected 1 of 2 source rows,False
cod_coagulation_defects_purpura_and_other_hemorrhagic_conditions,6.0,6.0,,none,South Dakota,2019,All,False,False,"Causes of Death, 2015-2024",3,count,excl_infant,cod_selected,2015-2024,,https://doh.sd.gov/media/iy5ld42w/cause-of-death-2015-2024-new.pdf,,fixture_text_capture,"Coagulation defects, purpura, and other hemorrhagic conditions (D65-D69)",6,needs_review,calendar_year,2,selected 1 of 2 source rows,False
cod_coagulation_defects_purpura_and_other_hemorrhagic_conditions,8.0,8.0,,none,South Dakota,2020,All,False,False,"Causes of Death, 2015-2024",3,count,excl_infant,cod_selected,2015-2024,,https://doh.sd.gov/media/iy5ld42w/cause-of-death-2015-2024-new.pdf,,fixture_text_capture,"Coagulation defects, purpura, and other hemorrhagic conditions (D65-D69)",8,needs_review,calendar_year,2,selected 1 of 2 source rows,False
cod_coagulation_defects_purpura_and_other_hemorrhagic_conditions,9.0,9.0,,none,South Dakota,2021,All,False,False,"Causes of Death, 2015-2024",3,count,excl_infant,cod_selected,2015-2024,,https://doh.sd.gov/media/iy5ld42w/cause-of-death-2015-2024-new.pdf,,fixture_text_capture,"Coagulation defects, purpura, and other hemorrhagic conditions (D65-D69)",9,needs_review,calendar_year,2,selected 1 of 2 source rows,False
cod_coagulation_defects_purpura_and_other_hemorrhagic_conditions,10.0,10.0,,none,South Dakota,2022,All,False,False,"Causes of Death, 2015-2024",3,count,excl_infant,cod_selected,2015-2024,,https://doh.sd.gov/media/iy5ld42w/cause-of-death-2015-2024-new.pdf,,fixture_text_capture,"Coagulation defects, purpura, and other hemorrhagic conditions (D65-D69)",10,needs_review,calendar_year,2,selected 1 of 2 source rows,False
cod_coagulation_defects_purpura_and_other_hemorrhagic_conditions,6.0,6.0,,none,South Dakota,2023,All,False,False,"Causes of Death, 2015-2024",3,count,excl_infant,cod_selected,2015-2024,,https://doh.sd.gov/media/iy5ld42w/cause-of-death-2015-2024-new.pdf,,fixture_text_capture,"Coagulation defects, purpura, and other hemorrhagic conditions (D65-D69)",6,needs_review,calendar_year,2,selected 1 of 2 source rows,False
cod_coagulation_defects_purpura_and_other_hemorrhagic_conditions,10.0,10.0,,none,South Dakota,2024,All,False,False,"Causes of Death, 2015-2024",3,count,excl_infant,cod_selected,2015-2024,,https://doh.sd.gov/media/iy5ld42w/cause-of-death-2015-2024-new.pdf,,fixture_text_capture,"Coagulation defects, purpura, and other hemorrhagic conditions (D65-D69)",10,needs_review,calendar_year,1,,False
cod_complications_of_medical_and_surgical_care,3.0,3.0,,none,South Dakota,2014,All,False,False,"Causes of Death, 2014-2023",0,count,excl_infant,cod_selected,2014-2023,,https://doh.sd.gov/media/g0rf2ewb/sd-cause-of-death-2014-2023.pdf,,fixture_text_capture,"Complications of medical and surgical care (Y40-Y84, Y88)",3,needs_review,calendar_year,1,,False
cod_complications_of_medical_and_surgical_care,31.0,31.0,,none,South Dakota,2014-2023,All,False,False,"Causes of Death, 2014-2023",0,count,excl_infant,cod_selected,2014-2023,,https://doh.sd.gov/media/g0rf2ewb/sd-cause-of-death-2014-2023.pdf,,fixture_text_capture,"Complications of medical and surgical care (Y40-Y84, Y88)",31,needs_review,multi_year_total,1,,False
cod_complications_of_medical_and_surgical_care,1.0,1.0,,none,South Dakota,2015,All,False,False,"Causes of Death, 2015-2024",4,count,excl_infant,cod_selected,2015-2024,,https://doh.sd.gov/media/iy5ld42w/cause-of-death-2015-2024-new.pdf,,fixture_text_capture,"Complications of medical and surgical care (Y40-Y84, Y88)",1,needs_review,calendar_year,2,selected 1 of 2 source rows,False
cod_complications_of_medical_and_surgical_care,33.0,33.0,,none,South Dakota,2015-2024,All,False,False,"Causes of Death, 2015-2024",4,count,excl_infant,cod_selected,2015-2024,,https://doh.sd.gov/media/iy5ld42w/cause-of-death-2015-2024-new.pdf,,fixture_text_capture,"Complications of medical and surgical care (Y40-Y84, Y88)",33,needs_review,multi_year_total,1,,False
cod_complications_of_medical_and_surgical_care,5.0,5.0,,none,South Dakota,2016,All,False,False,"Causes of Death, 2015-2024",4,count,excl_infant,cod_selected,2015-2024,,https://doh.sd.gov/media/iy5ld42w/cause-of-death-2015-2024-new.pdf,,fixture_text_capture,"Complications of medical and surgical care (Y40-Y84, Y88)",5,needs_review,calendar_year,2,selected 1 of 2 source rows,False
cod_complications_of_medical_and_surgical_care,3.0,3.0,,none,South Dakota,2017,All,False,False,"Causes of Death, 2015-2024",4,count,excl_infant,cod_selected,2015-2024,,https://doh.sd.gov/media/iy5ld42w/cause-of-death-2015-2024-new.pdf,,fixture_text_capture,"Complications of medical and surgical care (Y40-Y84, Y88)",3,needs_review,calendar_year,2,selected 1 of 2 source rows,False
cod_complications_of_medical_and_surgical_care,3.0,3.0,,none,South Dakota,2018,All,False,False,"Causes of Death, 2015-2024",4,count,excl_infant,cod_selected,2015-2024,,https://doh.sd.gov/media/iy5ld42w/cause-of-death-2015-2024-new.pdf,,fixture_text_capture,"Complications of medical and surgical care (Y40-Y84, Y88)",3,needs_review,calendar_year,2,selected 1 of 2 source rows,False
cod_complications_of_medical_and_surgical_care,2.0,2.0,,none,South Dakota,2019,All,False,False,"Causes of Death, 2015-2024",4,count,excl_infant,cod_selected,2015-2024,,https://doh.sd.gov/media/iy5ld42w/cause-of-death-2015-2024-new.pdf,,fixture_text_capture,"Complications of medical and surgical care (Y40-Y84, Y88)",2,needs_review,calendar_year,2,selected 1 of 2 source rows,False
cod_complications_of_medical_and_surgical_care,4.0,4.0,,none,South Dakota,2020,All,False,False,"Causes of Death, 2015-2024",4,count,excl_infant,cod_selected,2015-2024,,https://doh.sd.gov/media/iy5ld42w/cause-of-death-2015-2024-new.pdf,,fixture_text_capture,"Complications of medical and surgical care (Y40-Y84, Y88)",4,needs_review,calendar_year,2,selected 1 of 2 source rows,False
cod_complications_of_medical_and_surgical_care,4.0,4.0,,none,South Dakota,2021,All,False,False,"Causes of Death, 2015-2024",4,count,excl_infant,cod_selected,2015-2024,,https://doh.sd.gov/media/iy5ld42w/cause-of-death-2015-2024-new.pdf,,fixture_text_capture,"Complications of medical and surgical care (Y40-Y84, Y88)",4,needs_review,calendar_year,2,selected 1 of 2 source rows,False
cod_complications_of_medical_and_surgical_care,3.0,3.0,,none,South Dakota,2022,All,False,False,"Causes of Death, 2015-2024",4,count,excl_infant,cod_selected,2015-2024,,https://doh.sd.gov/media/iy5ld42w/cause-of-death-2015-2024-new.pdf,,fixture_text_capture,"Complications of medical and surgical care (Y40-Y84, Y88)",3,needs_review,calendar_year,2,selected 1 of 2 source rows,False
cod_complications_of_medical_and_surgical_care,3.0,3.0,,none,South Dakota,2023,All,False,False,"Causes of Death, 2015-2024",4,count,excl_infant,cod_selected,2015-2024,,https://doh.sd.gov/media/iy5ld42w/cause-of-death-2015-2024-new.pdf,,fixture_text_capture,"Complications of medical and surgical care (Y40-Y84, Y88)",3,needs_review,calendar_year,2,selected 1 of 2 source rows,False
cod_complications_of_medical_and_surgical_care,5.0,5.0,,none,South Dakota,2024,All,False,False,"Causes of Death, 2015-2024",4,count,excl_infant,cod_selected,2015-2024,,https://doh.sd.gov/media/iy5ld42w/cause-of-death-2015-2024-new.pdf,,fixture_text_capture,"Complications of medical and surgical care (Y40-Y84, Y88)",5,needs_review,calendar_year,1,,False
cod_congenital_malformations_deformations_and_chromosomal_abnorm,25.0,25.0,,none,South Dakota,2014,All,False,False,"Causes of Death, 2014-2023",0,count,excl_infant,cod_selected,2014-2023,,https://doh.sd.gov/media/g0rf2ewb/sd-cause-of-death-2014-2023.pdf,,fixture_text_capture,"Congenital malformations, deformations, and chromosomal abnormalities (Q00-Q99)",25,needs_review,calendar_year,1,,False
cod_congenital_malformations_deformations_and_chromosomal_abnorm,200.0,200.0,,none,South Dakota,2014-2023,All,False,False,"Causes of Death, 2014-2023",0,count,excl_infant,cod_selected,2014-2023,,https://doh.sd.gov/media/g0rf2ewb/sd-cause-of-death-2014-2023.pdf,,fixture_text_capture,"Congenital malformations, deformations, and chromosomal abnormalities (Q00-Q99)",200,needs_review,multi_year_total,1,,False
cod_congenital_malformations_deformations_and_chromosomal_abnorm,11.0,11.0,,none,South Dakota,2015,All,False,False,"Causes of Death, 2015-2024",2,count,excl_infant,cod_selected,2015-2024,,https://doh.sd.gov/media/iy5ld42w/cause-of-death-2015-2024-new.pdf,,fixture_text_capture,"Congenital malformations, deformations, and chromosomal abnormalities (Q00-Q99)",11,needs_review,calendar_year,2,selected 1 of 2 source rows,False
cod_congenital_malformations_deformations_and_chromosomal_abnorm,194.0,194.0,,none,South Dakota,2015-2024,All,False,False,"Causes of Death, 2015-2024",2,count,excl_infant,cod_selected,2015-2024,,https://doh.sd.gov/media/iy5ld42w/cause-of-death-2015-2024-new.pdf,,fixture_text_capture,"Congenital malformations, deformations, and chromosomal abnormalities (Q00-Q99)",194,needs_review,multi_year_total,1,,False
cod_congenital_malformations_deformations_and_chromosomal_abnorm,14.0,14.0,,none,South Dakota,2016,All,False,False,"Causes of Death, 2015-2024",2,count,excl_infant,cod_selected,2015-2024,,https://doh.sd.gov/media/iy5ld42w/cause-of-death-2015-2024-new.pdf,,fixture_text_capture,"Congenital malformations, deformations, and chromosomal abnormalities (Q00-Q99)",14,needs_review,calendar_year,2,selected 1 of 2 source rows,False
cod_congenital_malformations_deformations_and_chromosomal_abnorm,20.0,20.0,,none,South Dakota,2017,All,False,False,"Causes of Death, 2015-2024",2,count,excl_infant,cod_selected,2015-2024,,https://doh.sd.gov/media/iy5ld42w/cause-of-death-2015-2024-new.pdf,,fixture_text_capture,"Congenital malformations, deformations, and chromosomal abnormalities (Q00-Q99)",20,needs_review,calendar_year,2,selected 1 of 2 source rows,False
cod_congenital_malformations_deformations_and_chromosomal_abnorm,23.0,23.0,,none,South Dakota,2018,All,False,False,"Causes of Death, 2015-2024",2,count,excl_infant,cod_selected,2015-2024,,https://doh.sd.gov/media/iy5ld42w/cause-of-death-2015-2024-new.pdf,,fixture_text_capture,"Congenital malformations, deformations, and chromosomal abnormalities (Q00-Q99)",23,needs_review,calendar_year,2,selected 1 of 2 source rows,False
cod_congenital_malformations_deformations_and_chromosomal_abnorm,21.0,21.0,,none,South Dakota,2019,All,False,False,"Causes of Death, 2015-2024",2,count,excl_infant,cod_selected,2015-2024,,https://doh.sd.gov/media/iy5ld42w/cause-of-death-2015-2024-new.pdf,,fixture_text_capture,"Congenital malformations, deformations, and chromosomal abnormalities (Q00-Q99)",21,needs_review,calendar_year,2,selected 1 of 2 source rows,False
cod_congenital_malformations_deformations_and_chromosomal_abnorm,25.0,25.0,,none,South Dakota,2020,All,False,False,"Causes of Death, 2015-2024",2,count,excl_infant,cod_selected,2015-2024,,https://doh.sd.gov/media/iy5ld42w/cause-of-death-2015-2024-new.pdf,,fixture_text_capture,"Congenital malformations, deformations, and chromosomal abnormalities (Q00-Q99)",25,needs_review,calendar_year,2,selected 1 of 2 source rows,False
cod_congenital_malformations_deformations_and_chromosomal_abnorm,25.0,25.0,,none,South Dakota,2021,All,False,False,"Causes of Death, 2015-2024",2,count,excl_infant,cod_selected,2015-2024,,https://doh.sd.gov/media/iy5ld42w/cause-of-death-2015-2024-new.pdf,,fixture_text_capture,"Congenital malformations, deformations, and chromosomal abnormalities (Q00-Q99)",25,needs_review,calendar_year,2,selected 1 of 2 source rows,False
cod_congenital_malformations_deformations_and_chromosomal_abnorm,17.0,17.0,,none,South Dakota,2022,All,False,False,"Causes of Death, 2015-2024",2,count,excl_infant,cod_selected,2015-2024,,https://doh.sd.gov/media/iy5ld42w/cause-of-death-2015-2024-new.pdf,,fixture_text_capture,"Congenital malformations, deformations, and chromosomal abnormalities (Q00-Q99)",17,needs_review,calendar_year,2,selected 1 of 2 source rows,False
cod_congenital_malformations_deformations_and_chromosomal_abnorm,19.0,19.0,,none,South Dakota,2023,All,False,False,"Causes of Death, 2015-2024",2,count,excl_infant,cod_selected,2015-2024,,https://doh.sd.gov/media/iy5ld42w/cause-of-death-2015-2024-new.pdf,,fixture_text_capture,"Congenital malformations, deformations, and chromosomal abnormalities (Q00-Q99)",19,needs_review,calendar_year,2,selected 1 of 2 source rows,False
cod_congenital_malformations_deformations_and_chromosomal_abnorm,19.0,19.0,,none,South Dakota,2024,All,False,False,"Causes of Death, 2015-2024",2,count,excl_infant,cod_selected,2015-2024,,https://doh.sd.gov/media/iy5ld42w/cause-of-death-2015-2024-new.pdf,,fixture_text_capture,"Congenital malformations, deformations, and chromosomal abnormalities (Q00-Q99)",19,needs_review,calendar_year,1,,False
cod_contact_with_agricultural_machinery,1.0,1.0,,none,South Dakota,2014,All,False,False,"Causes of Death, 2014-2023",0,count,excl_infant,cod_selected,2014-2023,,https://doh.sd.gov/media/g0rf2ewb/sd-cause-of-death-2014-2023.pdf,,fixture_text_capture,Contact with agricultural machinery (W30),1,needs_review,calendar_year,1,,False
cod_contact_with_agricultural_machinery,18.0,18.0,,none,South Dakota,2014-2023,All,False,False,"Causes of Death, 2014-2023",0,count,excl_infant,cod_selected,2014-2023,,https://doh.sd.gov/media/g0rf2ewb/sd-cause-of-death-2014-2023.pdf,,fixture_text_capture,Contact with agricultural machinery (W30),18,needs_review,multi_year_total,1,,False
cod_contact_with_agricultural_machinery,3.0,3.0,,none,South Dakota,2015,All,False,False,"Causes of Death, 2015-2024",5,count,excl_infant,cod_selected,2015-2024,,https://doh.sd.gov/media/iy5ld42w/cause-of-death-2015-2024-new.pdf,,fixture_text_capture,Contact with agricultural machinery (W30),3,needs_review,calendar_year,2,selected 1 of 2 source rows,False
cod_contact_with_agricultural_machinery,18.0,18.0,,none,South Dakota,2015-2024,All,False,False,"Causes of Death, 2015-2024",5,count,excl_infant,cod_selected,2015-2024,,https://doh.sd.gov/media/iy5ld42w/cause-of-death-2015-2024-new.pdf,,fixture_text_capture,Contact with agricultural machinery (W30),18,needs_review,multi_year_total,1,,False
cod_contact_with_agricultural_machinery,2.0,2.0,,none,South Dakota,2016,All,False,False,"Causes of Death, 2015-2024",5,count,excl_infant,cod_selected,2015-2024,,https://doh.sd.gov/media/iy5ld42w/cause-of-death-2015-2024-new.pdf,,fixture_text_capture,Contact with agricultural machinery (W30),2,needs_review,calendar_year,2,selected 1 of 2 source rows,False
cod_contact_with_agricultural_machinery,3.0,3.0,,none,South Dakota,2017,All,False,False,"Causes of Death, 2015-2024",5,count,excl_infant,cod_selected,2015-2024,,https://doh.sd.gov/media/iy5ld42w/cause-of-death-2015-2024-new.pdf,,fixture_text_capture,Contact with agricultural machinery (W30),3,needs_review,calendar_year,2,selected 1 of 2 source rows,False
cod_contact_with_agricultural_machinery,5.0,5.0,,none,South Dakota,2018,All,False,False,"Causes of Death, 2015-2024",5,count,excl_infant,cod_selected,2015-2024,,https://doh.sd.gov/media/iy5ld42w/cause-of-death-2015-2024-new.pdf,,fixture_text_capture,Contact with agricultural machinery (W30),5,needs_review,calendar_year,2,selected 1 of 2 source rows,False
cod_contact_with_agricultural_machinery,0.0,0.0,,none,South Dakota,2019,All,False,False,"Causes of Death, 2015-2024",5,count,excl_infant,cod_selected,2015-2024,,https://doh.sd.gov/media/iy5ld42w/cause-of-death-2015-2024-new.pdf,,fixture_text_capture,Contact with agricultural machinery (W30),0,needs_review,calendar_year,2,selected 1 of 2 source rows,False
cod_contact_with_agricultural_machinery,1.0,1.0,,none,South Dakota,2020,All,False,False,"Causes of Death, 2015-2024",5,count,excl_infant,cod_selected,2015-2024,,https://doh.sd.gov/media/iy5ld42w/cause-of-death-2015-2024-new.pdf,,fixture_text_capture,Contact with agricultural machinery (W30),1,needs_review,calendar_year,2,selected 1 of 2 source rows,False
cod_contact_with_agricultural_machinery,0.0,0.0,,none,South Dakota,2021,All,False,False,"Causes of Death, 2015-2024",5,count,excl_infant,cod_selected,2015-2024,,https://doh.sd.gov/media/iy5ld42w/cause-of-death-2015-2024-new.pdf,,fixture_text_capture,Contact with agricultural machinery (W30),0,needs_review,calendar_year,2,selected 1 of 2 source rows,False
cod_contact_with_agricultural_machinery,1.0,1.0,,none,South Dakota,2022,All,False,False,"Causes of Death, 2015-2024",5,count,excl_infant,cod_selected,2015-2024,,https://doh.sd.gov/media/iy5ld42w/cause-of-death-2015-2024-new.pdf,,fixture_text_capture,Contact with agricultural machinery (W30),1,needs_review,calendar_year,2,selected 1 of 2 source rows,False
cod_contact_with_agricultural_machinery,2.0,2.0,,none,South Dakota,2023,All,False,False,"Causes of Death, 2015-2024",5,count,excl_infant,cod_selected,2015-2024,,https://doh.sd.gov/media/iy5ld42w/cause-of-death-2015-2024-new.pdf,,fixture_text_capture,Contact with agricultural machinery (W30),2,needs_review,calendar_year,2,selected 1 of 2 source rows,False
cod_contact_with_agricultural_machinery,1.0,1.0,,none,South Dakota,2024,All,False,False,"Causes of Death, 2015-2024",5,count,excl_infant,cod_selected,2015-2024,,https://doh.sd.gov/media/iy5ld42w/cause-of-death-2015-2024-new.pdf,,fixture_text_capture,Contact with agricultural machinery (W30),1,needs_review,calendar_year,1,,False
cod_contact_with_non_agricultural_and_unspecified_machinery,0.0,0.0,,none,South Dakota,2014,All,False,False,"Causes of Death, 2014-2023",0,count,excl_infant,cod_selected,2014-2023,,https://doh.sd.gov/media/g0rf2ewb/sd-cause-of-death-2014-2023.pdf,,fixture_text_capture,Contact with non-agricultural and unspecified machinery (W31),0,needs_review,calendar_year,1,,False
cod_contact_with_non_agricultural_and_unspecified_machinery,21.0,21.0,,none,South Dakota,2014-2023,All,False,False,"Causes of Death, 2014-2023",0,count,excl_infant,cod_selected,2014-2023,,https://doh.sd.gov/media/g0rf2ewb/sd-cause-of-death-2014-2023.pdf,,fixture_text_capture,Contact with non-agricultural and unspecified machinery (W31),21,needs_review,multi_year_total,1,,False
cod_contact_with_non_agricultural_and_unspecified_machinery,1.0,1.0,,none,South Dakota,2015,All,False,False,"Causes of Death, 2015-2024",5,count,excl_infant,cod_selected,2015-2024,,https://doh.sd.gov/media/iy5ld42w/cause-of-death-2015-2024-new.pdf,,fixture_text_capture,Contact with non-agricultural and unspecified machinery (W31),1,needs_review,calendar_year,2,selected 1 of 2 source rows,False
cod_contact_with_non_agricultural_and_unspecified_machinery,24.0,24.0,,none,South Dakota,2015-2024,All,False,False,"Causes of Death, 2015-2024",5,count,excl_infant,cod_selected,2015-2024,,https://doh.sd.gov/media/iy5ld42w/cause-of-death-2015-2024-new.pdf,,fixture_text_capture,Contact with non-agricultural and unspecified machinery (W31),24,needs_review,multi_year_total,1,,False
cod_contact_with_non_agricultural_and_unspecified_machinery,5.0,5.0,,none,South Dakota,2016,All,False,False,"Causes of Death, 2015-2024",5,count,excl_infant,cod_selected,2015-2024,,https://doh.sd.gov/media/iy5ld42w/cause-of-death-2015-2024-new.pdf,,fixture_text_capture,Contact with non-agricultural and unspecified machinery (W31),5,needs_review,calendar_year,2,selected 1 of 2 source rows,False
cod_contact_with_non_agricultural_and_unspecified_machinery,0.0,0.0,,none,South Dakota,2017,All,False,False,"Causes of Death, 2015-2024",5,count,excl_infant,cod_selected,2015-2024,,https://doh.sd.gov/media/iy5ld42w/cause-of-death-2015-2024-new.pdf,,fixture_text_capture,Contact with non-agricultural and unspecified machinery (W31),0,needs_review,calendar_year,2,selected 1 of 2 source rows,False
cod_contact_with_non_agricultural_and_unspecified_machinery,1.0,1.0,,none,South Dakota,2018,All,False,False,"Causes of Death, 2015-2024",5,count,excl_infant,cod_selected,2015-2024,,https://doh.sd.gov/media/iy5ld42w/cause-of-death-2015-2024-new.pdf,,fixture_text_capture,Contact with non-agricultural and unspecified machinery (W31),1,needs_review,calendar_year,2,selected 1 of 2 source rows,False
cod_contact_with_non_agricultural_and_unspecified_machinery,2.0,2.0,,none,South Dakota,2019,All,False,False,"Causes of Death, 2015-2024",5,count,excl_infant,cod_selected,2015-2024,,https://doh.sd.gov/media/iy5ld42w/cause-of-death-2015-2024-new.pdf,,fixture_text_capture,Contact with non-agricultural and unspecified machinery (W31),2,needs_review,calendar_year,2,selected 1 of 2 source rows,False
cod_contact_with_non_agricultural_and_unspecified_machinery,6.0,6.0,,none,South Dakota,2020,All,False,False,"Causes of Death, 2015-2024",5,count,excl_infant,cod_selected,2015-2024,,https://doh.sd.gov/media/iy5ld42w/cause-of-death-2015-2024-new.pdf,,fixture_text_capture,Contact with non-agricultural and unspecified machinery (W31),6,needs_review,calendar_year,2,selected 1 of 2 source rows,False
cod_contact_with_non_agricultural_and_unspecified_machinery,2.0,2.0,,none,South Dakota,2021,All,False,False,"Causes of Death, 2015-2024",5,count,excl_infant,cod_selected,2015-2024,,https://doh.sd.gov/media/iy5ld42w/cause-of-death-2015-2024-new.pdf,,fixture_text_capture,Contact with non-agricultural and unspecified machinery (W31),2,needs_review,calendar_year,2,selected 1 of 2 source rows,False
cod_contact_with_non_agricultural_and_unspecified_machinery,2.0,2.0,,none,South Dakota,2022,All,False,False,"Causes of Death, 2015-2024",5,count,excl_infant,cod_selected,2015-2024,,https://doh.sd.gov/media/iy5ld42w/cause-of-death-2015-2024-new.pdf,,fixture_text_capture,Contact with non-agricultural and unspecified machinery (W31),2,needs_review,calendar_year,2,selected 1 of 2 source rows,False
cod_contact_with_non_agricultural_and_unspecified_machinery,2.0,2.0,,none,South Dakota,2023,All,False,False,"Causes of Death, 2015-2024",5,count,excl_infant,cod_selected,2015-2024,,https://doh.sd.gov/media/iy5ld42w/cause-of-death-2015-2024-new.pdf,,fixture_text_capture,Contact with non-agricultural and unspecified machinery (W31),2,needs_review,calendar_year,2,selected 1 of 2 source rows,False
cod_contact_with_non_agricultural_and_unspecified_machinery,3.0,3.0,,none,South Dakota,2024,All,False,False,"Causes of Death, 2015-2024",5,count,excl_infant,cod_selected,2015-2024,,https://doh.sd.gov/media/iy5ld42w/cause-of-death-2015-2024-new.pdf,,fixture_text_capture,Contact with non-agricultural and unspecified machinery (W31),3,needs_review,calendar_year,1,,False
cod_crohn_s_disease,1.0,1.0,,none,South Dakota,2014,All,False,False,"Causes of Death, 2014-2023",0,count,excl_infant,cod_selected,2014-2023,,https://doh.sd.gov/media/g0rf2ewb/sd-cause-of-death-2014-2023.pdf,,fixture_text_capture,Crohn's disease (K50),1,needs_review,calendar_year,1,,False
cod_crohn_s_disease,20.0,20.0,,none,South Dakota,2014-2023,All,False,False,"Causes of Death, 2014-2023",0,count,excl_infant,cod_selected,2014-2023,,https://doh.sd.gov/media/g0rf2ewb/sd-cause-of-death-2014-2023.pdf,,fixture_text_capture,Crohn's disease (K50),20,needs_review,multi_year_total,1,,False
cod_crohn_s_disease,2.0,2.0,,none,South Dakota,2015,All,False,False,"Causes of Death, 2015-2024",5,count,excl_infant,cod_selected,2015-2024,,https://doh.sd.gov/media/iy5ld42w/cause-of-death-2015-2024-new.pdf,,fixture_text_capture,Crohn's disease (K50),2,needs_review,calendar_year,2,selected 1 of 2 source rows,False
cod_crohn_s_disease,21.0,21.0,,none,South Dakota,2015-2024,All,False,False,"Causes of Death, 2015-2024",5,count,excl_infant,cod_selected,2015-2024,,https://doh.sd.gov/media/iy5ld42w/cause-of-death-2015-2024-new.pdf,,fixture_text_capture,Crohn's disease (K50),21,needs_review,multi_year_total,1,,False
cod_crohn_s_disease,2.0,2.0,,none,South Dakota,2016,All,False,False,"Causes of Death, 2015-2024",5,count,excl_infant,cod_selected,2015-2024,,https://doh.sd.gov/media/iy5ld42w/cause-of-death-2015-2024-new.pdf,,fixture_text_capture,Crohn's disease (K50),2,needs_review,calendar_year,2,selected 1 of 2 source rows,False
cod_crohn_s_disease,3.0,3.0,,none,South Dakota,2017,All,False,False,"Causes of Death, 2015-2024",5,count,excl_infant,cod_selected,2015-2024,,https://doh.sd.gov/media/iy5ld42w/cause-of-death-2015-2024-new.pdf,,fixture_text_capture,Crohn's disease (K50),3,needs_review,calendar_year,2,selected 1 of 2 source rows,False
cod_crohn_s_disease,2.0,2.0,,none,South Dakota,2018,All,False,False,"Causes of Death, 2015-2024",5,count,excl_infant,cod_selected,2015-2024,,https://doh.sd.gov/media/iy5ld42w/cause-of-death-2015-2024-new.pdf,,fixture_text_capture,Crohn's disease (K50),2,needs_review,calendar_year,2,selected 1 of 2 source rows,False
cod_crohn_s_disease,0.0,0.0,,none,South Dakota,2019,All,False,False,"Causes of Death, 2015-2024",5,count,excl_infant,cod_selected,2015-2024,,https://doh.sd.gov/media/iy5ld42w/cause-of-death-2015-2024-new.pdf,,fixture_text_capture,Crohn's disease (K50),0,needs_review,calendar_year,2,selected 1 of 2 source rows,False
cod_crohn_s_disease,3.0,3.0,,none,South Dakota,2020,All,False,False,"Causes of Death, 2015-2024",5,count,excl_infant,cod_selected,2015-2024,,https://doh.sd.gov/media/iy5ld42w/cause-of-death-2015-2024-new.pdf,,fixture_text_capture,Crohn's disease (K50),3,needs_review,calendar_year,2,selected 1 of 2 source rows,False
cod_crohn_s_disease,3.0,3.0,,none,South Dakota,2021,All,False,False,"Causes of Death, 2015-2024",5,count,excl_infant,cod_selected,2015-2024,,https://doh.sd.gov/media/iy5ld42w/cause-of-death-2015-2024-new.pdf,,fixture_text_capture,Crohn's disease (K50),3,needs_review,calendar_year,2,selected 1 of 2 source rows,False
cod_crohn_s_disease,4.0,4.0,,none,South Dakota,2022,All,False,False,"Causes of Death, 2015-2024",5,count,excl_infant,cod_selected,2015-2024,,https://doh.sd.gov/media/iy5ld42w/cause-of-death-2015-2024-new.pdf,,fixture_text_capture,Crohn's disease (K50),4,needs_review,calendar_year,2,selected 1 of 2 source rows,False
cod_crohn_s_disease,0.0,0.0,,none,South Dakota,2023,All,False,False,"Causes of Death, 2015-2024",5,count,excl_infant,cod_selected,2015-2024,,https://doh.sd.gov/media/iy5ld42w/cause-of-death-2015-2024-new.pdf,,fixture_text_capture,Crohn's disease (K50),0,needs_review,calendar_year,2,selected 1 of 2 source rows,False
cod_crohn_s_disease,2.0,2.0,,none,South Dakota,2024,All,False,False,"Causes of Death, 2015-2024",5,count,excl_infant,cod_selected,2015-2024,,https://doh.sd.gov/media/iy5ld42w/cause-of-death-2015-2024-new.pdf,,fixture_text_capture,Crohn's disease (K50),2,needs_review,calendar_year,1,,False
cod_degenerative_diseases_of_the_spine,3.0,3.0,,none,South Dakota,2014,All,False,False,"Causes of Death, 2014-2023",0,count,excl_infant,cod_selected,2014-2023,,https://doh.sd.gov/media/g0rf2ewb/sd-cause-of-death-2014-2023.pdf,,fixture_text_capture,Degenerative diseases of the spine (M40-M54),3,needs_review,calendar_year,1,,False
cod_degenerative_diseases_of_the_spine,80.0,80.0,,none,South Dakota,2014-2023,All,False,False,"Causes of Death, 2014-2023",0,count,excl_infant,cod_selected,2014-2023,,https://doh.sd.gov/media/g0rf2ewb/sd-cause-of-death-2014-2023.pdf,,fixture_text_capture,Degenerative diseases of the spine (M40-M54),80,needs_review,multi_year_total,1,,False
cod_degenerative_diseases_of_the_spine,6.0,6.0,,none,South Dakota,2015,All,False,False,"Causes of Death, 2015-2024",3,count,excl_infant,cod_selected,2015-2024,,https://doh.sd.gov/media/iy5ld42w/cause-of-death-2015-2024-new.pdf,,fixture_text_capture,Degenerative diseases of the spine (M40-M54),6,needs_review,calendar_year,2,selected 1 of 2 source rows,False
cod_degenerative_diseases_of_the_spine,85.0,85.0,,none,South Dakota,2015-2024,All,False,False,"Causes of Death, 2015-2024",3,count,excl_infant,cod_selected,2015-2024,,https://doh.sd.gov/media/iy5ld42w/cause-of-death-2015-2024-new.pdf,,fixture_text_capture,Degenerative diseases of the spine (M40-M54),85,needs_review,multi_year_total,1,,False
cod_degenerative_diseases_of_the_spine,10.0,10.0,,none,South Dakota,2016,All,False,False,"Causes of Death, 2015-2024",3,count,excl_infant,cod_selected,2015-2024,,https://doh.sd.gov/media/iy5ld42w/cause-of-death-2015-2024-new.pdf,,fixture_text_capture,Degenerative diseases of the spine (M40-M54),10,needs_review,calendar_year,2,selected 1 of 2 source rows,False
cod_degenerative_diseases_of_the_spine,11.0,11.0,,none,South Dakota,2017,All,False,False,"Causes of Death, 2015-2024",3,count,excl_infant,cod_selected,2015-2024,,https://doh.sd.gov/media/iy5ld42w/cause-of-death-2015-2024-new.pdf,,fixture_text_capture,Degenerative diseases of the spine (M40-M54),11,needs_review,calendar_year,2,selected 1 of 2 source rows,False
cod_degenerative_diseases_of_the_spine,7.0,7.0,,none,South Dakota,2018,All,False,False,"Causes of Death, 2015-2024",3,count,excl_infant,cod_selected,2015-2024,,https://doh.sd.gov/media/iy5ld42w/cause-of-death-2015-2024-new.pdf,,fixture_text_capture,Degenerative diseases of the spine (M40-M54),7,needs_review,calendar_year,2,selected 1 of 2 source rows,False
cod_degenerative_diseases_of_the_spine,9.0,9.0,,none,South Dakota,2019,All,False,False,"Causes of Death, 2015-2024",3,count,excl_infant,cod_selected,2015-2024,,https://doh.sd.gov/media/iy5ld42w/cause-of-death-2015-2024-new.pdf,,fixture_text_capture,Degenerative diseases of the spine (M40-M54),9,needs_review,calendar_year,2,selected 1 of 2 source rows,False
cod_degenerative_diseases_of_the_spine,7.0,7.0,,none,South Dakota,2020,All,False,False,"Causes of Death, 2015-2024",3,count,excl_infant,cod_selected,2015-2024,,https://doh.sd.gov/media/iy5ld42w/cause-of-death-2015-2024-new.pdf,,fixture_text_capture,Degenerative diseases of the spine (M40-M54),7,needs_review,calendar_year,2,selected 1 of 2 source rows,False
cod_degenerative_diseases_of_the_spine,12.0,12.0,,none,South Dakota,2021,All,False,False,"Causes of Death, 2015-2024",3,count,excl_infant,cod_selected,2015-2024,,https://doh.sd.gov/media/iy5ld42w/cause-of-death-2015-2024-new.pdf,,fixture_text_capture,Degenerative diseases of the spine (M40-M54),12,needs_review,calendar_year,2,selected 1 of 2 source rows,False
cod_degenerative_diseases_of_the_spine,9.0,9.0,,none,South Dakota,2022,All,False,False,"Causes of Death, 2015-2024",3,count,excl_infant,cod_selected,2015-2024,,https://doh.sd.gov/media/iy5ld42w/cause-of-death-2015-2024-new.pdf,,fixture_text_capture,Degenerative diseases of the spine (M40-M54),9,needs_review,calendar_year,2,selected 1 of 2 source rows,False
cod_degenerative_diseases_of_the_spine,6.0,6.0,,none,South Dakota,2023,All,False,False,"Causes of Death, 2015-2024",3,count,excl_infant,cod_selected,2015-2024,,https://doh.sd.gov/media/iy5ld42w/cause-of-death-2015-2024-new.pdf,,fixture_text_capture,Degenerative diseases of the spine (M40-M54),6,needs_review,calendar_year,2,selected 1 of 2 source rows,False
cod_degenerative_diseases_of_the_spine,8.0,8.0,,none,South Dakota,2024,All,False,False,"Causes of Death, 2015-2024",3,count,excl_infant,cod_selected,2015-2024,,https://doh.sd.gov/media/iy5ld42w/cause-of-death-2015-2024-new.pdf,,fixture_text_capture,Degenerative diseases of the spine (M40-M54),8,needs_review,calendar_year,1,,False
cod_depression,3.0,3.0,,none,South Dakota,2014,All,False,False,"Causes of Death, 2014-2023",0,count,excl_infant,cod_selected,2014-2023,,https://doh.sd.gov/media/g0rf2ewb/sd-cause-of-death-2014-2023.pdf,,fixture_text_capture,Depression (F32),3,needs_review,calendar_year,1,,False
cod_depression,24.0,24.0,,none,South Dakota,2014-2023,All,False,False,"Causes of Death, 2014-2023",0,count,excl_infant,cod_selected,2014-2023,,https://doh.sd.gov/media/g0rf2ewb/sd-cause-of-death-2014-2023.pdf,,fixture_text_capture,Depression (F32),24,needs_review,multi_year_total,1,,False
cod_depression,1.0,1.0,,none,South Dakota,2015,All,False,False,"Causes of Death, 2015-2024",5,count,excl_infant,cod_selected,2015-2024,,https://doh.sd.gov/media/iy5ld42w/cause-of-death-2015-2024-new.pdf,,fixture_text_capture,Depression (F32),1,needs_review,calendar_year,2,selected 1 of 2 source rows,False
cod_depression,25.0,25.0,,none,South Dakota,2015-2024,All,False,False,"Causes of Death, 2015-2024",5,count,excl_infant,cod_selected,2015-2024,,https://doh.sd.gov/media/iy5ld42w/cause-of-death-2015-2024-new.pdf,,fixture_text_capture,Depression (F32),25,needs_review,multi_year_total,1,,False
cod_depression,2.0,2.0,,none,South Dakota,2016,All,False,False,"Causes of Death, 2015-2024",5,count,excl_infant,cod_selected,2015-2024,,https://doh.sd.gov/media/iy5ld42w/cause-of-death-2015-2024-new.pdf,,fixture_text_capture,Depression (F32),2,needs_review,calendar_year,2,selected 1 of 2 source rows,False
cod_depression,2.0,2.0,,none,South Dakota,2017,All,False,False,"Causes of Death, 2015-2024",5,count,excl_infant,cod_selected,2015-2024,,https://doh.sd.gov/media/iy5ld42w/cause-of-death-2015-2024-new.pdf,,fixture_text_capture,Depression (F32),2,needs_review,calendar_year,2,selected 1 of 2 source rows,False
cod_depression,1.0,1.0,,none,South Dakota,2018,All,False,False,"Causes of Death, 2015-2024",5,count,excl_infant,cod_selected,2015-2024,,https://doh.sd.gov/media/iy5ld42w/cause-of-death-2015-2024-new.pdf,,fixture_text_capture,Depression (F32),1,needs_review,calendar_year,2,selected 1 of 2 source rows,False
cod_depression,4.0,4.0,,none,South Dakota,2019,All,False,False,"Causes of Death, 2015-2024",5,count,excl_infant,cod_selected,2015-2024,,https://doh.sd.gov/media/iy5ld42w/cause-of-death-2015-2024-new.pdf,,fixture_text_capture,Depression (F32),4,needs_review,calendar_year,2,selected 1 of 2 source rows,False
cod_depression,2.0,2.0,,none,South Dakota,2020,All,False,False,"Causes of Death, 2015-2024",5,count,excl_infant,cod_selected,2015-2024,,https://doh.sd.gov/media/iy5ld42w/cause-of-death-2015-2024-new.pdf,,fixture_text_capture,Depression (F32),2,needs_review,calendar_year,2,selected 1 of 2 source rows,False
cod_depression,5.0,5.0,,none,South Dakota,2021,All,False,False,"Causes of Death, 2015-2024",5,count,excl_infant,cod_selected,2015-2024,,https://doh.sd.gov/media/iy5ld42w/cause-of-death-2015-2024-new.pdf,,fixture_text_capture,Depression (F32),5,needs_review,calendar_year,2,selected 1 of 2 source rows,False
cod_depression,2.0,2.0,,none,South Dakota,2022,All,False,False,"Causes of Death, 2015-2024",5,count,excl_infant,cod_selected,2015-2024,,https://doh.sd.gov/media/iy5ld42w/cause-of-death-2015-2024-new.pdf,,fixture_text_capture,Depression (F32),2,needs_review,calendar_year,2,selected 1 of 2 source rows,False
cod_depression,2.0,2.0,,none,South Dakota,2023,All,False,False,"Causes of Death, 2015-2024",5,count,excl_infant,cod_selected,2015-2024,,https://doh.sd.gov/media/iy5ld42w/cause-of-death-2015-2024-new.pdf,,fixture_text_capture,Depression (F32),2,needs_review,calendar_year,2,selected 1 of 2 source rows,False
cod_depression,4.0,4.0,,none,South Dakota,2024,All,False,False,"Causes of Death, 2015-2024",5,count,excl_infant,cod_selected,2015-2024,,https://doh.sd.gov/media/iy5ld42w/cause-of-death-2015-2024-new.pdf,,fixture_text_capture,Depression (F32),4,needs_review,calendar_year,1,,False
cod_diseases_of_peritoneum,5.0,5.0,,none,South Dakota,2014,All,False,False,"Causes of Death, 2014-2023",0,count,excl_infant,cod_selected,2014-2023,,https://doh.sd.gov/media/g0rf2ewb/sd-cause-of-death-2014-2023.pdf,,fixture_text_capture,Diseases of peritoneum (K65-K67),5,needs_review,calendar_year,1,,False
cod_diseases_of_peritoneum,59.0,59.0,,none,South Dakota,2014-2023,All,False,False,"Causes of Death, 2014-2023",0,count,excl_infant,cod_selected,2014-2023,,https://doh.sd.gov/media/g0rf2ewb/sd-cause-of-death-2014-2023.pdf,,fixture_text_capture,Diseases of peritoneum (K65-K67),59,needs_review,multi_year_total,1,,False
cod_diseases_of_peritoneum,8.0,8.0,,none,South Dakota,2015,All,False,False,"Causes of Death, 2015-2024",3,count,excl_infant,cod_selected,2015-2024,,https://doh.sd.gov/media/iy5ld42w/cause-of-death-2015-2024-new.pdf,,fixture_text_capture,Diseases of peritoneum (K65-K67),8,needs_review,calendar_year,2,selected 1 of 2 source rows,False
cod_diseases_of_peritoneum,63.0,63.0,,none,South Dakota,2015-2024,All,False,False,"Causes of Death, 2015-2024",3,count,excl_infant,cod_selected,2015-2024,,https://doh.sd.gov/media/iy5ld42w/cause-of-death-2015-2024-new.pdf,,fixture_text_capture,Diseases of peritoneum (K65-K67),63,needs_review,multi_year_total,1,,False
cod_diseases_of_peritoneum,5.0,5.0,,none,South Dakota,2016,All,False,False,"Causes of Death, 2015-2024",3,count,excl_infant,cod_selected,2015-2024,,https://doh.sd.gov/media/iy5ld42w/cause-of-death-2015-2024-new.pdf,,fixture_text_capture,Diseases of peritoneum (K65-K67),5,needs_review,calendar_year,2,selected 1 of 2 source rows,False
cod_diseases_of_peritoneum,3.0,3.0,,none,South Dakota,2017,All,False,False,"Causes of Death, 2015-2024",3,count,excl_infant,cod_selected,2015-2024,,https://doh.sd.gov/media/iy5ld42w/cause-of-death-2015-2024-new.pdf,,fixture_text_capture,Diseases of peritoneum (K65-K67),3,needs_review,calendar_year,2,selected 1 of 2 source rows,False
cod_diseases_of_peritoneum,7.0,7.0,,none,South Dakota,2018,All,False,False,"Causes of Death, 2015-2024",3,count,excl_infant,cod_selected,2015-2024,,https://doh.sd.gov/media/iy5ld42w/cause-of-death-2015-2024-new.pdf,,fixture_text_capture,Diseases of peritoneum (K65-K67),7,needs_review,calendar_year,2,selected 1 of 2 source rows,False
cod_diseases_of_peritoneum,4.0,4.0,,none,South Dakota,2019,All,False,False,"Causes of Death, 2015-2024",3,count,excl_infant,cod_selected,2015-2024,,https://doh.sd.gov/media/iy5ld42w/cause-of-death-2015-2024-new.pdf,,fixture_text_capture,Diseases of peritoneum (K65-K67),4,needs_review,calendar_year,2,selected 1 of 2 source rows,False
cod_diseases_of_peritoneum,5.0,5.0,,none,South Dakota,2020,All,False,False,"Causes of Death, 2015-2024",3,count,excl_infant,cod_selected,2015-2024,,https://doh.sd.gov/media/iy5ld42w/cause-of-death-2015-2024-new.pdf,,fixture_text_capture,Diseases of peritoneum (K65-K67),5,needs_review,calendar_year,2,selected 1 of 2 source rows,False
cod_diseases_of_peritoneum,13.0,13.0,,none,South Dakota,2021,All,False,False,"Causes of Death, 2015-2024",3,count,excl_infant,cod_selected,2015-2024,,https://doh.sd.gov/media/iy5ld42w/cause-of-death-2015-2024-new.pdf,,fixture_text_capture,Diseases of peritoneum (K65-K67),13,needs_review,calendar_year,2,selected 1 of 2 source rows,False
cod_diseases_of_peritoneum,5.0,5.0,,none,South Dakota,2022,All,False,False,"Causes of Death, 2015-2024",3,count,excl_infant,cod_selected,2015-2024,,https://doh.sd.gov/media/iy5ld42w/cause-of-death-2015-2024-new.pdf,,fixture_text_capture,Diseases of peritoneum (K65-K67),5,needs_review,calendar_year,2,selected 1 of 2 source rows,False
cod_diseases_of_peritoneum,4.0,4.0,,none,South Dakota,2023,All,False,False,"Causes of Death, 2015-2024",3,count,excl_infant,cod_selected,2015-2024,,https://doh.sd.gov/media/iy5ld42w/cause-of-death-2015-2024-new.pdf,,fixture_text_capture,Diseases of peritoneum (K65-K67),4,needs_review,calendar_year,2,selected 1 of 2 source rows,False
cod_diseases_of_peritoneum,9.0,9.0,,none,South Dakota,2024,All,False,False,"Causes of Death, 2015-2024",3,count,excl_infant,cod_selected,2015-2024,,https://doh.sd.gov/media/iy5ld42w/cause-of-death-2015-2024-new.pdf,,fixture_text_capture,Diseases of peritoneum (K65-K67),9,needs_review,calendar_year,1,,False
cod_disorders_of_mineral_metabolism,2.0,2.0,,none,South Dakota,2014,All,False,False,"Causes of Death, 2014-2023",0,count,excl_infant,cod_selected,2014-2023,,https://doh.sd.gov/media/g0rf2ewb/sd-cause-of-death-2014-2023.pdf,,fixture_text_capture,Disorders of mineral metabolism (E83),2,needs_review,calendar_year,1,,False
cod_disorders_of_mineral_metabolism,24.0,24.0,,none,South Dakota,2014-2023,All,False,False,"Causes of Death, 2014-2023",0,count,excl_infant,cod_selected,2014-2023,,https://doh.sd.gov/media/g0rf2ewb/sd-cause-of-death-2014-2023.pdf,,fixture_text_capture,Disorders of mineral metabolism (E83),24,needs_review,multi_year_total,1,,False
cod_disorders_of_mineral_metabolism,1.0,1.0,,none,South Dakota,2015,All,False,False,"Causes of Death, 2015-2024",5,count,excl_infant,cod_selected,2015-2024,,https://doh.sd.gov/media/iy5ld42w/cause-of-death-2015-2024-new.pdf,,fixture_text_capture,Disorders of mineral metabolism (E83),1,needs_review,calendar_year,2,selected 1 of 2 source rows,False
cod_disorders_of_mineral_metabolism,23.0,23.0,,none,South Dakota,2015-2024,All,False,False,"Causes of Death, 2015-2024",5,count,excl_infant,cod_selected,2015-2024,,https://doh.sd.gov/media/iy5ld42w/cause-of-death-2015-2024-new.pdf,,fixture_text_capture,Disorders of mineral metabolism (E83),23,needs_review,multi_year_total,1,,False
cod_disorders_of_mineral_metabolism,1.0,1.0,,none,South Dakota,2016,All,False,False,"Causes of Death, 2015-2024",5,count,excl_infant,cod_selected,2015-2024,,https://doh.sd.gov/media/iy5ld42w/cause-of-death-2015-2024-new.pdf,,fixture_text_capture,Disorders of mineral metabolism (E83),1,needs_review,calendar_year,2,selected 1 of 2 source rows,False
cod_disorders_of_mineral_metabolism,2.0,2.0,,none,South Dakota,2017,All,False,False,"Causes of Death, 2015-2024",5,count,excl_infant,cod_selected,2015-2024,,https://doh.sd.gov/media/iy5ld42w/cause-of-death-2015-2024-new.pdf,,fixture_text_capture,Disorders of mineral metabolism (E83),2,needs_review,calendar_year,2,selected 1 of 2 source rows,False
cod_disorders_of_mineral_metabolism,0.0,0.0,,none,South Dakota,2018,All,False,False,"Causes of Death, 2015-2024",5,count,excl_infant,cod_selected,2015-2024,,https://doh.sd.gov/media/iy5ld42w/cause-of-death-2015-2024-new.pdf,,fixture_text_capture,Disorders of mineral metabolism (E83),0,needs_review,calendar_year,2,selected 1 of 2 source rows,False
cod_disorders_of_mineral_metabolism,2.0,2.0,,none,South Dakota,2019,All,False,False,"Causes of Death, 2015-2024",5,count,excl_infant,cod_selected,2015-2024,,https://doh.sd.gov/media/iy5ld42w/cause-of-death-2015-2024-new.pdf,,fixture_text_capture,Disorders of mineral metabolism (E83),2,needs_review,calendar_year,2,selected 1 of 2 source rows,False
cod_disorders_of_mineral_metabolism,2.0,2.0,,none,South Dakota,2020,All,False,False,"Causes of Death, 2015-2024",5,count,excl_infant,cod_selected,2015-2024,,https://doh.sd.gov/media/iy5ld42w/cause-of-death-2015-2024-new.pdf,,fixture_text_capture,Disorders of mineral metabolism (E83),2,needs_review,calendar_year,2,selected 1 of 2 source rows,False
cod_disorders_of_mineral_metabolism,4.0,4.0,,none,South Dakota,2021,All,False,False,"Causes of Death, 2015-2024",5,count,excl_infant,cod_selected,2015-2024,,https://doh.sd.gov/media/iy5ld42w/cause-of-death-2015-2024-new.pdf,,fixture_text_capture,Disorders of mineral metabolism (E83),4,needs_review,calendar_year,2,selected 1 of 2 source rows,False
cod_disorders_of_mineral_metabolism,6.0,6.0,,none,South Dakota,2022,All,False,False,"Causes of Death, 2015-2024",5,count,excl_infant,cod_selected,2015-2024,,https://doh.sd.gov/media/iy5ld42w/cause-of-death-2015-2024-new.pdf,,fixture_text_capture,Disorders of mineral metabolism (E83),6,needs_review,calendar_year,2,selected 1 of 2 source rows,False
cod_disorders_of_mineral_metabolism,4.0,4.0,,none,South Dakota,2023,All,False,False,"Causes of Death, 2015-2024",5,count,excl_infant,cod_selected,2015-2024,,https://doh.sd.gov/media/iy5ld42w/cause-of-death-2015-2024-new.pdf,,fixture_text_capture,Disorders of mineral metabolism (E83),4,needs_review,calendar_year,2,selected 1 of 2 source rows,False
cod_disorders_of_mineral_metabolism,1.0,1.0,,none,South Dakota,2024,All,False,False,"Causes of Death, 2015-2024",5,count,excl_infant,cod_selected,2015-2024,,https://doh.sd.gov/media/iy5ld42w/cause-of-death-2015-2024-new.pdf,,fixture_text_capture,Disorders of mineral metabolism (E83),1,needs_review,calendar_year,1,,False
cod_diverticular_disease_of_intestine,14.0,14.0,,none,South Dakota,2014,All,False,False,"Causes of Death, 2014-2023",0,count,excl_infant,cod_selected,2014-2023,,https://doh.sd.gov/media/g0rf2ewb/sd-cause-of-death-2014-2023.pdf,,fixture_text_capture,Diverticular disease of intestine (K57),14,needs_review,calendar_year,1,,False
cod_diverticular_disease_of_intestine,92.0,92.0,,none,South Dakota,2014-2023,All,False,False,"Causes of Death, 2014-2023",0,count,excl_infant,cod_selected,2014-2023,,https://doh.sd.gov/media/g0rf2ewb/sd-cause-of-death-2014-2023.pdf,,fixture_text_capture,Diverticular disease of intestine (K57),92,needs_review,multi_year_total,1,,False
cod_diverticular_disease_of_intestine,7.0,7.0,,none,South Dakota,2015,All,False,False,"Causes of Death, 2015-2024",3,count,excl_infant,cod_selected,2015-2024,,https://doh.sd.gov/media/iy5ld42w/cause-of-death-2015-2024-new.pdf,,fixture_text_capture,Diverticular disease of intestine (K57),7,needs_review,calendar_year,2,selected 1 of 2 source rows,False
cod_diverticular_disease_of_intestine,88.0,88.0,,none,South Dakota,2015-2024,All,False,False,"Causes of Death, 2015-2024",3,count,excl_infant,cod_selected,2015-2024,,https://doh.sd.gov/media/iy5ld42w/cause-of-death-2015-2024-new.pdf,,fixture_text_capture,Diverticular disease of intestine (K57),88,needs_review,multi_year_total,1,,False
cod_diverticular_disease_of_intestine,6.0,6.0,,none,South Dakota,2016,All,False,False,"Causes of Death, 2015-2024",3,count,excl_infant,cod_selected,2015-2024,,https://doh.sd.gov/media/iy5ld42w/cause-of-death-2015-2024-new.pdf,,fixture_text_capture,Diverticular disease of intestine (K57),6,needs_review,calendar_year,2,selected 1 of 2 source rows,False
cod_diverticular_disease_of_intestine,5.0,5.0,,none,South Dakota,2017,All,False,False,"Causes of Death, 2015-2024",3,count,excl_infant,cod_selected,2015-2024,,https://doh.sd.gov/media/iy5ld42w/cause-of-death-2015-2024-new.pdf,,fixture_text_capture,Diverticular disease of intestine (K57),5,needs_review,calendar_year,2,selected 1 of 2 source rows,False
cod_diverticular_disease_of_intestine,12.0,12.0,,none,South Dakota,2018,All,False,False,"Causes of Death, 2015-2024",3,count,excl_infant,cod_selected,2015-2024,,https://doh.sd.gov/media/iy5ld42w/cause-of-death-2015-2024-new.pdf,,fixture_text_capture,Diverticular disease of intestine (K57),12,needs_review,calendar_year,2,selected 1 of 2 source rows,False
cod_diverticular_disease_of_intestine,11.0,11.0,,none,South Dakota,2019,All,False,False,"Causes of Death, 2015-2024",3,count,excl_infant,cod_selected,2015-2024,,https://doh.sd.gov/media/iy5ld42w/cause-of-death-2015-2024-new.pdf,,fixture_text_capture,Diverticular disease of intestine (K57),11,needs_review,calendar_year,2,selected 1 of 2 source rows,False
cod_diverticular_disease_of_intestine,9.0,9.0,,none,South Dakota,2020,All,False,False,"Causes of Death, 2015-2024",3,count,excl_infant,cod_selected,2015-2024,,https://doh.sd.gov/media/iy5ld42w/cause-of-death-2015-2024-new.pdf,,fixture_text_capture,Diverticular disease of intestine (K57),9,needs_review,calendar_year,2,selected 1 of 2 source rows,False
cod_diverticular_disease_of_intestine,8.0,8.0,,none,South Dakota,2021,All,False,False,"Causes of Death, 2015-2024",3,count,excl_infant,cod_selected,2015-2024,,https://doh.sd.gov/media/iy5ld42w/cause-of-death-2015-2024-new.pdf,,fixture_text_capture,Diverticular disease of intestine (K57),8,needs_review,calendar_year,2,selected 1 of 2 source rows,False
cod_diverticular_disease_of_intestine,16.0,16.0,,none,South Dakota,2022,All,False,False,"Causes of Death, 2015-2024",3,count,excl_infant,cod_selected,2015-2024,,https://doh.sd.gov/media/iy5ld42w/cause-of-death-2015-2024-new.pdf,,fixture_text_capture,Diverticular disease of intestine (K57),16,needs_review,calendar_year,2,selected 1 of 2 source rows,False
cod_diverticular_disease_of_intestine,4.0,4.0,,none,South Dakota,2023,All,False,False,"Causes of Death, 2015-2024",3,count,excl_infant,cod_selected,2015-2024,,https://doh.sd.gov/media/iy5ld42w/cause-of-death-2015-2024-new.pdf,,fixture_text_capture,Diverticular disease of intestine (K57),4,needs_review,calendar_year,2,selected 1 of 2 source rows,False
cod_diverticular_disease_of_intestine,10.0,10.0,,none,South Dakota,2024,All,False,False,"Causes of Death, 2015-2024",3,count,excl_infant,cod_selected,2015-2024,,https://doh.sd.gov/media/iy5ld42w/cause-of-death-2015-2024-new.pdf,,fixture_text_capture,Diverticular disease of intestine (K57),10,needs_review,calendar_year,1,,False
cod_enlarged_prostate,1.0,1.0,,none,South Dakota,2014,All,False,False,"Causes of Death, 2014-2023",0,count,excl_infant,cod_selected,2014-2023,,https://doh.sd.gov/media/g0rf2ewb/sd-cause-of-death-2014-2023.pdf,,fixture_text_capture,Enlarged prostate (N40),1,needs_review,calendar_year,1,,False
cod_enlarged_prostate,53.0,53.0,,none,South Dakota,2014-2023,All,False,False,"Causes of Death, 2014-2023",0,count,excl_infant,cod_selected,2014-2023,,https://doh.sd.gov/media/g0rf2ewb/sd-cause-of-death-2014-2023.pdf,,fixture_text_capture,Enlarged prostate (N40),53,needs_review,multi_year_total,1,,False
cod_enlarged_prostate,2.0,2.0,,none,South Dakota,2015,All,False,False,"Causes of Death, 2015-2024",4,count,excl_infant,cod_selected,2015-2024,,https://doh.sd.gov/media/iy5ld42w/cause-of-death-2015-2024-new.pdf,,fixture_text_capture,Enlarged prostate (N40),2,needs_review,calendar_year,2,selected 1 of 2 source rows,False
cod_enlarged_prostate,56.0,56.0,,none,South Dakota,2015-2024,All,False,False,"Causes of Death, 2015-2024",4,count,excl_infant,cod_selected,2015-2024,,https://doh.sd.gov/media/iy5ld42w/cause-of-death-2015-2024-new.pdf,,fixture_text_capture,Enlarged prostate (N40),56,needs_review,multi_year_total,1,,False
cod_enlarged_prostate,2.0,2.0,,none,South Dakota,2016,All,False,False,"Causes of Death, 2015-2024",4,count,excl_infant,cod_selected,2015-2024,,https://doh.sd.gov/media/iy5ld42w/cause-of-death-2015-2024-new.pdf,,fixture_text_capture,Enlarged prostate (N40),2,needs_review,calendar_year,2,selected 1 of 2 source rows,False
cod_enlarged_prostate,7.0,7.0,,none,South Dakota,2017,All,False,False,"Causes of Death, 2015-2024",4,count,excl_infant,cod_selected,2015-2024,,https://doh.sd.gov/media/iy5ld42w/cause-of-death-2015-2024-new.pdf,,fixture_text_capture,Enlarged prostate (N40),7,needs_review,calendar_year,2,selected 1 of 2 source rows,False
cod_enlarged_prostate,4.0,4.0,,none,South Dakota,2018,All,False,False,"Causes of Death, 2015-2024",4,count,excl_infant,cod_selected,2015-2024,,https://doh.sd.gov/media/iy5ld42w/cause-of-death-2015-2024-new.pdf,,fixture_text_capture,Enlarged prostate (N40),4,needs_review,calendar_year,2,selected 1 of 2 source rows,False
cod_enlarged_prostate,10.0,10.0,,none,South Dakota,2019,All,False,False,"Causes of Death, 2015-2024",4,count,excl_infant,cod_selected,2015-2024,,https://doh.sd.gov/media/iy5ld42w/cause-of-death-2015-2024-new.pdf,,fixture_text_capture,Enlarged prostate (N40),10,needs_review,calendar_year,2,selected 1 of 2 source rows,False
cod_enlarged_prostate,6.0,6.0,,none,South Dakota,2020,All,False,False,"Causes of Death, 2015-2024",4,count,excl_infant,cod_selected,2015-2024,,https://doh.sd.gov/media/iy5ld42w/cause-of-death-2015-2024-new.pdf,,fixture_text_capture,Enlarged prostate (N40),6,needs_review,calendar_year,2,selected 1 of 2 source rows,False
cod_enlarged_prostate,4.0,4.0,,none,South Dakota,2021,All,False,False,"Causes of Death, 2015-2024",4,count,excl_infant,cod_selected,2015-2024,,https://doh.sd.gov/media/iy5ld42w/cause-of-death-2015-2024-new.pdf,,fixture_text_capture,Enlarged prostate (N40),4,needs_review,calendar_year,2,selected 1 of 2 source rows,False
cod_enlarged_prostate,8.0,8.0,,none,South Dakota,2022,All,False,False,"Causes of Death, 2015-2024",4,count,excl_infant,cod_selected,2015-2024,,https://doh.sd.gov/media/iy5ld42w/cause-of-death-2015-2024-new.pdf,,fixture_text_capture,Enlarged prostate (N40),8,needs_review,calendar_year,2,selected 1 of 2 source rows,False
cod_enlarged_prostate,9.0,9.0,,none,South Dakota,2023,All,False,False,"Causes of Death, 2015-2024",4,count,excl_infant,cod_selected,2015-2024,,https://doh.sd.gov/media/iy5ld42w/cause-of-death-2015-2024-new.pdf,,fixture_text_capture,Enlarged prostate (N40),9,needs_review,calendar_year,2,selected 1 of 2 source rows,False
cod_enlarged_prostate,4.0,4.0,,none,South Dakota,2024,All,False,False,"Causes of Death, 2015-2024",4,count,excl_infant,cod_selected,2015-2024,,https://doh.sd.gov/media/iy5ld42w/cause-of-death-2015-2024-new.pdf,,fixture_text_capture,Enlarged prostate (N40),4,needs_review,calendar_year,1,,False
cod_enterocolitis_due_to_clostridium_difficile,15.0,15.0,,none,South Dakota,2014,All,False,False,"Causes of Death, 2014-2023",0,count,excl_infant,cod_selected,2014-2023,,https://doh.sd.gov/media/g0rf2ewb/sd-cause-of-death-2014-2023.pdf,,fixture_text_capture,Enterocolitis due to Clostridium difficile (A04.7),15,needs_review,calendar_year,1,,False
cod_enterocolitis_due_to_clostridium_difficile,124.0,124.0,,none,South Dakota,2014-2023,All,False,False,"Causes of Death, 2014-2023",0,count,excl_infant,cod_selected,2014-2023,,https://doh.sd.gov/media/g0rf2ewb/sd-cause-of-death-2014-2023.pdf,,fixture_text_capture,Enterocolitis due to Clostridium difficile (A04.7),124,needs_review,multi_year_total,1,,False
cod_enterocolitis_due_to_clostridium_difficile,17.0,17.0,,none,South Dakota,2015,All,False,False,"Causes of Death, 2015-2024",2,count,excl_infant,cod_selected,2015-2024,,https://doh.sd.gov/media/iy5ld42w/cause-of-death-2015-2024-new.pdf,,fixture_text_capture,Enterocolitis due to Clostridium difficile (A04.7),17,needs_review,calendar_year,2,selected 1 of 2 source rows,False
cod_enterocolitis_due_to_clostridium_difficile,120.0,120.0,,none,South Dakota,2015-2024,All,False,False,"Causes of Death, 2015-2024",2,count,excl_infant,cod_selected,2015-2024,,https://doh.sd.gov/media/iy5ld42w/cause-of-death-2015-2024-new.pdf,,fixture_text_capture,Enterocolitis due to Clostridium difficile (A04.7),120,needs_review,multi_year_total,1,,False
cod_enterocolitis_due_to_clostridium_difficile,11.0,11.0,,none,South Dakota,2016,All,False,False,"Causes of Death, 2015-2024",2,count,excl_infant,cod_selected,2015-2024,,https://doh.sd.gov/media/iy5ld42w/cause-of-death-2015-2024-new.pdf,,fixture_text_capture,Enterocolitis due to Clostridium difficile (A04.7),11,needs_review,calendar_year,2,selected 1 of 2 source rows,False
cod_enterocolitis_due_to_clostridium_difficile,21.0,21.0,,none,South Dakota,2017,All,False,False,"Causes of Death, 2015-2024",2,count,excl_infant,cod_selected,2015-2024,,https://doh.sd.gov/media/iy5ld42w/cause-of-death-2015-2024-new.pdf,,fixture_text_capture,Enterocolitis due to Clostridium difficile (A04.7),21,needs_review,calendar_year,2,selected 1 of 2 source rows,False
cod_enterocolitis_due_to_clostridium_difficile,9.0,9.0,,none,South Dakota,2018,All,False,False,"Causes of Death, 2015-2024",2,count,excl_infant,cod_selected,2015-2024,,https://doh.sd.gov/media/iy5ld42w/cause-of-death-2015-2024-new.pdf,,fixture_text_capture,Enterocolitis due to Clostridium difficile (A04.7),9,needs_review,calendar_year,2,selected 1 of 2 source rows,False
cod_enterocolitis_due_to_clostridium_difficile,10.0,10.0,,none,South Dakota,2019,All,False,False,"Causes of Death, 2015-2024",2,count,excl_infant,cod_selected,2015-2024,,https://doh.sd.gov/media/iy5ld42w/cause-of-death-2015-2024-new.pdf,,fixture_text_capture,Enterocolitis due to Clostridium difficile (A04.7),10,needs_review,calendar_year,2,selected 1 of 2 source rows,False
cod_enterocolitis_due_to_clostridium_difficile,6.0,6.0,,none,South Dakota,2020,All,False,False,"Causes of Death, 2015-2024",2,count,excl_infant,cod_selected,2015-2024,,https://doh.sd.gov/media/iy5ld42w/cause-of-death-2015-2024-new.pdf,,fixture_text_capture,Enterocolitis due to Clostridium difficile (A04.7),6,needs_review,calendar_year,2,selected 1 of 2 source rows,False
cod_enterocolitis_due_to_clostridium_difficile,12.0,12.0,,none,South Dakota,2021,All,False,False,"Causes of Death, 2015-2024",2,count,excl_infant,cod_selected,2015-2024,,https://doh.sd.gov/media/iy5ld42w/cause-of-death-2015-2024-new.pdf,,fixture_text_capture,Enterocolitis due to Clostridium difficile (A04.7),12,needs_review,calendar_year,2,selected 1 of 2 source rows,False
cod_enterocolitis_due_to_clostridium_difficile,15.0,15.0,,none,South Dakota,2022,All,False,False,"Causes of Death, 2015-2024",2,count,excl_infant,cod_selected,2015-2024,,https://doh.sd.gov/media/iy5ld42w/cause-of-death-2015-2024-new.pdf,,fixture_text_capture,Enterocolitis due to Clostridium difficile (A04.7),15,needs_review,calendar_year,2,selected 1 of 2 source rows,False
cod_enterocolitis_due_to_clostridium_difficile,8.0,8.0,,none,South Dakota,2023,All,False,False,"Causes of Death, 2015-2024",2,count,excl_infant,cod_selected,2015-2024,,https://doh.sd.gov/media/iy5ld42w/cause-of-death-2015-2024-new.pdf,,fixture_text_capture,Enterocolitis due to Clostridium difficile (A04.7),8,needs_review,calendar_year,2,selected 1 of 2 source rows,False
cod_enterocolitis_due_to_clostridium_difficile,11.0,11.0,,none,South Dakota,2024,All,False,False,"Causes of Death, 2015-2024",2,count,excl_infant,cod_selected,2015-2024,,https://doh.sd.gov/media/iy5ld42w/cause-of-death-2015-2024-new.pdf,,fixture_text_capture,Enterocolitis due to Clostridium difficile (A04.7),11,needs_review,calendar_year,1,,False
cod_epilepsy,5.0,5.0,,none,South Dakota,2014,All,False,False,"Causes of Death, 2014-2023",0,count,excl_infant,cod_selected,2014-2023,,https://doh.sd.gov/media/g0rf2ewb/sd-cause-of-death-2014-2023.pdf,,fixture_text_capture,Epilepsy (G40),5,needs_review,calendar_year,1,,False
cod_epilepsy,87.0,87.0,,none,South Dakota,2014-2023,All,False,False,"Causes of Death, 2014-2023",0,count,excl_infant,cod_selected,2014-2023,,https://doh.sd.gov/media/g0rf2ewb/sd-cause-of-death-2014-2023.pdf,,fixture_text_capture,Epilepsy (G40),87,needs_review,multi_year_total,1,,False
cod_epilepsy,12.0,12.0,,none,South Dakota,2015,All,False,False,"Causes of Death, 2015-2024",3,count,excl_infant,cod_selected,2015-2024,,https://doh.sd.gov/media/iy5ld42w/cause-of-death-2015-2024-new.pdf,,fixture_text_capture,Epilepsy (G40),12,needs_review,calendar_year,2,selected 1 of 2 source rows,False
cod_epilepsy,94.0,94.0,,none,South Dakota,2015-2024,All,False,False,"Causes of Death, 2015-2024",3,count,excl_infant,cod_selected,2015-2024,,https://doh.sd.gov/media/iy5ld42w/cause-of-death-2015-2024-new.pdf,,fixture_text_capture,Epilepsy (G40),94,needs_review,multi_year_total,1,,False
cod_epilepsy,6.0,6.0,,none,South Dakota,2016,All,False,False,"Causes of Death, 2015-2024",3,count,excl_infant,cod_selected,2015-2024,,https://doh.sd.gov/media/iy5ld42w/cause-of-death-2015-2024-new.pdf,,fixture_text_capture,Epilepsy (G40),6,needs_review,calendar_year,2,selected 1 of 2 source rows,False
cod_epilepsy,9.0,9.0,,none,South Dakota,2017,All,False,False,"Causes of Death, 2015-2024",3,count,excl_infant,cod_selected,2015-2024,,https://doh.sd.gov/media/iy5ld42w/cause-of-death-2015-2024-new.pdf,,fixture_text_capture,Epilepsy (G40),9,needs_review,calendar_year,2,selected 1 of 2 source rows,False
cod_epilepsy,7.0,7.0,,none,South Dakota,2018,All,False,False,"Causes of Death, 2015-2024",3,count,excl_infant,cod_selected,2015-2024,,https://doh.sd.gov/media/iy5ld42w/cause-of-death-2015-2024-new.pdf,,fixture_text_capture,Epilepsy (G40),7,needs_review,calendar_year,2,selected 1 of 2 source rows,False
cod_epilepsy,11.0,11.0,,none,South Dakota,2019,All,False,False,"Causes of Death, 2015-2024",3,count,excl_infant,cod_selected,2015-2024,,https://doh.sd.gov/media/iy5ld42w/cause-of-death-2015-2024-new.pdf,,fixture_text_capture,Epilepsy (G40),11,needs_review,calendar_year,2,selected 1 of 2 source rows,False
cod_epilepsy,5.0,5.0,,none,South Dakota,2020,All,False,False,"Causes of Death, 2015-2024",3,count,excl_infant,cod_selected,2015-2024,,https://doh.sd.gov/media/iy5ld42w/cause-of-death-2015-2024-new.pdf,,fixture_text_capture,Epilepsy (G40),5,needs_review,calendar_year,2,selected 1 of 2 source rows,False
cod_epilepsy,11.0,11.0,,none,South Dakota,2021,All,False,False,"Causes of Death, 2015-2024",3,count,excl_infant,cod_selected,2015-2024,,https://doh.sd.gov/media/iy5ld42w/cause-of-death-2015-2024-new.pdf,,fixture_text_capture,Epilepsy (G40),11,needs_review,calendar_year,2,selected 1 of 2 source rows,False
cod_epilepsy,9.0,9.0,,none,South Dakota,2022,All,False,False,"Causes of Death, 2015-2024",3,count,excl_infant,cod_selected,2015-2024,,https://doh.sd.gov/media/iy5ld42w/cause-of-death-2015-2024-new.pdf,,fixture_text_capture,Epilepsy (G40),9,needs_review,calendar_year,2,selected 1 of 2 source rows,False
cod_epilepsy,12.0,12.0,,none,South Dakota,2023,All,False,False,"Causes of Death, 2015-2024",3,count,excl_infant,cod_selected,2015-2024,,https://doh.sd.gov/media/iy5ld42w/cause-of-death-2015-2024-new.pdf,,fixture_text_capture,Epilepsy (G40),12,needs_review,calendar_year,2,selected 1 of 2 source rows,False
cod_epilepsy,12.0,12.0,,none,South Dakota,2024,All,False,False,"Causes of Death, 2015-2024",3,count,excl_infant,cod_selected,2015-2024,,https://doh.sd.gov/media/iy5ld42w/cause-of-death-2015-2024-new.pdf,,fixture_text_capture,Epilepsy (G40),12,needs_review,calendar_year,1,,False
cod_esophageal_obstruction,2.0,2.0,,none,South Dakota,2014,All,False,False,"Causes of Death, 2014-2023",0,count,excl_infant,cod_selected,2014-2023,,https://doh.sd.gov/media/g0rf2ewb/sd-cause-of-death-2014-2023.pdf,,fixture_text_capture,Esophageal obstruction (K22.2),2,needs_review,calendar_year,1,,False
cod_esophageal_obstruction,22.0,22.0,,none,South Dakota,2014-2023,All,False,False,"Causes of Death, 2014-2023",0,count,excl_infant,cod_selected,2014-2023,,https://doh.sd.gov/media/g0rf2ewb/sd-cause-of-death-2014-2023.pdf,,fixture_text_capture,Esophageal obstruction (K22.2),22,needs_review,multi_year_total,1,,False
cod_esophageal_obstruction,3.0,3.0,,none,South Dakota,2015,All,False,False,"Causes of Death, 2015-2024",5,count,excl_infant,cod_selected,2015-2024,,https://doh.sd.gov/media/iy5ld42w/cause-of-death-2015-2024-new.pdf,,fixture_text_capture,Esophageal obstruction (K22.2),3,needs_review,calendar_year,2,selected 1 of 2 source rows,False
cod_esophageal_obstruction,23.0,23.0,,none,South Dakota,2015-2024,All,False,False,"Causes of Death, 2015-2024",5,count,excl_infant,cod_selected,2015-2024,,https://doh.sd.gov/media/iy5ld42w/cause-of-death-2015-2024-new.pdf,,fixture_text_capture,Esophageal obstruction (K22.2),23,needs_review,multi_year_total,1,,False
cod_esophageal_obstruction,4.0,4.0,,none,South Dakota,2016,All,False,False,"Causes of Death, 2015-2024",5,count,excl_infant,cod_selected,2015-2024,,https://doh.sd.gov/media/iy5ld42w/cause-of-death-2015-2024-new.pdf,,fixture_text_capture,Esophageal obstruction (K22.2),4,needs_review,calendar_year,2,selected 1 of 2 source rows,False
cod_esophageal_obstruction,2.0,2.0,,none,South Dakota,2017,All,False,False,"Causes of Death, 2015-2024",5,count,excl_infant,cod_selected,2015-2024,,https://doh.sd.gov/media/iy5ld42w/cause-of-death-2015-2024-new.pdf,,fixture_text_capture,Esophageal obstruction (K22.2),2,needs_review,calendar_year,2,selected 1 of 2 source rows,False
cod_esophageal_obstruction,2.0,2.0,,none,South Dakota,2018,All,False,False,"Causes of Death, 2015-2024",5,count,excl_infant,cod_selected,2015-2024,,https://doh.sd.gov/media/iy5ld42w/cause-of-death-2015-2024-new.pdf,,fixture_text_capture,Esophageal obstruction (K22.2),2,needs_review,calendar_year,2,selected 1 of 2 source rows,False
cod_esophageal_obstruction,4.0,4.0,,none,South Dakota,2019,All,False,False,"Causes of Death, 2015-2024",5,count,excl_infant,cod_selected,2015-2024,,https://doh.sd.gov/media/iy5ld42w/cause-of-death-2015-2024-new.pdf,,fixture_text_capture,Esophageal obstruction (K22.2),4,needs_review,calendar_year,2,selected 1 of 2 source rows,False
cod_esophageal_obstruction,1.0,1.0,,none,South Dakota,2020,All,False,False,"Causes of Death, 2015-2024",5,count,excl_infant,cod_selected,2015-2024,,https://doh.sd.gov/media/iy5ld42w/cause-of-death-2015-2024-new.pdf,,fixture_text_capture,Esophageal obstruction (K22.2),1,needs_review,calendar_year,2,selected 1 of 2 source rows,False
cod_esophageal_obstruction,2.0,2.0,,none,South Dakota,2021,All,False,False,"Causes of Death, 2015-2024",5,count,excl_infant,cod_selected,2015-2024,,https://doh.sd.gov/media/iy5ld42w/cause-of-death-2015-2024-new.pdf,,fixture_text_capture,Esophageal obstruction (K22.2),2,needs_review,calendar_year,2,selected 1 of 2 source rows,False
cod_esophageal_obstruction,1.0,1.0,,none,South Dakota,2022,All,False,False,"Causes of Death, 2015-2024",5,count,excl_infant,cod_selected,2015-2024,,https://doh.sd.gov/media/iy5ld42w/cause-of-death-2015-2024-new.pdf,,fixture_text_capture,Esophageal obstruction (K22.2),1,needs_review,calendar_year,2,selected 1 of 2 source rows,False
cod_esophageal_obstruction,1.0,1.0,,none,South Dakota,2023,All,False,False,"Causes of Death, 2015-2024",5,count,excl_infant,cod_selected,2015-2024,,https://doh.sd.gov/media/iy5ld42w/cause-of-death-2015-2024-new.pdf,,fixture_text_capture,Esophageal obstruction (K22.2),1,needs_review,calendar_year,2,selected 1 of 2 source rows,False
cod_esophageal_obstruction,3.0,3.0,,none,South Dakota,2024,All,False,False,"Causes of Death, 2015-2024",5,count,excl_infant,cod_selected,2015-2024,,https://doh.sd.gov/media/iy5ld42w/cause-of-death-2015-2024-new.pdf,,fixture_text_capture,Esophageal obstruction (K22.2),3,needs_review,calendar_year,1,,False
cod_events_of_undetermined_intent,9.0,9.0,,none,South Dakota,2014,All,False,False,"Causes of Death, 2014-2023",0,count,excl_infant,cod_selected,2014-2023,,https://doh.sd.gov/media/g0rf2ewb/sd-cause-of-death-2014-2023.pdf,,fixture_text_capture,"Events of undetermined intent (Y10-Y34, Y87.2, Y89.9)",9,needs_review,calendar_year,1,,False
cod_events_of_undetermined_intent,85.0,85.0,,none,South Dakota,2014-2023,All,False,False,"Causes of Death, 2014-2023",0,count,excl_infant,cod_selected,2014-2023,,https://doh.sd.gov/media/g0rf2ewb/sd-cause-of-death-2014-2023.pdf,,fixture_text_capture,"Events of undetermined intent (Y10-Y34, Y87.2, Y89.9)",85,needs_review,multi_year_total,1,,False
cod_events_of_undetermined_intent,17.0,17.0,,none,South Dakota,2015,All,False,False,"Causes of Death, 2015-2024",3,count,excl_infant,cod_selected,2015-2024,,https://doh.sd.gov/media/iy5ld42w/cause-of-death-2015-2024-new.pdf,,fixture_text_capture,"Events of undetermined intent (Y10-Y34, Y87.2, Y89.9)",17,needs_review,calendar_year,2,selected 1 of 2 source rows,False
cod_events_of_undetermined_intent,80.0,80.0,,none,South Dakota,2015-2024,All,False,False,"Causes of Death, 2015-2024",3,count,excl_infant,cod_selected,2015-2024,,https://doh.sd.gov/media/iy5ld42w/cause-of-death-2015-2024-new.pdf,,fixture_text_capture,"Events of undetermined intent (Y10-Y34, Y87.2, Y89.9)",80,needs_review,multi_year_total,1,,False
cod_events_of_undetermined_intent,4.0,4.0,,none,South Dakota,2016,All,False,False,"Causes of Death, 2015-2024",3,count,excl_infant,cod_selected,2015-2024,,https://doh.sd.gov/media/iy5ld42w/cause-of-death-2015-2024-new.pdf,,fixture_text_capture,"Events of undetermined intent (Y10-Y34, Y87.2, Y89.9)",4,needs_review,calendar_year,2,selected 1 of 2 source rows,False
cod_events_of_undetermined_intent,6.0,6.0,,none,South Dakota,2017,All,False,False,"Causes of Death, 2015-2024",3,count,excl_infant,cod_selected,2015-2024,,https://doh.sd.gov/media/iy5ld42w/cause-of-death-2015-2024-new.pdf,,fixture_text_capture,"Events of undetermined intent (Y10-Y34, Y87.2, Y89.9)",6,needs_review,calendar_year,2,selected 1 of 2 source rows,False
cod_events_of_undetermined_intent,5.0,5.0,,none,South Dakota,2018,All,False,False,"Causes of Death, 2015-2024",3,count,excl_infant,cod_selected,2015-2024,,https://doh.sd.gov/media/iy5ld42w/cause-of-death-2015-2024-new.pdf,,fixture_text_capture,"Events of undetermined intent (Y10-Y34, Y87.2, Y89.9)",5,needs_review,calendar_year,2,selected 1 of 2 source rows,False
cod_events_of_undetermined_intent,12.0,12.0,,none,South Dakota,2019,All,False,False,"Causes of Death, 2015-2024",3,count,excl_infant,cod_selected,2015-2024,,https://doh.sd.gov/media/iy5ld42w/cause-of-death-2015-2024-new.pdf,,fixture_text_capture,"Events of undetermined intent (Y10-Y34, Y87.2, Y89.9)",12,needs_review,calendar_year,2,selected 1 of 2 source rows,False
cod_events_of_undetermined_intent,8.0,8.0,,none,South Dakota,2020,All,False,False,"Causes of Death, 2015-2024",3,count,excl_infant,cod_selected,2015-2024,,https://doh.sd.gov/media/iy5ld42w/cause-of-death-2015-2024-new.pdf,,fixture_text_capture,"Events of undetermined intent (Y10-Y34, Y87.2, Y89.9)",8,needs_review,calendar_year,2,selected 1 of 2 source rows,False
cod_events_of_undetermined_intent,6.0,6.0,,none,South Dakota,2021,All,False,False,"Causes of Death, 2015-2024",3,count,excl_infant,cod_selected,2015-2024,,https://doh.sd.gov/media/iy5ld42w/cause-of-death-2015-2024-new.pdf,,fixture_text_capture,"Events of undetermined intent (Y10-Y34, Y87.2, Y89.9)",6,needs_review,calendar_year,2,selected 1 of 2 source rows,False
cod_events_of_undetermined_intent,10.0,10.0,,none,South Dakota,2022,All,False,False,"Causes of Death, 2015-2024",3,count,excl_infant,cod_selected,2015-2024,,https://doh.sd.gov/media/iy5ld42w/cause-of-death-2015-2024-new.pdf,,fixture_text_capture,"Events of undetermined intent (Y10-Y34, Y87.2, Y89.9)",10,needs_review,calendar_year,2,selected 1 of 2 source rows,False
cod_events_of_undetermined_intent,8.0,8.0,,none,South Dakota,2023,All,False,False,"Causes of Death, 2015-2024",3,count,excl_infant,cod_selected,2015-2024,,https://doh.sd.gov/media/iy5ld42w/cause-of-death-2015-2024-new.pdf,,fixture_text_capture,"Events of undetermined intent (Y10-Y34, Y87.2, Y89.9)",8,needs_review,calendar_year,2,selected 1 of 2 source rows,False
cod_events_of_undetermined_intent,4.0,4.0,,none,South Dakota,2024,All,False,False,"Causes of Death, 2015-2024",3,count,excl_infant,cod_selected,2015-2024,,https://doh.sd.gov/media/iy5ld42w/cause-of-death-2015-2024-new.pdf,,fixture_text_capture,"Events of undetermined intent (Y10-Y34, Y87.2, Y89.9)",4,needs_review,calendar_year,1,,False
cod_excess_sodium_in_the_blood,4.0,4.0,,none,South Dakota,2014,All,False,False,"Causes of Death, 2014-2023",0,count,excl_infant,cod_selected,2014-2023,,https://doh.sd.gov/media/g0rf2ewb/sd-cause-of-death-2014-2023.pdf,,fixture_text_capture,Excess sodium in the blood (E87.0),4,needs_review,calendar_year,1,,False
cod_excess_sodium_in_the_blood,27.0,27.0,,none,South Dakota,2014-2023,All,False,False,"Causes of Death, 2014-2023",0,count,excl_infant,cod_selected,2014-2023,,https://doh.sd.gov/media/g0rf2ewb/sd-cause-of-death-2014-2023.pdf,,fixture_text_capture,Excess sodium in the blood (E87.0),27,needs_review,multi_year_total,1,,False
cod_excess_sodium_in_the_blood,4.0,4.0,,none,South Dakota,2015,All,False,False,"Causes of Death, 2015-2024",5,count,excl_infant,cod_selected,2015-2024,,https://doh.sd.gov/media/iy5ld42w/cause-of-death-2015-2024-new.pdf,,fixture_text_capture,Excess sodium in the blood (E87.0),4,needs_review,calendar_year,2,selected 1 of 2 source rows,False
cod_excess_sodium_in_the_blood,25.0,25.0,,none,South Dakota,2015-2024,All,False,False,"Causes of Death, 2015-2024",5,count,excl_infant,cod_selected,2015-2024,,https://doh.sd.gov/media/iy5ld42w/cause-of-death-2015-2024-new.pdf,,fixture_text_capture,Excess sodium in the blood (E87.0),25,needs_review,multi_year_total,1,,False
cod_excess_sodium_in_the_blood,1.0,1.0,,none,South Dakota,2016,All,False,False,"Causes of Death, 2015-2024",5,count,excl_infant,cod_selected,2015-2024,,https://doh.sd.gov/media/iy5ld42w/cause-of-death-2015-2024-new.pdf,,fixture_text_capture,Excess sodium in the blood (E87.0),1,needs_review,calendar_year,2,selected 1 of 2 source rows,False
cod_excess_sodium_in_the_blood,3.0,3.0,,none,South Dakota,2017,All,False,False,"Causes of Death, 2015-2024",5,count,excl_infant,cod_selected,2015-2024,,https://doh.sd.gov/media/iy5ld42w/cause-of-death-2015-2024-new.pdf,,fixture_text_capture,Excess sodium in the blood (E87.0),3,needs_review,calendar_year,2,selected 1 of 2 source rows,False
cod_excess_sodium_in_the_blood,1.0,1.0,,none,South Dakota,2018,All,False,False,"Causes of Death, 2015-2024",5,count,excl_infant,cod_selected,2015-2024,,https://doh.sd.gov/media/iy5ld42w/cause-of-death-2015-2024-new.pdf,,fixture_text_capture,Excess sodium in the blood (E87.0),1,needs_review,calendar_year,2,selected 1 of 2 source rows,False
cod_excess_sodium_in_the_blood,0.0,0.0,,none,South Dakota,2019,All,False,False,"Causes of Death, 2015-2024",5,count,excl_infant,cod_selected,2015-2024,,https://doh.sd.gov/media/iy5ld42w/cause-of-death-2015-2024-new.pdf,,fixture_text_capture,Excess sodium in the blood (E87.0),0,needs_review,calendar_year,2,selected 1 of 2 source rows,False
cod_excess_sodium_in_the_blood,4.0,4.0,,none,South Dakota,2020,All,False,False,"Causes of Death, 2015-2024",5,count,excl_infant,cod_selected,2015-2024,,https://doh.sd.gov/media/iy5ld42w/cause-of-death-2015-2024-new.pdf,,fixture_text_capture,Excess sodium in the blood (E87.0),4,needs_review,calendar_year,2,selected 1 of 2 source rows,False
cod_excess_sodium_in_the_blood,3.0,3.0,,none,South Dakota,2021,All,False,False,"Causes of Death, 2015-2024",5,count,excl_infant,cod_selected,2015-2024,,https://doh.sd.gov/media/iy5ld42w/cause-of-death-2015-2024-new.pdf,,fixture_text_capture,Excess sodium in the blood (E87.0),3,needs_review,calendar_year,2,selected 1 of 2 source rows,False
cod_excess_sodium_in_the_blood,2.0,2.0,,none,South Dakota,2022,All,False,False,"Causes of Death, 2015-2024",5,count,excl_infant,cod_selected,2015-2024,,https://doh.sd.gov/media/iy5ld42w/cause-of-death-2015-2024-new.pdf,,fixture_text_capture,Excess sodium in the blood (E87.0),2,needs_review,calendar_year,2,selected 1 of 2 source rows,False
cod_excess_sodium_in_the_blood,5.0,5.0,,none,South Dakota,2023,All,False,False,"Causes of Death, 2015-2024",5,count,excl_infant,cod_selected,2015-2024,,https://doh.sd.gov/media/iy5ld42w/cause-of-death-2015-2024-new.pdf,,fixture_text_capture,Excess sodium in the blood (E87.0),5,needs_review,calendar_year,2,selected 1 of 2 source rows,False
cod_excess_sodium_in_the_blood,2.0,2.0,,none,South Dakota,2024,All,False,False,"Causes of Death, 2015-2024",5,count,excl_infant,cod_selected,2015-2024,,https://doh.sd.gov/media/iy5ld42w/cause-of-death-2015-2024-new.pdf,,fixture_text_capture,Excess sodium in the blood (E87.0),2,needs_review,calendar_year,1,,False
cod_explosion,1.0,1.0,,none,South Dakota,2014,All,False,False,"Causes of Death, 2014-2023",0,count,excl_infant,cod_selected,2014-2023,,https://doh.sd.gov/media/g0rf2ewb/sd-cause-of-death-2014-2023.pdf,,fixture_text_capture,Explosion (W35-W40),1,needs_review,calendar_year,1,,False
cod_explosion,20.0,20.0,,none,South Dakota,2014-2023,All,False,False,"Causes of Death, 2014-2023",0,count,excl_infant,cod_selected,2014-2023,,https://doh.sd.gov/media/g0rf2ewb/sd-cause-of-death-2014-2023.pdf,,fixture_text_capture,Explosion (W35-W40),20,needs_review,multi_year_total,1,,False
cod_explosion,0.0,0.0,,none,South Dakota,2015,All,False,False,"Causes of Death, 2015-2024",5,count,excl_infant,cod_selected,2015-2024,,https://doh.sd.gov/media/iy5ld42w/cause-of-death-2015-2024-new.pdf,,fixture_text_capture,Explosion (W35-W40),0,needs_review,calendar_year,2,selected 1 of 2 source rows,False
cod_explosion,25.0,25.0,,none,South Dakota,2015-2024,All,False,False,"Causes of Death, 2015-2024",5,count,excl_infant,cod_selected,2015-2024,,https://doh.sd.gov/media/iy5ld42w/cause-of-death-2015-2024-new.pdf,,fixture_text_capture,Explosion (W35-W40),25,needs_review,multi_year_total,1,,False
cod_explosion,7.0,7.0,,none,South Dakota,2016,All,False,False,"Causes of Death, 2015-2024",5,count,excl_infant,cod_selected,2015-2024,,https://doh.sd.gov/media/iy5ld42w/cause-of-death-2015-2024-new.pdf,,fixture_text_capture,Explosion (W35-W40),7,needs_review,calendar_year,2,selected 1 of 2 source rows,False
cod_explosion,0.0,0.0,,none,South Dakota,2017,All,False,False,"Causes of Death, 2015-2024",5,count,excl_infant,cod_selected,2015-2024,,https://doh.sd.gov/media/iy5ld42w/cause-of-death-2015-2024-new.pdf,,fixture_text_capture,Explosion (W35-W40),0,needs_review,calendar_year,2,selected 1 of 2 source rows,False
cod_explosion,1.0,1.0,,none,South Dakota,2018,All,False,False,"Causes of Death, 2015-2024",5,count,excl_infant,cod_selected,2015-2024,,https://doh.sd.gov/media/iy5ld42w/cause-of-death-2015-2024-new.pdf,,fixture_text_capture,Explosion (W35-W40),1,needs_review,calendar_year,2,selected 1 of 2 source rows,False
cod_explosion,3.0,3.0,,none,South Dakota,2019,All,False,False,"Causes of Death, 2015-2024",5,count,excl_infant,cod_selected,2015-2024,,https://doh.sd.gov/media/iy5ld42w/cause-of-death-2015-2024-new.pdf,,fixture_text_capture,Explosion (W35-W40),3,needs_review,calendar_year,2,selected 1 of 2 source rows,False
cod_explosion,3.0,3.0,,none,South Dakota,2020,All,False,False,"Causes of Death, 2015-2024",5,count,excl_infant,cod_selected,2015-2024,,https://doh.sd.gov/media/iy5ld42w/cause-of-death-2015-2024-new.pdf,,fixture_text_capture,Explosion (W35-W40),3,needs_review,calendar_year,2,selected 1 of 2 source rows,False
cod_explosion,0.0,0.0,,none,South Dakota,2021,All,False,False,"Causes of Death, 2015-2024",5,count,excl_infant,cod_selected,2015-2024,,https://doh.sd.gov/media/iy5ld42w/cause-of-death-2015-2024-new.pdf,,fixture_text_capture,Explosion (W35-W40),0,needs_review,calendar_year,2,selected 1 of 2 source rows,False
cod_explosion,2.0,2.0,,none,South Dakota,2022,All,False,False,"Causes of Death, 2015-2024",5,count,excl_infant,cod_selected,2015-2024,,https://doh.sd.gov/media/iy5ld42w/cause-of-death-2015-2024-new.pdf,,fixture_text_capture,Explosion (W35-W40),2,needs_review,calendar_year,2,selected 1 of 2 source rows,False
cod_explosion,3.0,3.0,,none,South Dakota,2023,All,False,False,"Causes of Death, 2015-2024",5,count,excl_infant,cod_selected,2015-2024,,https://doh.sd.gov/media/iy5ld42w/cause-of-death-2015-2024-new.pdf,,fixture_text_capture,Explosion (W35-W40),3,needs_review,calendar_year,2,selected 1 of 2 source rows,False
cod_explosion,6.0,6.0,,none,South Dakota,2024,All,False,False,"Causes of Death, 2015-2024",5,count,excl_infant,cod_selected,2015-2024,,https://doh.sd.gov/media/iy5ld42w/cause-of-death-2015-2024-new.pdf,,fixture_text_capture,Explosion (W35-W40),6,needs_review,calendar_year,1,,False
cod_exposure_to_excessive_natural_cold,8.0,8.0,,none,South Dakota,2014,All,False,False,"Causes of Death, 2014-2023",0,count,excl_infant,cod_selected,2014-2023,,https://doh.sd.gov/media/g0rf2ewb/sd-cause-of-death-2014-2023.pdf,,fixture_text_capture,Exposure to excessive natural cold (X31),8,needs_review,calendar_year,1,,False
cod_exposure_to_excessive_natural_cold,104.0,104.0,,none,South Dakota,2014-2023,All,False,False,"Causes of Death, 2014-2023",0,count,excl_infant,cod_selected,2014-2023,,https://doh.sd.gov/media/g0rf2ewb/sd-cause-of-death-2014-2023.pdf,,fixture_text_capture,Exposure to excessive natural cold (X31),104,needs_review,multi_year_total,1,,False
cod_exposure_to_excessive_natural_cold,5.0,5.0,,none,South Dakota,2015,All,False,False,"Causes of Death, 2015-2024",3,count,excl_infant,cod_selected,2015-2024,,https://doh.sd.gov/media/iy5ld42w/cause-of-death-2015-2024-new.pdf,,fixture_text_capture,Exposure to excessive natural cold (X31),5,needs_review,calendar_year,2,selected 1 of 2 source rows,False
cod_exposure_to_excessive_natural_cold,104.0,104.0,,none,South Dakota,2015-2024,All,False,False,"Causes of Death, 2015-2024",3,count,excl_infant,cod_selected,2015-2024,,https://doh.sd.gov/media/iy5ld42w/cause-of-death-2015-2024-new.pdf,,fixture_text_capture,Exposure to excessive natural cold (X31),104,needs_review,multi_year_total,1,,False
cod_exposure_to_excessive_natural_cold,14.0,14.0,,none,South Dakota,2016,All,False,False,"Causes of Death, 2015-2024",3,count,excl_infant,cod_selected,2015-2024,,https://doh.sd.gov/media/iy5ld42w/cause-of-death-2015-2024-new.pdf,,fixture_text_capture,Exposure to excessive natural cold (X31),14,needs_review,calendar_year,2,selected 1 of 2 source rows,False
cod_exposure_to_excessive_natural_cold,13.0,13.0,,none,South Dakota,2017,All,False,False,"Causes of Death, 2015-2024",3,count,excl_infant,cod_selected,2015-2024,,https://doh.sd.gov/media/iy5ld42w/cause-of-death-2015-2024-new.pdf,,fixture_text_capture,Exposure to excessive natural cold (X31),13,needs_review,calendar_year,2,selected 1 of 2 source rows,False
cod_exposure_to_excessive_natural_cold,13.0,13.0,,none,South Dakota,2018,All,False,False,"Causes of Death, 2015-2024",3,count,excl_infant,cod_selected,2015-2024,,https://doh.sd.gov/media/iy5ld42w/cause-of-death-2015-2024-new.pdf,,fixture_text_capture,Exposure to excessive natural cold (X31),13,needs_review,calendar_year,2,selected 1 of 2 source rows,False
cod_exposure_to_excessive_natural_cold,10.0,10.0,,none,South Dakota,2019,All,False,False,"Causes of Death, 2015-2024",3,count,excl_infant,cod_selected,2015-2024,,https://doh.sd.gov/media/iy5ld42w/cause-of-death-2015-2024-new.pdf,,fixture_text_capture,Exposure to excessive natural cold (X31),10,needs_review,calendar_year,2,selected 1 of 2 source rows,False
cod_exposure_to_excessive_natural_cold,8.0,8.0,,none,South Dakota,2020,All,False,False,"Causes of Death, 2015-2024",3,count,excl_infant,cod_selected,2015-2024,,https://doh.sd.gov/media/iy5ld42w/cause-of-death-2015-2024-new.pdf,,fixture_text_capture,Exposure to excessive natural cold (X31),8,needs_review,calendar_year,2,selected 1 of 2 source rows,False
cod_exposure_to_excessive_natural_cold,9.0,9.0,,none,South Dakota,2021,All,False,False,"Causes of Death, 2015-2024",3,count,excl_infant,cod_selected,2015-2024,,https://doh.sd.gov/media/iy5ld42w/cause-of-death-2015-2024-new.pdf,,fixture_text_capture,Exposure to excessive natural cold (X31),9,needs_review,calendar_year,2,selected 1 of 2 source rows,False
cod_exposure_to_excessive_natural_cold,15.0,15.0,,none,South Dakota,2022,All,False,False,"Causes of Death, 2015-2024",3,count,excl_infant,cod_selected,2015-2024,,https://doh.sd.gov/media/iy5ld42w/cause-of-death-2015-2024-new.pdf,,fixture_text_capture,Exposure to excessive natural cold (X31),15,needs_review,calendar_year,2,selected 1 of 2 source rows,False
cod_exposure_to_excessive_natural_cold,9.0,9.0,,none,South Dakota,2023,All,False,False,"Causes of Death, 2015-2024",3,count,excl_infant,cod_selected,2015-2024,,https://doh.sd.gov/media/iy5ld42w/cause-of-death-2015-2024-new.pdf,,fixture_text_capture,Exposure to excessive natural cold (X31),9,needs_review,calendar_year,2,selected 1 of 2 source rows,False
cod_exposure_to_excessive_natural_cold,8.0,8.0,,none,South Dakota,2024,All,False,False,"Causes of Death, 2015-2024",3,count,excl_infant,cod_selected,2015-2024,,https://doh.sd.gov/media/iy5ld42w/cause-of-death-2015-2024-new.pdf,,fixture_text_capture,Exposure to excessive natural cold (X31),8,needs_review,calendar_year,1,,False
cod_exposure_to_excessive_natural_heat,1.0,1.0,,none,South Dakota,2014,All,False,False,"Causes of Death, 2014-2023",0,count,excl_infant,cod_selected,2014-2023,,https://doh.sd.gov/media/g0rf2ewb/sd-cause-of-death-2014-2023.pdf,,fixture_text_capture,Exposure to excessive natural heat (X30),1,needs_review,calendar_year,1,,False
cod_exposure_to_excessive_natural_heat,14.0,14.0,,none,South Dakota,2014-2023,All,False,False,"Causes of Death, 2014-2023",0,count,excl_infant,cod_selected,2014-2023,,https://doh.sd.gov/media/g0rf2ewb/sd-cause-of-death-2014-2023.pdf,,fixture_text_capture,Exposure to excessive natural heat (X30),14,needs_review,multi_year_total,1,,False
cod_exposure_to_excessive_natural_heat,1.0,1.0,,none,South Dakota,2015,All,False,False,"Causes of Death, 2015-2024",5,count,excl_infant,cod_selected,2015-2024,,https://doh.sd.gov/media/iy5ld42w/cause-of-death-2015-2024-new.pdf,,fixture_text_capture,Exposure to excessive natural heat (X30),1,needs_review,calendar_year,2,selected 1 of 2 source rows,False
cod_exposure_to_excessive_natural_heat,15.0,15.0,,none,South Dakota,2015-2024,All,False,False,"Causes of Death, 2015-2024",5,count,excl_infant,cod_selected,2015-2024,,https://doh.sd.gov/media/iy5ld42w/cause-of-death-2015-2024-new.pdf,,fixture_text_capture,Exposure to excessive natural heat (X30),15,needs_review,multi_year_total,1,,False
cod_exposure_to_excessive_natural_heat,1.0,1.0,,none,South Dakota,2016,All,False,False,"Causes of Death, 2015-2024",5,count,excl_infant,cod_selected,2015-2024,,https://doh.sd.gov/media/iy5ld42w/cause-of-death-2015-2024-new.pdf,,fixture_text_capture,Exposure to excessive natural heat (X30),1,needs_review,calendar_year,2,selected 1 of 2 source rows,False
cod_exposure_to_excessive_natural_heat,2.0,2.0,,none,South Dakota,2017,All,False,False,"Causes of Death, 2015-2024",5,count,excl_infant,cod_selected,2015-2024,,https://doh.sd.gov/media/iy5ld42w/cause-of-death-2015-2024-new.pdf,,fixture_text_capture,Exposure to excessive natural heat (X30),2,needs_review,calendar_year,2,selected 1 of 2 source rows,False
cod_exposure_to_excessive_natural_heat,0.0,0.0,,none,South Dakota,2018,All,False,False,"Causes of Death, 2015-2024",5,count,excl_infant,cod_selected,2015-2024,,https://doh.sd.gov/media/iy5ld42w/cause-of-death-2015-2024-new.pdf,,fixture_text_capture,Exposure to excessive natural heat (X30),0,needs_review,calendar_year,2,selected 1 of 2 source rows,False
cod_exposure_to_excessive_natural_heat,0.0,0.0,,none,South Dakota,2019,All,False,False,"Causes of Death, 2015-2024",5,count,excl_infant,cod_selected,2015-2024,,https://doh.sd.gov/media/iy5ld42w/cause-of-death-2015-2024-new.pdf,,fixture_text_capture,Exposure to excessive natural heat (X30),0,needs_review,calendar_year,2,selected 1 of 2 source rows,False
cod_exposure_to_excessive_natural_heat,3.0,3.0,,none,South Dakota,2020,All,False,False,"Causes of Death, 2015-2024",5,count,excl_infant,cod_selected,2015-2024,,https://doh.sd.gov/media/iy5ld42w/cause-of-death-2015-2024-new.pdf,,fixture_text_capture,Exposure to excessive natural heat (X30),3,needs_review,calendar_year,2,selected 1 of 2 source rows,False
cod_exposure_to_excessive_natural_heat,1.0,1.0,,none,South Dakota,2021,All,False,False,"Causes of Death, 2015-2024",5,count,excl_infant,cod_selected,2015-2024,,https://doh.sd.gov/media/iy5ld42w/cause-of-death-2015-2024-new.pdf,,fixture_text_capture,Exposure to excessive natural heat (X30),1,needs_review,calendar_year,2,selected 1 of 2 source rows,False
cod_exposure_to_excessive_natural_heat,2.0,2.0,,none,South Dakota,2022,All,False,False,"Causes of Death, 2015-2024",5,count,excl_infant,cod_selected,2015-2024,,https://doh.sd.gov/media/iy5ld42w/cause-of-death-2015-2024-new.pdf,,fixture_text_capture,Exposure to excessive natural heat (X30),2,needs_review,calendar_year,2,selected 1 of 2 source rows,False
cod_exposure_to_excessive_natural_heat,3.0,3.0,,none,South Dakota,2023,All,False,False,"Causes of Death, 2015-2024",5,count,excl_infant,cod_selected,2015-2024,,https://doh.sd.gov/media/iy5ld42w/cause-of-death-2015-2024-new.pdf,,fixture_text_capture,Exposure to excessive natural heat (X30),3,needs_review,calendar_year,2,selected 1 of 2 source rows,False
cod_exposure_to_excessive_natural_heat,2.0,2.0,,none,South Dakota,2024,All,False,False,"Causes of Death, 2015-2024",5,count,excl_infant,cod_selected,2015-2024,,https://doh.sd.gov/media/iy5ld42w/cause-of-death-2015-2024-new.pdf,,fixture_text_capture,Exposure to excessive natural heat (X30),2,needs_review,calendar_year,1,,False
cod_fatty_liver,6.0,6.0,,none,South Dakota,2014,All,False,False,"Causes of Death, 2014-2023",0,count,excl_infant,cod_selected,2014-2023,,https://doh.sd.gov/media/g0rf2ewb/sd-cause-of-death-2014-2023.pdf,,fixture_text_capture,Fatty liver (K76.0),6,needs_review,calendar_year,1,,False
cod_fatty_liver,138.0,138.0,,none,South Dakota,2014-2023,All,False,False,"Causes of Death, 2014-2023",0,count,excl_infant,cod_selected,2014-2023,,https://doh.sd.gov/media/g0rf2ewb/sd-cause-of-death-2014-2023.pdf,,fixture_text_capture,Fatty liver (K76.0),138,needs_review,multi_year_total,1,,False
cod_fatty_liver,9.0,9.0,,none,South Dakota,2015,All,False,False,"Causes of Death, 2015-2024",2,count,excl_infant,cod_selected,2015-2024,,https://doh.sd.gov/media/iy5ld42w/cause-of-death-2015-2024-new.pdf,,fixture_text_capture,Fatty liver (K76.0),9,needs_review,calendar_year,2,selected 1 of 2 source rows,False
cod_fatty_liver,144.0,144.0,,none,South Dakota,2015-2024,All,False,False,"Causes of Death, 2015-2024",2,count,excl_infant,cod_selected,2015-2024,,https://doh.sd.gov/media/iy5ld42w/cause-of-death-2015-2024-new.pdf,,fixture_text_capture,Fatty liver (K76.0),144,needs_review,multi_year_total,1,,False
cod_fatty_liver,8.0,8.0,,none,South Dakota,2016,All,False,False,"Causes of Death, 2015-2024",2,count,excl_infant,cod_selected,2015-2024,,https://doh.sd.gov/media/iy5ld42w/cause-of-death-2015-2024-new.pdf,,fixture_text_capture,Fatty liver (K76.0),8,needs_review,calendar_year,2,selected 1 of 2 source rows,False
cod_fatty_liver,19.0,19.0,,none,South Dakota,2017,All,False,False,"Causes of Death, 2015-2024",2,count,excl_infant,cod_selected,2015-2024,,https://doh.sd.gov/media/iy5ld42w/cause-of-death-2015-2024-new.pdf,,fixture_text_capture,Fatty liver (K76.0),19,needs_review,calendar_year,2,selected 1 of 2 source rows,False
cod_fatty_liver,5.0,5.0,,none,South Dakota,2018,All,False,False,"Causes of Death, 2015-2024",2,count,excl_infant,cod_selected,2015-2024,,https://doh.sd.gov/media/iy5ld42w/cause-of-death-2015-2024-new.pdf,,fixture_text_capture,Fatty liver (K76.0),5,needs_review,calendar_year,2,selected 1 of 2 source rows,False
cod_fatty_liver,15.0,15.0,,none,South Dakota,2019,All,False,False,"Causes of Death, 2015-2024",2,count,excl_infant,cod_selected,2015-2024,,https://doh.sd.gov/media/iy5ld42w/cause-of-death-2015-2024-new.pdf,,fixture_text_capture,Fatty liver (K76.0),15,needs_review,calendar_year,2,selected 1 of 2 source rows,False
cod_fatty_liver,17.0,17.0,,none,South Dakota,2020,All,False,False,"Causes of Death, 2015-2024",2,count,excl_infant,cod_selected,2015-2024,,https://doh.sd.gov/media/iy5ld42w/cause-of-death-2015-2024-new.pdf,,fixture_text_capture,Fatty liver (K76.0),17,needs_review,calendar_year,2,selected 1 of 2 source rows,False
cod_fatty_liver,16.0,16.0,,none,South Dakota,2021,All,False,False,"Causes of Death, 2015-2024",2,count,excl_infant,cod_selected,2015-2024,,https://doh.sd.gov/media/iy5ld42w/cause-of-death-2015-2024-new.pdf,,fixture_text_capture,Fatty liver (K76.0),16,needs_review,calendar_year,2,selected 1 of 2 source rows,False
cod_fatty_liver,22.0,22.0,,none,South Dakota,2022,All,False,False,"Causes of Death, 2015-2024",2,count,excl_infant,cod_selected,2015-2024,,https://doh.sd.gov/media/iy5ld42w/cause-of-death-2015-2024-new.pdf,,fixture_text_capture,Fatty liver (K76.0),22,needs_review,calendar_year,2,selected 1 of 2 source rows,False
cod_fatty_liver,21.0,21.0,,none,South Dakota,2023,All,False,False,"Causes of Death, 2015-2024",2,count,excl_infant,cod_selected,2015-2024,,https://doh.sd.gov/media/iy5ld42w/cause-of-death-2015-2024-new.pdf,,fixture_text_capture,Fatty liver (K76.0),21,needs_review,calendar_year,2,selected 1 of 2 source rows,False
cod_fatty_liver,12.0,12.0,,none,South Dakota,2024,All,False,False,"Causes of Death, 2015-2024",2,count,excl_infant,cod_selected,2015-2024,,https://doh.sd.gov/media/iy5ld42w/cause-of-death-2015-2024-new.pdf,,fixture_text_capture,Fatty liver (K76.0),12,needs_review,calendar_year,1,,False
cod_flesh_eating_disease,1.0,1.0,,none,South Dakota,2014,All,False,False,"Causes of Death, 2014-2023",0,count,excl_infant,cod_selected,2014-2023,,https://doh.sd.gov/media/g0rf2ewb/sd-cause-of-death-2014-2023.pdf,,fixture_text_capture,Flesh-eating disease (M72.6),1,needs_review,calendar_year,1,,False
cod_flesh_eating_disease,16.0,16.0,,none,South Dakota,2014-2023,All,False,False,"Causes of Death, 2014-2023",0,count,excl_infant,cod_selected,2014-2023,,https://doh.sd.gov/media/g0rf2ewb/sd-cause-of-death-2014-2023.pdf,,fixture_text_capture,Flesh-eating disease (M72.6),16,needs_review,multi_year_total,1,,False
cod_flesh_eating_disease,0.0,0.0,,none,South Dakota,2015,All,False,False,"Causes of Death, 2015-2024",5,count,excl_infant,cod_selected,2015-2024,,https://doh.sd.gov/media/iy5ld42w/cause-of-death-2015-2024-new.pdf,,fixture_text_capture,Flesh-eating disease (M72.6),0,needs_review,calendar_year,2,selected 1 of 2 source rows,False
cod_flesh_eating_disease,19.0,19.0,,none,South Dakota,2015-2024,All,False,False,"Causes of Death, 2015-2024",5,count,excl_infant,cod_selected,2015-2024,,https://doh.sd.gov/media/iy5ld42w/cause-of-death-2015-2024-new.pdf,,fixture_text_capture,Flesh-eating disease (M72.6),19,needs_review,multi_year_total,1,,False
cod_flesh_eating_disease,0.0,0.0,,none,South Dakota,2016,All,False,False,"Causes of Death, 2015-2024",5,count,excl_infant,cod_selected,2015-2024,,https://doh.sd.gov/media/iy5ld42w/cause-of-death-2015-2024-new.pdf,,fixture_text_capture,Flesh-eating disease (M72.6),0,needs_review,calendar_year,2,selected 1 of 2 source rows,False
cod_flesh_eating_disease,1.0,1.0,,none,South Dakota,2017,All,False,False,"Causes of Death, 2015-2024",5,count,excl_infant,cod_selected,2015-2024,,https://doh.sd.gov/media/iy5ld42w/cause-of-death-2015-2024-new.pdf,,fixture_text_capture,Flesh-eating disease (M72.6),1,needs_review,calendar_year,2,selected 1 of 2 source rows,False
cod_flesh_eating_disease,3.0,3.0,,none,South Dakota,2018,All,False,False,"Causes of Death, 2015-2024",5,count,excl_infant,cod_selected,2015-2024,,https://doh.sd.gov/media/iy5ld42w/cause-of-death-2015-2024-new.pdf,,fixture_text_capture,Flesh-eating disease (M72.6),3,needs_review,calendar_year,2,selected 1 of 2 source rows,False
cod_flesh_eating_disease,2.0,2.0,,none,South Dakota,2019,All,False,False,"Causes of Death, 2015-2024",5,count,excl_infant,cod_selected,2015-2024,,https://doh.sd.gov/media/iy5ld42w/cause-of-death-2015-2024-new.pdf,,fixture_text_capture,Flesh-eating disease (M72.6),2,needs_review,calendar_year,2,selected 1 of 2 source rows,False
cod_flesh_eating_disease,2.0,2.0,,none,South Dakota,2020,All,False,False,"Causes of Death, 2015-2024",5,count,excl_infant,cod_selected,2015-2024,,https://doh.sd.gov/media/iy5ld42w/cause-of-death-2015-2024-new.pdf,,fixture_text_capture,Flesh-eating disease (M72.6),2,needs_review,calendar_year,2,selected 1 of 2 source rows,False
cod_flesh_eating_disease,1.0,1.0,,none,South Dakota,2021,All,False,False,"Causes of Death, 2015-2024",5,count,excl_infant,cod_selected,2015-2024,,https://doh.sd.gov/media/iy5ld42w/cause-of-death-2015-2024-new.pdf,,fixture_text_capture,Flesh-eating disease (M72.6),1,needs_review,calendar_year,2,selected 1 of 2 source rows,False
cod_flesh_eating_disease,4.0,4.0,,none,South Dakota,2022,All,False,False,"Causes of Death, 2015-2024",5,count,excl_infant,cod_selected,2015-2024,,https://doh.sd.gov/media/iy5ld42w/cause-of-death-2015-2024-new.pdf,,fixture_text_capture,Flesh-eating disease (M72.6),4,needs_review,calendar_year,2,selected 1 of 2 source rows,False
cod_flesh_eating_disease,2.0,2.0,,none,South Dakota,2023,All,False,False,"Causes of Death, 2015-2024",5,count,excl_infant,cod_selected,2015-2024,,https://doh.sd.gov/media/iy5ld42w/cause-of-death-2015-2024-new.pdf,,fixture_text_capture,Flesh-eating disease (M72.6),2,needs_review,calendar_year,2,selected 1 of 2 source rows,False
cod_flesh_eating_disease,4.0,4.0,,none,South Dakota,2024,All,False,False,"Causes of Death, 2015-2024",5,count,excl_infant,cod_selected,2015-2024,,https://doh.sd.gov/media/iy5ld42w/cause-of-death-2015-2024-new.pdf,,fixture_text_capture,Flesh-eating disease (M72.6),4,needs_review,calendar_year,1,,False
cod_fluid_overload,0.0,0.0,,none,South Dakota,2014,All,False,False,"Causes of Death, 2014-2023",0,count,excl_infant,cod_selected,2014-2023,,https://doh.sd.gov/media/g0rf2ewb/sd-cause-of-death-2014-2023.pdf,,fixture_text_capture,Fluid overload (E87.7),0,needs_review,calendar_year,1,,False
cod_fluid_overload,19.0,19.0,,none,South Dakota,2014-2023,All,False,False,"Causes of Death, 2014-2023",0,count,excl_infant,cod_selected,2014-2023,,https://doh.sd.gov/media/g0rf2ewb/sd-cause-of-death-2014-2023.pdf,,fixture_text_capture,Fluid overload (E87.7),19,needs_review,multi_year_total,1,,False
cod_fluid_overload,2.0,2.0,,none,South Dakota,2015,All,False,False,"Causes of Death, 2015-2024",5,count,excl_infant,cod_selected,2015-2024,,https://doh.sd.gov/media/iy5ld42w/cause-of-death-2015-2024-new.pdf,,fixture_text_capture,Fluid overload (E87.7),2,needs_review,calendar_year,2,selected 1 of 2 source rows,False
cod_fluid_overload,20.0,20.0,,none,South Dakota,2015-2024,All,False,False,"Causes of Death, 2015-2024",5,count,excl_infant,cod_selected,2015-2024,,https://doh.sd.gov/media/iy5ld42w/cause-of-death-2015-2024-new.pdf,,fixture_text_capture,Fluid overload (E87.7),20,needs_review,multi_year_total,1,,False
cod_fluid_overload,3.0,3.0,,none,South Dakota,2016,All,False,False,"Causes of Death, 2015-2024",5,count,excl_infant,cod_selected,2015-2024,,https://doh.sd.gov/media/iy5ld42w/cause-of-death-2015-2024-new.pdf,,fixture_text_capture,Fluid overload (E87.7),3,needs_review,calendar_year,2,selected 1 of 2 source rows,False
cod_fluid_overload,2.0,2.0,,none,South Dakota,2017,All,False,False,"Causes of Death, 2015-2024",5,count,excl_infant,cod_selected,2015-2024,,https://doh.sd.gov/media/iy5ld42w/cause-of-death-2015-2024-new.pdf,,fixture_text_capture,Fluid overload (E87.7),2,needs_review,calendar_year,2,selected 1 of 2 source rows,False
cod_fluid_overload,0.0,0.0,,none,South Dakota,2018,All,False,False,"Causes of Death, 2015-2024",5,count,excl_infant,cod_selected,2015-2024,,https://doh.sd.gov/media/iy5ld42w/cause-of-death-2015-2024-new.pdf,,fixture_text_capture,Fluid overload (E87.7),0,needs_review,calendar_year,2,selected 1 of 2 source rows,False
cod_fluid_overload,0.0,0.0,,none,South Dakota,2019,All,False,False,"Causes of Death, 2015-2024",5,count,excl_infant,cod_selected,2015-2024,,https://doh.sd.gov/media/iy5ld42w/cause-of-death-2015-2024-new.pdf,,fixture_text_capture,Fluid overload (E87.7),0,needs_review,calendar_year,2,selected 1 of 2 source rows,False
cod_fluid_overload,2.0,2.0,,none,South Dakota,2020,All,False,False,"Causes of Death, 2015-2024",5,count,excl_infant,cod_selected,2015-2024,,https://doh.sd.gov/media/iy5ld42w/cause-of-death-2015-2024-new.pdf,,fixture_text_capture,Fluid overload (E87.7),2,needs_review,calendar_year,2,selected 1 of 2 source rows,False
cod_fluid_overload,3.0,3.0,,none,South Dakota,2021,All,False,False,"Causes of Death, 2015-2024",5,count,excl_infant,cod_selected,2015-2024,,https://doh.sd.gov/media/iy5ld42w/cause-of-death-2015-2024-new.pdf,,fixture_text_capture,Fluid overload (E87.7),3,needs_review,calendar_year,2,selected 1 of 2 source rows,False
cod_fluid_overload,3.0,3.0,,none,South Dakota,2022,All,False,False,"Causes of Death, 2015-2024",5,count,excl_infant,cod_selected,2015-2024,,https://doh.sd.gov/media/iy5ld42w/cause-of-death-2015-2024-new.pdf,,fixture_text_capture,Fluid overload (E87.7),3,needs_review,calendar_year,2,selected 1 of 2 source rows,False
cod_fluid_overload,4.0,4.0,,none,South Dakota,2023,All,False,False,"Causes of Death, 2015-2024",5,count,excl_infant,cod_selected,2015-2024,,https://doh.sd.gov/media/iy5ld42w/cause-of-death-2015-2024-new.pdf,,fixture_text_capture,Fluid overload (E87.7),4,needs_review,calendar_year,2,selected 1 of 2 source rows,False
cod_fluid_overload,1.0,1.0,,none,South Dakota,2024,All,False,False,"Causes of Death, 2015-2024",5,count,excl_infant,cod_selected,2015-2024,,https://doh.sd.gov/media/iy5ld42w/cause-of-death-2015-2024-new.pdf,,fixture_text_capture,Fluid overload (E87.7),1,needs_review,calendar_year,1,,False
cod_frontotemporal_dementia,7.0,7.0,,none,South Dakota,2014,All,False,False,"Causes of Death, 2014-2023",0,count,excl_infant,cod_selected,2014-2023,,https://doh.sd.gov/media/g0rf2ewb/sd-cause-of-death-2014-2023.pdf,,fixture_text_capture,Frontotemporal dementia (G31.0),7,needs_review,calendar_year,1,,False
cod_frontotemporal_dementia,68.0,68.0,,none,South Dakota,2014-2023,All,False,False,"Causes of Death, 2014-2023",0,count,excl_infant,cod_selected,2014-2023,,https://doh.sd.gov/media/g0rf2ewb/sd-cause-of-death-2014-2023.pdf,,fixture_text_capture,Frontotemporal dementia (G31.0),68,needs_review,multi_year_total,1,,False
cod_frontotemporal_dementia,3.0,3.0,,none,South Dakota,2015,All,False,False,"Causes of Death, 2015-2024",3,count,excl_infant,cod_selected,2015-2024,,https://doh.sd.gov/media/iy5ld42w/cause-of-death-2015-2024-new.pdf,,fixture_text_capture,Frontotemporal dementia (G31.0),3,needs_review,calendar_year,2,selected 1 of 2 source rows,False
cod_frontotemporal_dementia,68.0,68.0,,none,South Dakota,2015-2024,All,False,False,"Causes of Death, 2015-2024",3,count,excl_infant,cod_selected,2015-2024,,https://doh.sd.gov/media/iy5ld42w/cause-of-death-2015-2024-new.pdf,,fixture_text_capture,Frontotemporal dementia (G31.0),68,needs_review,multi_year_total,1,,False
cod_frontotemporal_dementia,8.0,8.0,,none,South Dakota,2016,All,False,False,"Causes of Death, 2015-2024",3,count,excl_infant,cod_selected,2015-2024,,https://doh.sd.gov/media/iy5ld42w/cause-of-death-2015-2024-new.pdf,,fixture_text_capture,Frontotemporal dementia (G31.0),8,needs_review,calendar_year,2,selected 1 of 2 source rows,False
cod_frontotemporal_dementia,8.0,8.0,,none,South Dakota,2017,All,False,False,"Causes of Death, 2015-2024",3,count,excl_infant,cod_selected,2015-2024,,https://doh.sd.gov/media/iy5ld42w/cause-of-death-2015-2024-new.pdf,,fixture_text_capture,Frontotemporal dementia (G31.0),8,needs_review,calendar_year,2,selected 1 of 2 source rows,False
cod_frontotemporal_dementia,4.0,4.0,,none,South Dakota,2018,All,False,False,"Causes of Death, 2015-2024",3,count,excl_infant,cod_selected,2015-2024,,https://doh.sd.gov/media/iy5ld42w/cause-of-death-2015-2024-new.pdf,,fixture_text_capture,Frontotemporal dementia (G31.0),4,needs_review,calendar_year,2,selected 1 of 2 source rows,False
cod_frontotemporal_dementia,7.0,7.0,,none,South Dakota,2019,All,False,False,"Causes of Death, 2015-2024",3,count,excl_infant,cod_selected,2015-2024,,https://doh.sd.gov/media/iy5ld42w/cause-of-death-2015-2024-new.pdf,,fixture_text_capture,Frontotemporal dementia (G31.0),7,needs_review,calendar_year,2,selected 1 of 2 source rows,False
cod_frontotemporal_dementia,9.0,9.0,,none,South Dakota,2020,All,False,False,"Causes of Death, 2015-2024",3,count,excl_infant,cod_selected,2015-2024,,https://doh.sd.gov/media/iy5ld42w/cause-of-death-2015-2024-new.pdf,,fixture_text_capture,Frontotemporal dementia (G31.0),9,needs_review,calendar_year,2,selected 1 of 2 source rows,False
cod_frontotemporal_dementia,8.0,8.0,,none,South Dakota,2021,All,False,False,"Causes of Death, 2015-2024",3,count,excl_infant,cod_selected,2015-2024,,https://doh.sd.gov/media/iy5ld42w/cause-of-death-2015-2024-new.pdf,,fixture_text_capture,Frontotemporal dementia (G31.0),8,needs_review,calendar_year,2,selected 1 of 2 source rows,False
cod_frontotemporal_dementia,8.0,8.0,,none,South Dakota,2022,All,False,False,"Causes of Death, 2015-2024",3,count,excl_infant,cod_selected,2015-2024,,https://doh.sd.gov/media/iy5ld42w/cause-of-death-2015-2024-new.pdf,,fixture_text_capture,Frontotemporal dementia (G31.0),8,needs_review,calendar_year,2,selected 1 of 2 source rows,False
cod_frontotemporal_dementia,6.0,6.0,,none,South Dakota,2023,All,False,False,"Causes of Death, 2015-2024",3,count,excl_infant,cod_selected,2015-2024,,https://doh.sd.gov/media/iy5ld42w/cause-of-death-2015-2024-new.pdf,,fixture_text_capture,Frontotemporal dementia (G31.0),6,needs_review,calendar_year,2,selected 1 of 2 source rows,False
cod_frontotemporal_dementia,7.0,7.0,,none,South Dakota,2024,All,False,False,"Causes of Death, 2015-2024",3,count,excl_infant,cod_selected,2015-2024,,https://doh.sd.gov/media/iy5ld42w/cause-of-death-2015-2024-new.pdf,,fixture_text_capture,Frontotemporal dementia (G31.0),7,needs_review,calendar_year,1,,False
cod_fungal_infection,6.0,6.0,,none,South Dakota,2014,All,False,False,"Causes of Death, 2014-2023",0,count,excl_infant,cod_selected,2014-2023,,https://doh.sd.gov/media/g0rf2ewb/sd-cause-of-death-2014-2023.pdf,,fixture_text_capture,Fungal infection (B35-B49),6,needs_review,calendar_year,1,,False
cod_fungal_infection,43.0,43.0,,none,South Dakota,2014-2023,All,False,False,"Causes of Death, 2014-2023",0,count,excl_infant,cod_selected,2014-2023,,https://doh.sd.gov/media/g0rf2ewb/sd-cause-of-death-2014-2023.pdf,,fixture_text_capture,Fungal infection (B35-B49),43,needs_review,multi_year_total,1,,False
cod_fungal_infection,7.0,7.0,,none,South Dakota,2015,All,False,False,"Causes of Death, 2015-2024",4,count,excl_infant,cod_selected,2015-2024,,https://doh.sd.gov/media/iy5ld42w/cause-of-death-2015-2024-new.pdf,,fixture_text_capture,Fungal infection (B35-B49),7,needs_review,calendar_year,2,selected 1 of 2 source rows,False
cod_fungal_infection,39.0,39.0,,none,South Dakota,2015-2024,All,False,False,"Causes of Death, 2015-2024",4,count,excl_infant,cod_selected,2015-2024,,https://doh.sd.gov/media/iy5ld42w/cause-of-death-2015-2024-new.pdf,,fixture_text_capture,Fungal infection (B35-B49),39,needs_review,multi_year_total,1,,False
cod_fungal_infection,6.0,6.0,,none,South Dakota,2016,All,False,False,"Causes of Death, 2015-2024",4,count,excl_infant,cod_selected,2015-2024,,https://doh.sd.gov/media/iy5ld42w/cause-of-death-2015-2024-new.pdf,,fixture_text_capture,Fungal infection (B35-B49),6,needs_review,calendar_year,2,selected 1 of 2 source rows,False
cod_fungal_infection,3.0,3.0,,none,South Dakota,2017,All,False,False,"Causes of Death, 2015-2024",4,count,excl_infant,cod_selected,2015-2024,,https://doh.sd.gov/media/iy5ld42w/cause-of-death-2015-2024-new.pdf,,fixture_text_capture,Fungal infection (B35-B49),3,needs_review,calendar_year,2,selected 1 of 2 source rows,False
cod_fungal_infection,6.0,6.0,,none,South Dakota,2018,All,False,False,"Causes of Death, 2015-2024",4,count,excl_infant,cod_selected,2015-2024,,https://doh.sd.gov/media/iy5ld42w/cause-of-death-2015-2024-new.pdf,,fixture_text_capture,Fungal infection (B35-B49),6,needs_review,calendar_year,2,selected 1 of 2 source rows,False
cod_fungal_infection,2.0,2.0,,none,South Dakota,2019,All,False,False,"Causes of Death, 2015-2024",4,count,excl_infant,cod_selected,2015-2024,,https://doh.sd.gov/media/iy5ld42w/cause-of-death-2015-2024-new.pdf,,fixture_text_capture,Fungal infection (B35-B49),2,needs_review,calendar_year,2,selected 1 of 2 source rows,False
cod_fungal_infection,0.0,0.0,,none,South Dakota,2020,All,False,False,"Causes of Death, 2015-2024",4,count,excl_infant,cod_selected,2015-2024,,https://doh.sd.gov/media/iy5ld42w/cause-of-death-2015-2024-new.pdf,,fixture_text_capture,Fungal infection (B35-B49),0,needs_review,calendar_year,2,selected 1 of 2 source rows,False
cod_fungal_infection,7.0,7.0,,none,South Dakota,2021,All,False,False,"Causes of Death, 2015-2024",4,count,excl_infant,cod_selected,2015-2024,,https://doh.sd.gov/media/iy5ld42w/cause-of-death-2015-2024-new.pdf,,fixture_text_capture,Fungal infection (B35-B49),7,needs_review,calendar_year,2,selected 1 of 2 source rows,False
cod_fungal_infection,4.0,4.0,,none,South Dakota,2022,All,False,False,"Causes of Death, 2015-2024",4,count,excl_infant,cod_selected,2015-2024,,https://doh.sd.gov/media/iy5ld42w/cause-of-death-2015-2024-new.pdf,,fixture_text_capture,Fungal infection (B35-B49),4,needs_review,calendar_year,2,selected 1 of 2 source rows,False
cod_fungal_infection,2.0,2.0,,none,South Dakota,2023,All,False,False,"Causes of Death, 2015-2024",4,count,excl_infant,cod_selected,2015-2024,,https://doh.sd.gov/media/iy5ld42w/cause-of-death-2015-2024-new.pdf,,fixture_text_capture,Fungal infection (B35-B49),2,needs_review,calendar_year,2,selected 1 of 2 source rows,False
cod_fungal_infection,2.0,2.0,,none,South Dakota,2024,All,False,False,"Causes of Death, 2015-2024",4,count,excl_infant,cod_selected,2015-2024,,https://doh.sd.gov/media/iy5ld42w/cause-of-death-2015-2024-new.pdf,,fixture_text_capture,Fungal infection (B35-B49),2,needs_review,calendar_year,1,,False
cod_gallstones_and_other_disorders_of_gallbladder,15.0,15.0,,none,South Dakota,2014,All,False,False,"Causes of Death, 2014-2023",0,count,excl_infant,cod_selected,2014-2023,,https://doh.sd.gov/media/g0rf2ewb/sd-cause-of-death-2014-2023.pdf,,fixture_text_capture,Gallstones and other disorders of gallbladder (K80-K82),15,needs_review,calendar_year,1,,False
cod_gallstones_and_other_disorders_of_gallbladder,150.0,150.0,,none,South Dakota,2014-2023,All,False,False,"Causes of Death, 2014-2023",0,count,excl_infant,cod_selected,2014-2023,,https://doh.sd.gov/media/g0rf2ewb/sd-cause-of-death-2014-2023.pdf,,fixture_text_capture,Gallstones and other disorders of gallbladder (K80-K82),150,needs_review,multi_year_total,1,,False
cod_gallstones_and_other_disorders_of_gallbladder,10.0,10.0,,none,South Dakota,2015,All,False,False,"Causes of Death, 2015-2024",2,count,excl_infant,cod_selected,2015-2024,,https://doh.sd.gov/media/iy5ld42w/cause-of-death-2015-2024-new.pdf,,fixture_text_capture,Gallstones and other disorders of gallbladder (K80-K82),10,needs_review,calendar_year,2,selected 1 of 2 source rows,False
cod_gallstones_and_other_disorders_of_gallbladder,155.0,155.0,,none,South Dakota,2015-2024,All,False,False,"Causes of Death, 2015-2024",2,count,excl_infant,cod_selected,2015-2024,,https://doh.sd.gov/media/iy5ld42w/cause-of-death-2015-2024-new.pdf,,fixture_text_capture,Gallstones and other disorders of gallbladder (K80-K82),155,needs_review,multi_year_total,1,,False
cod_gallstones_and_other_disorders_of_gallbladder,12.0,12.0,,none,South Dakota,2016,All,False,False,"Causes of Death, 2015-2024",2,count,excl_infant,cod_selected,2015-2024,,https://doh.sd.gov/media/iy5ld42w/cause-of-death-2015-2024-new.pdf,,fixture_text_capture,Gallstones and other disorders of gallbladder (K80-K82),12,needs_review,calendar_year,2,selected 1 of 2 source rows,False
cod_gallstones_and_other_disorders_of_gallbladder,11.0,11.0,,none,South Dakota,2017,All,False,False,"Causes of Death, 2015-2024",2,count,excl_infant,cod_selected,2015-2024,,https://doh.sd.gov/media/iy5ld42w/cause-of-death-2015-2024-new.pdf,,fixture_text_capture,Gallstones and other disorders of gallbladder (K80-K82),11,needs_review,calendar_year,2,selected 1 of 2 source rows,False
cod_gallstones_and_other_disorders_of_gallbladder,12.0,12.0,,none,South Dakota,2018,All,False,False,"Causes of Death, 2015-2024",2,count,excl_infant,cod_selected,2015-2024,,https://doh.sd.gov/media/iy5ld42w/cause-of-death-2015-2024-new.pdf,,fixture_text_capture,Gallstones and other disorders of gallbladder (K80-K82),12,needs_review,calendar_year,2,selected 1 of 2 source rows,False
cod_gallstones_and_other_disorders_of_gallbladder,19.0,19.0,,none,South Dakota,2019,All,False,False,"Causes of Death, 2015-2024",2,count,excl_infant,cod_selected,2015-2024,,https://doh.sd.gov/media/iy5ld42w/cause-of-death-2015-2024-new.pdf,,fixture_text_capture,Gallstones and other disorders of gallbladder (K80-K82),19,needs_review,calendar_year,2,selected 1 of 2 source rows,False
cod_gallstones_and_other_disorders_of_gallbladder,15.0,15.0,,none,South Dakota,2020,All,False,False,"Causes of Death, 2015-2024",2,count,excl_infant,cod_selected,2015-2024,,https://doh.sd.gov/media/iy5ld42w/cause-of-death-2015-2024-new.pdf,,fixture_text_capture,Gallstones and other disorders of gallbladder (K80-K82),15,needs_review,calendar_year,2,selected 1 of 2 source rows,False
cod_gallstones_and_other_disorders_of_gallbladder,21.0,21.0,,none,South Dakota,2021,All,False,False,"Causes of Death, 2015-2024",2,count,excl_infant,cod_selected,2015-2024,,https://doh.sd.gov/media/iy5ld42w/cause-of-death-2015-2024-new.pdf,,fixture_text_capture,Gallstones and other disorders of gallbladder (K80-K82),21,needs_review,calendar_year,2,selected 1 of 2 source rows,False
cod_gallstones_and_other_disorders_of_gallbladder,18.0,18.0,,none,South Dakota,2022,All,False,False,"Causes of Death, 2015-2024",2,count,excl_infant,cod_selected,2015-2024,,https://doh.sd.gov/media/iy5ld42w/cause-of-death-2015-2024-new.pdf,,fixture_text_capture,Gallstones and other disorders of gallbladder (K80-K82),18,needs_review,calendar_year,2,selected 1 of 2 source rows,False
cod_gallstones_and_other_disorders_of_gallbladder,17.0,17.0,,none,South Dakota,2023,All,False,False,"Causes of Death, 2015-2024",2,count,excl_infant,cod_selected,2015-2024,,https://doh.sd.gov/media/iy5ld42w/cause-of-death-2015-2024-new.pdf,,fixture_text_capture,Gallstones and other disorders of gallbladder (K80-K82),17,needs_review,calendar_year,2,selected 1 of 2 source rows,False
cod_gallstones_and_other_disorders_of_gallbladder,20.0,20.0,,none,South Dakota,2024,All,False,False,"Causes of Death, 2015-2024",2,count,excl_infant,cod_selected,2015-2024,,https://doh.sd.gov/media/iy5ld42w/cause-of-death-2015-2024-new.pdf,,fixture_text_capture,Gallstones and other disorders of gallbladder (K80-K82),20,needs_review,calendar_year,1,,False
cod_gastritis_and_duodenitis,3.0,3.0,,none,South Dakota,2014,All,False,False,"Causes of Death, 2014-2023",0,count,excl_infant,cod_selected,2014-2023,,https://doh.sd.gov/media/g0rf2ewb/sd-cause-of-death-2014-2023.pdf,,fixture_text_capture,Gastritis and duodenitis (K29),3,needs_review,calendar_year,1,,False
cod_gastritis_and_duodenitis,25.0,25.0,,none,South Dakota,2014-2023,All,False,False,"Causes of Death, 2014-2023",0,count,excl_infant,cod_selected,2014-2023,,https://doh.sd.gov/media/g0rf2ewb/sd-cause-of-death-2014-2023.pdf,,fixture_text_capture,Gastritis and duodenitis (K29),25,needs_review,multi_year_total,1,,False
cod_gastritis_and_duodenitis,5.0,5.0,,none,South Dakota,2015,All,False,False,"Causes of Death, 2015-2024",5,count,excl_infant,cod_selected,2015-2024,,https://doh.sd.gov/media/iy5ld42w/cause-of-death-2015-2024-new.pdf,,fixture_text_capture,Gastritis and duodenitis (K29),5,needs_review,calendar_year,2,selected 1 of 2 source rows,False
cod_gastritis_and_duodenitis,25.0,25.0,,none,South Dakota,2015-2024,All,False,False,"Causes of Death, 2015-2024",5,count,excl_infant,cod_selected,2015-2024,,https://doh.sd.gov/media/iy5ld42w/cause-of-death-2015-2024-new.pdf,,fixture_text_capture,Gastritis and duodenitis (K29),25,needs_review,multi_year_total,1,,False
cod_gastritis_and_duodenitis,3.0,3.0,,none,South Dakota,2016,All,False,False,"Causes of Death, 2015-2024",5,count,excl_infant,cod_selected,2015-2024,,https://doh.sd.gov/media/iy5ld42w/cause-of-death-2015-2024-new.pdf,,fixture_text_capture,Gastritis and duodenitis (K29),3,needs_review,calendar_year,2,selected 1 of 2 source rows,False
cod_gastritis_and_duodenitis,1.0,1.0,,none,South Dakota,2017,All,False,False,"Causes of Death, 2015-2024",5,count,excl_infant,cod_selected,2015-2024,,https://doh.sd.gov/media/iy5ld42w/cause-of-death-2015-2024-new.pdf,,fixture_text_capture,Gastritis and duodenitis (K29),1,needs_review,calendar_year,2,selected 1 of 2 source rows,False
cod_gastritis_and_duodenitis,2.0,2.0,,none,South Dakota,2018,All,False,False,"Causes of Death, 2015-2024",5,count,excl_infant,cod_selected,2015-2024,,https://doh.sd.gov/media/iy5ld42w/cause-of-death-2015-2024-new.pdf,,fixture_text_capture,Gastritis and duodenitis (K29),2,needs_review,calendar_year,2,selected 1 of 2 source rows,False
cod_gastritis_and_duodenitis,2.0,2.0,,none,South Dakota,2019,All,False,False,"Causes of Death, 2015-2024",5,count,excl_infant,cod_selected,2015-2024,,https://doh.sd.gov/media/iy5ld42w/cause-of-death-2015-2024-new.pdf,,fixture_text_capture,Gastritis and duodenitis (K29),2,needs_review,calendar_year,2,selected 1 of 2 source rows,False
cod_gastritis_and_duodenitis,3.0,3.0,,none,South Dakota,2020,All,False,False,"Causes of Death, 2015-2024",5,count,excl_infant,cod_selected,2015-2024,,https://doh.sd.gov/media/iy5ld42w/cause-of-death-2015-2024-new.pdf,,fixture_text_capture,Gastritis and duodenitis (K29),3,needs_review,calendar_year,2,selected 1 of 2 source rows,False
cod_gastritis_and_duodenitis,4.0,4.0,,none,South Dakota,2021,All,False,False,"Causes of Death, 2015-2024",5,count,excl_infant,cod_selected,2015-2024,,https://doh.sd.gov/media/iy5ld42w/cause-of-death-2015-2024-new.pdf,,fixture_text_capture,Gastritis and duodenitis (K29),4,needs_review,calendar_year,2,selected 1 of 2 source rows,False
cod_gastritis_and_duodenitis,2.0,2.0,,none,South Dakota,2022,All,False,False,"Causes of Death, 2015-2024",5,count,excl_infant,cod_selected,2015-2024,,https://doh.sd.gov/media/iy5ld42w/cause-of-death-2015-2024-new.pdf,,fixture_text_capture,Gastritis and duodenitis (K29),2,needs_review,calendar_year,2,selected 1 of 2 source rows,False
cod_gastritis_and_duodenitis,0.0,0.0,,none,South Dakota,2023,All,False,False,"Causes of Death, 2015-2024",5,count,excl_infant,cod_selected,2015-2024,,https://doh.sd.gov/media/iy5ld42w/cause-of-death-2015-2024-new.pdf,,fixture_text_capture,Gastritis and duodenitis (K29),0,needs_review,calendar_year,2,selected 1 of 2 source rows,False
cod_gastritis_and_duodenitis,3.0,3.0,,none,South Dakota,2024,All,False,False,"Causes of Death, 2015-2024",5,count,excl_infant,cod_selected,2015-2024,,https://doh.sd.gov/media/iy5ld42w/cause-of-death-2015-2024-new.pdf,,fixture_text_capture,Gastritis and duodenitis (K29),3,needs_review,calendar_year,1,,False
cod_gastro_esophageal_reflux_disease_gerd,1.0,1.0,,none,South Dakota,2015,All,False,False,"Causes of Death, 2015-2024",4,count,excl_infant,cod_selected,2015-2024,,https://doh.sd.gov/media/iy5ld42w/cause-of-death-2015-2024-new.pdf,,fixture_text_capture,Gastro-esophageal reflux disease (GERD) (K21),1,needs_review,calendar_year,1,,False
cod_gastro_esophageal_reflux_disease_gerd,33.0,33.0,,none,South Dakota,2015-2024,All,False,False,"Causes of Death, 2015-2024",4,count,excl_infant,cod_selected,2015-2024,,https://doh.sd.gov/media/iy5ld42w/cause-of-death-2015-2024-new.pdf,,fixture_text_capture,Gastro-esophageal reflux disease (GERD) (K21),33,needs_review,multi_year_total,1,,False
cod_gastro_esophageal_reflux_disease_gerd,3.0,3.0,,none,South Dakota,2016,All,False,False,"Causes of Death, 2015-2024",4,count,excl_infant,cod_selected,2015-2024,,https://doh.sd.gov/media/iy5ld42w/cause-of-death-2015-2024-new.pdf,,fixture_text_capture,Gastro-esophageal reflux disease (GERD) (K21),3,needs_review,calendar_year,1,,False
cod_gastro_esophageal_reflux_disease_gerd,2.0,2.0,,none,South Dakota,2017,All,False,False,"Causes of Death, 2015-2024",4,count,excl_infant,cod_selected,2015-2024,,https://doh.sd.gov/media/iy5ld42w/cause-of-death-2015-2024-new.pdf,,fixture_text_capture,Gastro-esophageal reflux disease (GERD) (K21),2,needs_review,calendar_year,1,,False
cod_gastro_esophageal_reflux_disease_gerd,2.0,2.0,,none,South Dakota,2018,All,False,False,"Causes of Death, 2015-2024",4,count,excl_infant,cod_selected,2015-2024,,https://doh.sd.gov/media/iy5ld42w/cause-of-death-2015-2024-new.pdf,,fixture_text_capture,Gastro-esophageal reflux disease (GERD) (K21),2,needs_review,calendar_year,1,,False
cod_gastro_esophageal_reflux_disease_gerd,2.0,2.0,,none,South Dakota,2019,All,False,False,"Causes of Death, 2015-2024",4,count,excl_infant,cod_selected,2015-2024,,https://doh.sd.gov/media/iy5ld42w/cause-of-death-2015-2024-new.pdf,,fixture_text_capture,Gastro-esophageal reflux disease (GERD) (K21),2,needs_review,calendar_year,1,,False
cod_gastro_esophageal_reflux_disease_gerd,1.0,1.0,,none,South Dakota,2020,All,False,False,"Causes of Death, 2015-2024",4,count,excl_infant,cod_selected,2015-2024,,https://doh.sd.gov/media/iy5ld42w/cause-of-death-2015-2024-new.pdf,,fixture_text_capture,Gastro-esophageal reflux disease (GERD) (K21),1,needs_review,calendar_year,1,,False
cod_gastro_esophageal_reflux_disease_gerd,5.0,5.0,,none,South Dakota,2021,All,False,False,"Causes of Death, 2015-2024",4,count,excl_infant,cod_selected,2015-2024,,https://doh.sd.gov/media/iy5ld42w/cause-of-death-2015-2024-new.pdf,,fixture_text_capture,Gastro-esophageal reflux disease (GERD) (K21),5,needs_review,calendar_year,1,,False
cod_gastro_esophageal_reflux_disease_gerd,3.0,3.0,,none,South Dakota,2022,All,False,False,"Causes of Death, 2015-2024",4,count,excl_infant,cod_selected,2015-2024,,https://doh.sd.gov/media/iy5ld42w/cause-of-death-2015-2024-new.pdf,,fixture_text_capture,Gastro-esophageal reflux disease (GERD) (K21),3,needs_review,calendar_year,1,,False
cod_gastro_esophageal_reflux_disease_gerd,7.0,7.0,,none,South Dakota,2023,All,False,False,"Causes of Death, 2015-2024",4,count,excl_infant,cod_selected,2015-2024,,https://doh.sd.gov/media/iy5ld42w/cause-of-death-2015-2024-new.pdf,,fixture_text_capture,Gastro-esophageal reflux disease (GERD) (K21),7,needs_review,calendar_year,1,,False
cod_gastro_esophageal_reflux_disease_gerd,7.0,7.0,,none,South Dakota,2024,All,False,False,"Causes of Death, 2015-2024",4,count,excl_infant,cod_selected,2015-2024,,https://doh.sd.gov/media/iy5ld42w/cause-of-death-2015-2024-new.pdf,,fixture_text_capture,Gastro-esophageal reflux disease (GERD) (K21),7,needs_review,calendar_year,1,,False
cod_gastrointestinal_hemorrhage_unspecified,24.0,24.0,,none,South Dakota,2014,All,False,False,"Causes of Death, 2014-2023",0,count,excl_infant,cod_selected,2014-2023,,https://doh.sd.gov/media/g0rf2ewb/sd-cause-of-death-2014-2023.pdf,,fixture_text_capture,"Gastrointestinal hemorrhage, unspecified (K92.2)",24,needs_review,calendar_year,1,,False
cod_gastrointestinal_hemorrhage_unspecified,282.0,282.0,,none,South Dakota,2014-2023,All,False,False,"Causes of Death, 2014-2023",0,count,excl_infant,cod_selected,2014-2023,,https://doh.sd.gov/media/g0rf2ewb/sd-cause-of-death-2014-2023.pdf,,fixture_text_capture,"Gastrointestinal hemorrhage, unspecified (K92.2)",282,needs_review,multi_year_total,1,,False
cod_gastrointestinal_hemorrhage_unspecified,29.0,29.0,,none,South Dakota,2015,All,False,False,"Causes of Death, 2015-2024",2,count,excl_infant,cod_selected,2015-2024,,https://doh.sd.gov/media/iy5ld42w/cause-of-death-2015-2024-new.pdf,,fixture_text_capture,"Gastrointestinal hemorrhage, unspecified (K92.2)",29,needs_review,calendar_year,2,selected 1 of 2 source rows,False
cod_gastrointestinal_hemorrhage_unspecified,294.0,294.0,,none,South Dakota,2015-2024,All,False,False,"Causes of Death, 2015-2024",2,count,excl_infant,cod_selected,2015-2024,,https://doh.sd.gov/media/iy5ld42w/cause-of-death-2015-2024-new.pdf,,fixture_text_capture,"Gastrointestinal hemorrhage, unspecified (K92.2)",294,needs_review,multi_year_total,1,,False
cod_gastrointestinal_hemorrhage_unspecified,35.0,35.0,,none,South Dakota,2016,All,False,False,"Causes of Death, 2015-2024",2,count,excl_infant,cod_selected,2015-2024,,https://doh.sd.gov/media/iy5ld42w/cause-of-death-2015-2024-new.pdf,,fixture_text_capture,"Gastrointestinal hemorrhage, unspecified (K92.2)",35,needs_review,calendar_year,2,selected 1 of 2 source rows,False
cod_gastrointestinal_hemorrhage_unspecified,31.0,31.0,,none,South Dakota,2017,All,False,False,"Causes of Death, 2015-2024",2,count,excl_infant,cod_selected,2015-2024,,https://doh.sd.gov/media/iy5ld42w/cause-of-death-2015-2024-new.pdf,,fixture_text_capture,"Gastrointestinal hemorrhage, unspecified (K92.2)",31,needs_review,calendar_year,2,selected 1 of 2 source rows,False
cod_gastrointestinal_hemorrhage_unspecified,30.0,30.0,,none,South Dakota,2018,All,False,False,"Causes of Death, 2015-2024",2,count,excl_infant,cod_selected,2015-2024,,https://doh.sd.gov/media/iy5ld42w/cause-of-death-2015-2024-new.pdf,,fixture_text_capture,"Gastrointestinal hemorrhage, unspecified (K92.2)",30,needs_review,calendar_year,2,selected 1 of 2 source rows,False
cod_gastrointestinal_hemorrhage_unspecified,26.0,26.0,,none,South Dakota,2019,All,False,False,"Causes of Death, 2015-2024",2,count,excl_infant,cod_selected,2015-2024,,https://doh.sd.gov/media/iy5ld42w/cause-of-death-2015-2024-new.pdf,,fixture_text_capture,"Gastrointestinal hemorrhage, unspecified (K92.2)",26,needs_review,calendar_year,2,selected 1 of 2 source rows,False
cod_gastrointestinal_hemorrhage_unspecified,36.0,36.0,,none,South Dakota,2020,All,False,False,"Causes of Death, 2015-2024",2,count,excl_infant,cod_selected,2015-2024,,https://doh.sd.gov/media/iy5ld42w/cause-of-death-2015-2024-new.pdf,,fixture_text_capture,"Gastrointestinal hemorrhage, unspecified (K92.2)",36,needs_review,calendar_year,2,selected 1 of 2 source rows,False
cod_gastrointestinal_hemorrhage_unspecified,13.0,13.0,,none,South Dakota,2021,All,False,False,"Causes of Death, 2015-2024",2,count,excl_infant,cod_selected,2015-2024,,https://doh.sd.gov/media/iy5ld42w/cause-of-death-2015-2024-new.pdf,,fixture_text_capture,"Gastrointestinal hemorrhage, unspecified (K92.2)",13,needs_review,calendar_year,2,selected 1 of 2 source rows,False
cod_gastrointestinal_hemorrhage_unspecified,25.0,25.0,,none,South Dakota,2022,All,False,False,"Causes of Death, 2015-2024",2,count,excl_infant,cod_selected,2015-2024,,https://doh.sd.gov/media/iy5ld42w/cause-of-death-2015-2024-new.pdf,,fixture_text_capture,"Gastrointestinal hemorrhage, unspecified (K92.2)",25,needs_review,calendar_year,2,selected 1 of 2 source rows,False
cod_gastrointestinal_hemorrhage_unspecified,33.0,33.0,,none,South Dakota,2023,All,False,False,"Causes of Death, 2015-2024",2,count,excl_infant,cod_selected,2015-2024,,https://doh.sd.gov/media/iy5ld42w/cause-of-death-2015-2024-new.pdf,,fixture_text_capture,"Gastrointestinal hemorrhage, unspecified (K92.2)",33,needs_review,calendar_year,2,selected 1 of 2 source rows,False
cod_gastrointestinal_hemorrhage_unspecified,36.0,36.0,,none,South Dakota,2024,All,False,False,"Causes of Death, 2015-2024",2,count,excl_infant,cod_selected,2015-2024,,https://doh.sd.gov/media/iy5ld42w/cause-of-death-2015-2024-new.pdf,,fixture_text_capture,"Gastrointestinal hemorrhage, unspecified (K92.2)",36,needs_review,calendar_year,1,,False
cod_hernia,5.0,5.0,,none,South Dakota,2014,All,False,False,"Causes of Death, 2014-2023",0,count,excl_infant,cod_selected,2014-2023,,https://doh.sd.gov/media/g0rf2ewb/sd-cause-of-death-2014-2023.pdf,,fixture_text_capture,Hernia (K40-K46),5,needs_review,calendar_year,1,,False
cod_hernia,85.0,85.0,,none,South Dakota,2014-2023,All,False,False,"Causes of Death, 2014-2023",0,count,excl_infant,cod_selected,2014-2023,,https://doh.sd.gov/media/g0rf2ewb/sd-cause-of-death-2014-2023.pdf,,fixture_text_capture,Hernia (K40-K46),85,needs_review,multi_year_total,1,,False
cod_hernia,11.0,11.0,,none,South Dakota,2015,All,False,False,"Causes of Death, 2015-2024",3,count,excl_infant,cod_selected,2015-2024,,https://doh.sd.gov/media/iy5ld42w/cause-of-death-2015-2024-new.pdf,,fixture_text_capture,Hernia (K40-K46),11,needs_review,calendar_year,2,selected 1 of 2 source rows,False
cod_hernia,90.0,90.0,,none,South Dakota,2015-2024,All,False,False,"Causes of Death, 2015-2024",3,count,excl_infant,cod_selected,2015-2024,,https://doh.sd.gov/media/iy5ld42w/cause-of-death-2015-2024-new.pdf,,fixture_text_capture,Hernia (K40-K46),90,needs_review,multi_year_total,1,,False
cod_hernia,6.0,6.0,,none,South Dakota,2016,All,False,False,"Causes of Death, 2015-2024",3,count,excl_infant,cod_selected,2015-2024,,https://doh.sd.gov/media/iy5ld42w/cause-of-death-2015-2024-new.pdf,,fixture_text_capture,Hernia (K40-K46),6,needs_review,calendar_year,2,selected 1 of 2 source rows,False
cod_hernia,9.0,9.0,,none,South Dakota,2017,All,False,False,"Causes of Death, 2015-2024",3,count,excl_infant,cod_selected,2015-2024,,https://doh.sd.gov/media/iy5ld42w/cause-of-death-2015-2024-new.pdf,,fixture_text_capture,Hernia (K40-K46),9,needs_review,calendar_year,2,selected 1 of 2 source rows,False
cod_hernia,10.0,10.0,,none,South Dakota,2018,All,False,False,"Causes of Death, 2015-2024",3,count,excl_infant,cod_selected,2015-2024,,https://doh.sd.gov/media/iy5ld42w/cause-of-death-2015-2024-new.pdf,,fixture_text_capture,Hernia (K40-K46),10,needs_review,calendar_year,2,selected 1 of 2 source rows,False
cod_hernia,5.0,5.0,,none,South Dakota,2019,All,False,False,"Causes of Death, 2015-2024",3,count,excl_infant,cod_selected,2015-2024,,https://doh.sd.gov/media/iy5ld42w/cause-of-death-2015-2024-new.pdf,,fixture_text_capture,Hernia (K40-K46),5,needs_review,calendar_year,2,selected 1 of 2 source rows,False
cod_hernia,9.0,9.0,,none,South Dakota,2020,All,False,False,"Causes of Death, 2015-2024",3,count,excl_infant,cod_selected,2015-2024,,https://doh.sd.gov/media/iy5ld42w/cause-of-death-2015-2024-new.pdf,,fixture_text_capture,Hernia (K40-K46),9,needs_review,calendar_year,2,selected 1 of 2 source rows,False
cod_hernia,15.0,15.0,,none,South Dakota,2021,All,False,False,"Causes of Death, 2015-2024",3,count,excl_infant,cod_selected,2015-2024,,https://doh.sd.gov/media/iy5ld42w/cause-of-death-2015-2024-new.pdf,,fixture_text_capture,Hernia (K40-K46),15,needs_review,calendar_year,2,selected 1 of 2 source rows,False
cod_hernia,8.0,8.0,,none,South Dakota,2022,All,False,False,"Causes of Death, 2015-2024",3,count,excl_infant,cod_selected,2015-2024,,https://doh.sd.gov/media/iy5ld42w/cause-of-death-2015-2024-new.pdf,,fixture_text_capture,Hernia (K40-K46),8,needs_review,calendar_year,2,selected 1 of 2 source rows,False
cod_hernia,7.0,7.0,,none,South Dakota,2023,All,False,False,"Causes of Death, 2015-2024",3,count,excl_infant,cod_selected,2015-2024,,https://doh.sd.gov/media/iy5ld42w/cause-of-death-2015-2024-new.pdf,,fixture_text_capture,Hernia (K40-K46),7,needs_review,calendar_year,2,selected 1 of 2 source rows,False
cod_hernia,10.0,10.0,,none,South Dakota,2024,All,False,False,"Causes of Death, 2015-2024",3,count,excl_infant,cod_selected,2015-2024,,https://doh.sd.gov/media/iy5ld42w/cause-of-death-2015-2024-new.pdf,,fixture_text_capture,Hernia (K40-K46),10,needs_review,calendar_year,1,,False
cod_high_cholesterol_triglycerides,22.0,22.0,,none,South Dakota,2014,All,False,False,"Causes of Death, 2014-2023",0,count,excl_infant,cod_selected,2014-2023,,https://doh.sd.gov/media/g0rf2ewb/sd-cause-of-death-2014-2023.pdf,,fixture_text_capture,High cholesterol/triglycerides (E78),22,needs_review,calendar_year,1,,False
cod_high_cholesterol_triglycerides,408.0,408.0,,none,South Dakota,2014-2023,All,False,False,"Causes of Death, 2014-2023",0,count,excl_infant,cod_selected,2014-2023,,https://doh.sd.gov/media/g0rf2ewb/sd-cause-of-death-2014-2023.pdf,,fixture_text_capture,High cholesterol/triglycerides (E78),408,needs_review,multi_year_total,1,,False
cod_high_cholesterol_triglycerides,44.0,44.0,,none,South Dakota,2015,All,False,False,"Causes of Death, 2015-2024",2,count,excl_infant,cod_selected,2015-2024,,https://doh.sd.gov/media/iy5ld42w/cause-of-death-2015-2024-new.pdf,,fixture_text_capture,High cholesterol/triglycerides (E78),44,needs_review,calendar_year,2,selected 1 of 2 source rows,False
cod_high_cholesterol_triglycerides,450.0,450.0,,none,South Dakota,2015-2024,All,False,False,"Causes of Death, 2015-2024",2,count,excl_infant,cod_selected,2015-2024,,https://doh.sd.gov/media/iy5ld42w/cause-of-death-2015-2024-new.pdf,,fixture_text_capture,High cholesterol/triglycerides (E78),450,needs_review,multi_year_total,1,,False
cod_high_cholesterol_triglycerides,36.0,36.0,,none,South Dakota,2016,All,False,False,"Causes of Death, 2015-2024",2,count,excl_infant,cod_selected,2015-2024,,https://doh.sd.gov/media/iy5ld42w/cause-of-death-2015-2024-new.pdf,,fixture_text_capture,High cholesterol/triglycerides (E78),36,needs_review,calendar_year,2,selected 1 of 2 source rows,False
cod_high_cholesterol_triglycerides,34.0,34.0,,none,South Dakota,2017,All,False,False,"Causes of Death, 2015-2024",2,count,excl_infant,cod_selected,2015-2024,,https://doh.sd.gov/media/iy5ld42w/cause-of-death-2015-2024-new.pdf,,fixture_text_capture,High cholesterol/triglycerides (E78),34,needs_review,calendar_year,2,selected 1 of 2 source rows,False
cod_high_cholesterol_triglycerides,26.0,26.0,,none,South Dakota,2018,All,False,False,"Causes of Death, 2015-2024",2,count,excl_infant,cod_selected,2015-2024,,https://doh.sd.gov/media/iy5ld42w/cause-of-death-2015-2024-new.pdf,,fixture_text_capture,High cholesterol/triglycerides (E78),26,needs_review,calendar_year,2,selected 1 of 2 source rows,False
cod_high_cholesterol_triglycerides,44.0,44.0,,none,South Dakota,2019,All,False,False,"Causes of Death, 2015-2024",2,count,excl_infant,cod_selected,2015-2024,,https://doh.sd.gov/media/iy5ld42w/cause-of-death-2015-2024-new.pdf,,fixture_text_capture,High cholesterol/triglycerides (E78),44,needs_review,calendar_year,2,selected 1 of 2 source rows,False
cod_high_cholesterol_triglycerides,36.0,36.0,,none,South Dakota,2020,All,False,False,"Causes of Death, 2015-2024",2,count,excl_infant,cod_selected,2015-2024,,https://doh.sd.gov/media/iy5ld42w/cause-of-death-2015-2024-new.pdf,,fixture_text_capture,High cholesterol/triglycerides (E78),36,needs_review,calendar_year,2,selected 1 of 2 source rows,False
cod_high_cholesterol_triglycerides,50.0,50.0,,none,South Dakota,2021,All,False,False,"Causes of Death, 2015-2024",2,count,excl_infant,cod_selected,2015-2024,,https://doh.sd.gov/media/iy5ld42w/cause-of-death-2015-2024-new.pdf,,fixture_text_capture,High cholesterol/triglycerides (E78),50,needs_review,calendar_year,2,selected 1 of 2 source rows,False
cod_high_cholesterol_triglycerides,48.0,48.0,,none,South Dakota,2022,All,False,False,"Causes of Death, 2015-2024",2,count,excl_infant,cod_selected,2015-2024,,https://doh.sd.gov/media/iy5ld42w/cause-of-death-2015-2024-new.pdf,,fixture_text_capture,High cholesterol/triglycerides (E78),48,needs_review,calendar_year,2,selected 1 of 2 source rows,False
cod_high_cholesterol_triglycerides,68.0,68.0,,none,South Dakota,2023,All,False,False,"Causes of Death, 2015-2024",2,count,excl_infant,cod_selected,2015-2024,,https://doh.sd.gov/media/iy5ld42w/cause-of-death-2015-2024-new.pdf,,fixture_text_capture,High cholesterol/triglycerides (E78),68,needs_review,calendar_year,2,selected 1 of 2 source rows,False
cod_high_cholesterol_triglycerides,64.0,64.0,,none,South Dakota,2024,All,False,False,"Causes of Death, 2015-2024",2,count,excl_infant,cod_selected,2015-2024,,https://doh.sd.gov/media/iy5ld42w/cause-of-death-2015-2024-new.pdf,,fixture_text_capture,High cholesterol/triglycerides (E78),64,needs_review,calendar_year,1,,False
cod_high_potassium,2.0,2.0,,none,South Dakota,2014,All,False,False,"Causes of Death, 2014-2023",0,count,excl_infant,cod_selected,2014-2023,,https://doh.sd.gov/media/g0rf2ewb/sd-cause-of-death-2014-2023.pdf,,fixture_text_capture,High potassium (E87.5),2,needs_review,calendar_year,1,,False
cod_high_potassium,36.0,36.0,,none,South Dakota,2014-2023,All,False,False,"Causes of Death, 2014-2023",0,count,excl_infant,cod_selected,2014-2023,,https://doh.sd.gov/media/g0rf2ewb/sd-cause-of-death-2014-2023.pdf,,fixture_text_capture,High potassium (E87.5),36,needs_review,multi_year_total,1,,False
cod_high_potassium,1.0,1.0,,none,South Dakota,2015,All,False,False,"Causes of Death, 2015-2024",4,count,excl_infant,cod_selected,2015-2024,,https://doh.sd.gov/media/iy5ld42w/cause-of-death-2015-2024-new.pdf,,fixture_text_capture,High potassium (E87.5),1,needs_review,calendar_year,2,selected 1 of 2 source rows,False
cod_high_potassium,36.0,36.0,,none,South Dakota,2015-2024,All,False,False,"Causes of Death, 2015-2024",4,count,excl_infant,cod_selected,2015-2024,,https://doh.sd.gov/media/iy5ld42w/cause-of-death-2015-2024-new.pdf,,fixture_text_capture,High potassium (E87.5),36,needs_review,multi_year_total,1,,False
cod_high_potassium,3.0,3.0,,none,South Dakota,2016,All,False,False,"Causes of Death, 2015-2024",4,count,excl_infant,cod_selected,2015-2024,,https://doh.sd.gov/media/iy5ld42w/cause-of-death-2015-2024-new.pdf,,fixture_text_capture,High potassium (E87.5),3,needs_review,calendar_year,2,selected 1 of 2 source rows,False
cod_high_potassium,2.0,2.0,,none,South Dakota,2017,All,False,False,"Causes of Death, 2015-2024",4,count,excl_infant,cod_selected,2015-2024,,https://doh.sd.gov/media/iy5ld42w/cause-of-death-2015-2024-new.pdf,,fixture_text_capture,High potassium (E87.5),2,needs_review,calendar_year,2,selected 1 of 2 source rows,False
cod_high_potassium,4.0,4.0,,none,South Dakota,2018,All,False,False,"Causes of Death, 2015-2024",4,count,excl_infant,cod_selected,2015-2024,,https://doh.sd.gov/media/iy5ld42w/cause-of-death-2015-2024-new.pdf,,fixture_text_capture,High potassium (E87.5),4,needs_review,calendar_year,2,selected 1 of 2 source rows,False
cod_high_potassium,7.0,7.0,,none,South Dakota,2019,All,False,False,"Causes of Death, 2015-2024",4,count,excl_infant,cod_selected,2015-2024,,https://doh.sd.gov/media/iy5ld42w/cause-of-death-2015-2024-new.pdf,,fixture_text_capture,High potassium (E87.5),7,needs_review,calendar_year,2,selected 1 of 2 source rows,False
cod_high_potassium,4.0,4.0,,none,South Dakota,2020,All,False,False,"Causes of Death, 2015-2024",4,count,excl_infant,cod_selected,2015-2024,,https://doh.sd.gov/media/iy5ld42w/cause-of-death-2015-2024-new.pdf,,fixture_text_capture,High potassium (E87.5),4,needs_review,calendar_year,2,selected 1 of 2 source rows,False
cod_high_potassium,1.0,1.0,,none,South Dakota,2021,All,False,False,"Causes of Death, 2015-2024",4,count,excl_infant,cod_selected,2015-2024,,https://doh.sd.gov/media/iy5ld42w/cause-of-death-2015-2024-new.pdf,,fixture_text_capture,High potassium (E87.5),1,needs_review,calendar_year,2,selected 1 of 2 source rows,False
cod_high_potassium,5.0,5.0,,none,South Dakota,2022,All,False,False,"Causes of Death, 2015-2024",4,count,excl_infant,cod_selected,2015-2024,,https://doh.sd.gov/media/iy5ld42w/cause-of-death-2015-2024-new.pdf,,fixture_text_capture,High potassium (E87.5),5,needs_review,calendar_year,2,selected 1 of 2 source rows,False
cod_high_potassium,7.0,7.0,,none,South Dakota,2023,All,False,False,"Causes of Death, 2015-2024",4,count,excl_infant,cod_selected,2015-2024,,https://doh.sd.gov/media/iy5ld42w/cause-of-death-2015-2024-new.pdf,,fixture_text_capture,High potassium (E87.5),7,needs_review,calendar_year,2,selected 1 of 2 source rows,False
cod_high_potassium,2.0,2.0,,none,South Dakota,2024,All,False,False,"Causes of Death, 2015-2024",4,count,excl_infant,cod_selected,2015-2024,,https://doh.sd.gov/media/iy5ld42w/cause-of-death-2015-2024-new.pdf,,fixture_text_capture,High potassium (E87.5),2,needs_review,calendar_year,1,,False
cod_homicide,24.0,24.0,,none,South Dakota,2014,All,False,False,"Causes of Death, 2014-2023",0,count,excl_infant,cod_selected,2014-2023,,https://doh.sd.gov/media/g0rf2ewb/sd-cause-of-death-2014-2023.pdf,,fixture_text_capture,"Homicide (X85-Y09, Y87.1)",24,needs_review,calendar_year,1,,False
cod_homicide,376.0,376.0,,none,South Dakota,2014-2023,All,False,False,"Causes of Death, 2014-2023",0,count,excl_infant,cod_selected,2014-2023,,https://doh.sd.gov/media/g0rf2ewb/sd-cause-of-death-2014-2023.pdf,,fixture_text_capture,"Homicide (X85-Y09, Y87.1)",376,needs_review,multi_year_total,1,,False
cod_homicide,33.0,33.0,,none,South Dakota,2015,All,False,False,"Causes of Death, 2015-2024",2,count,excl_infant,cod_selected,2015-2024,,https://doh.sd.gov/media/iy5ld42w/cause-of-death-2015-2024-new.pdf,,fixture_text_capture,"Homicide (X85-Y09, Y87.1)",33,needs_review,calendar_year,2,selected 1 of 2 source rows,False
cod_homicide,408.0,408.0,,none,South Dakota,2015-2024,All,False,False,"Causes of Death, 2015-2024",2,count,excl_infant,cod_selected,2015-2024,,https://doh.sd.gov/media/iy5ld42w/cause-of-death-2015-2024-new.pdf,,fixture_text_capture,"Homicide (X85-Y09, Y87.1)",408,needs_review,multi_year_total,1,,False
cod_homicide,36.0,36.0,,none,South Dakota,2016,All,False,False,"Causes of Death, 2015-2024",2,count,excl_infant,cod_selected,2015-2024,,https://doh.sd.gov/media/iy5ld42w/cause-of-death-2015-2024-new.pdf,,fixture_text_capture,"Homicide (X85-Y09, Y87.1)",36,needs_review,calendar_year,2,selected 1 of 2 source rows,False
cod_homicide,33.0,33.0,,none,South Dakota,2017,All,False,False,"Causes of Death, 2015-2024",2,count,excl_infant,cod_selected,2015-2024,,https://doh.sd.gov/media/iy5ld42w/cause-of-death-2015-2024-new.pdf,,fixture_text_capture,"Homicide (X85-Y09, Y87.1)",33,needs_review,calendar_year,2,selected 1 of 2 source rows,False
cod_homicide,31.0,31.0,,none,South Dakota,2018,All,False,False,"Causes of Death, 2015-2024",2,count,excl_infant,cod_selected,2015-2024,,https://doh.sd.gov/media/iy5ld42w/cause-of-death-2015-2024-new.pdf,,fixture_text_capture,"Homicide (X85-Y09, Y87.1)",31,needs_review,calendar_year,2,selected 1 of 2 source rows,False
cod_homicide,30.0,30.0,,none,South Dakota,2019,All,False,False,"Causes of Death, 2015-2024",2,count,excl_infant,cod_selected,2015-2024,,https://doh.sd.gov/media/iy5ld42w/cause-of-death-2015-2024-new.pdf,,fixture_text_capture,"Homicide (X85-Y09, Y87.1)",30,needs_review,calendar_year,2,selected 1 of 2 source rows,False
cod_homicide,52.0,52.0,,none,South Dakota,2020,All,False,False,"Causes of Death, 2015-2024",2,count,excl_infant,cod_selected,2015-2024,,https://doh.sd.gov/media/iy5ld42w/cause-of-death-2015-2024-new.pdf,,fixture_text_capture,"Homicide (X85-Y09, Y87.1)",52,needs_review,calendar_year,2,selected 1 of 2 source rows,False
cod_homicide,45.0,45.0,,none,South Dakota,2021,All,False,False,"Causes of Death, 2015-2024",2,count,excl_infant,cod_selected,2015-2024,,https://doh.sd.gov/media/iy5ld42w/cause-of-death-2015-2024-new.pdf,,fixture_text_capture,"Homicide (X85-Y09, Y87.1)",45,needs_review,calendar_year,2,selected 1 of 2 source rows,False
cod_homicide,53.0,53.0,,none,South Dakota,2022,All,False,False,"Causes of Death, 2015-2024",2,count,excl_infant,cod_selected,2015-2024,,https://doh.sd.gov/media/iy5ld42w/cause-of-death-2015-2024-new.pdf,,fixture_text_capture,"Homicide (X85-Y09, Y87.1)",53,needs_review,calendar_year,2,selected 1 of 2 source rows,False
cod_homicide,39.0,39.0,,none,South Dakota,2023,All,False,False,"Causes of Death, 2015-2024",2,count,excl_infant,cod_selected,2015-2024,,https://doh.sd.gov/media/iy5ld42w/cause-of-death-2015-2024-new.pdf,,fixture_text_capture,"Homicide (X85-Y09, Y87.1)",39,needs_review,calendar_year,2,selected 1 of 2 source rows,False
cod_homicide,56.0,56.0,,none,South Dakota,2024,All,False,False,"Causes of Death, 2015-2024",2,count,excl_infant,cod_selected,2015-2024,,https://doh.sd.gov/media/iy5ld42w/cause-of-death-2015-2024-new.pdf,,fixture_text_capture,"Homicide (X85-Y09, Y87.1)",56,needs_review,calendar_year,1,,False
cod_huffing,0.0,0.0,,none,South Dakota,2014,All,False,False,"Causes of Death, 2014-2023",0,count,excl_infant,cod_selected,2014-2023,,https://doh.sd.gov/media/g0rf2ewb/sd-cause-of-death-2014-2023.pdf,,fixture_text_capture,"Huffing (X46, X47, X49)",0,needs_review,calendar_year,1,,False
cod_huffing,22.0,22.0,,none,South Dakota,2014-2023,All,False,False,"Causes of Death, 2014-2023",0,count,excl_infant,cod_selected,2014-2023,,https://doh.sd.gov/media/g0rf2ewb/sd-cause-of-death-2014-2023.pdf,,fixture_text_capture,"Huffing (X46, X47, X49)",22,needs_review,multi_year_total,1,,False
cod_huffing,3.0,3.0,,none,South Dakota,2015,All,False,False,"Causes of Death, 2015-2024",5,count,excl_infant,cod_selected,2015-2024,,https://doh.sd.gov/media/iy5ld42w/cause-of-death-2015-2024-new.pdf,,fixture_text_capture,"Huffing (X46, X47, X49)",3,needs_review,calendar_year,2,selected 1 of 2 source rows,False
cod_huffing,22.0,22.0,,none,South Dakota,2015-2024,All,False,False,"Causes of Death, 2015-2024",5,count,excl_infant,cod_selected,2015-2024,,https://doh.sd.gov/media/iy5ld42w/cause-of-death-2015-2024-new.pdf,,fixture_text_capture,"Huffing (X46, X47, X49)",22,needs_review,multi_year_total,1,,False
cod_huffing,2.0,2.0,,none,South Dakota,2016,All,False,False,"Causes of Death, 2015-2024",5,count,excl_infant,cod_selected,2015-2024,,https://doh.sd.gov/media/iy5ld42w/cause-of-death-2015-2024-new.pdf,,fixture_text_capture,"Huffing (X46, X47, X49)",2,needs_review,calendar_year,2,selected 1 of 2 source rows,False
cod_huffing,3.0,3.0,,none,South Dakota,2017,All,False,False,"Causes of Death, 2015-2024",5,count,excl_infant,cod_selected,2015-2024,,https://doh.sd.gov/media/iy5ld42w/cause-of-death-2015-2024-new.pdf,,fixture_text_capture,"Huffing (X46, X47, X49)",3,needs_review,calendar_year,2,selected 1 of 2 source rows,False
cod_huffing,2.0,2.0,,none,South Dakota,2018,All,False,False,"Causes of Death, 2015-2024",5,count,excl_infant,cod_selected,2015-2024,,https://doh.sd.gov/media/iy5ld42w/cause-of-death-2015-2024-new.pdf,,fixture_text_capture,"Huffing (X46, X47, X49)",2,needs_review,calendar_year,2,selected 1 of 2 source rows,False
cod_huffing,2.0,2.0,,none,South Dakota,2019,All,False,False,"Causes of Death, 2015-2024",5,count,excl_infant,cod_selected,2015-2024,,https://doh.sd.gov/media/iy5ld42w/cause-of-death-2015-2024-new.pdf,,fixture_text_capture,"Huffing (X46, X47, X49)",2,needs_review,calendar_year,2,selected 1 of 2 source rows,False
cod_huffing,4.0,4.0,,none,South Dakota,2020,All,False,False,"Causes of Death, 2015-2024",5,count,excl_infant,cod_selected,2015-2024,,https://doh.sd.gov/media/iy5ld42w/cause-of-death-2015-2024-new.pdf,,fixture_text_capture,"Huffing (X46, X47, X49)",4,needs_review,calendar_year,2,selected 1 of 2 source rows,False
cod_huffing,1.0,1.0,,none,South Dakota,2021,All,False,False,"Causes of Death, 2015-2024",5,count,excl_infant,cod_selected,2015-2024,,https://doh.sd.gov/media/iy5ld42w/cause-of-death-2015-2024-new.pdf,,fixture_text_capture,"Huffing (X46, X47, X49)",1,needs_review,calendar_year,2,selected 1 of 2 source rows,False
cod_huffing,1.0,1.0,,none,South Dakota,2022,All,False,False,"Causes of Death, 2015-2024",5,count,excl_infant,cod_selected,2015-2024,,https://doh.sd.gov/media/iy5ld42w/cause-of-death-2015-2024-new.pdf,,fixture_text_capture,"Huffing (X46, X47, X49)",1,needs_review,calendar_year,2,selected 1 of 2 source rows,False
cod_huffing,4.0,4.0,,none,South Dakota,2023,All,False,False,"Causes of Death, 2015-2024",5,count,excl_infant,cod_selected,2015-2024,,https://doh.sd.gov/media/iy5ld42w/cause-of-death-2015-2024-new.pdf,,fixture_text_capture,"Huffing (X46, X47, X49)",4,needs_review,calendar_year,2,selected 1 of 2 source rows,False
cod_huffing,0.0,0.0,,none,South Dakota,2024,All,False,False,"Causes of Death, 2015-2024",5,count,excl_infant,cod_selected,2015-2024,,https://doh.sd.gov/media/iy5ld42w/cause-of-death-2015-2024-new.pdf,,fixture_text_capture,"Huffing (X46, X47, X49)",0,needs_review,calendar_year,1,,False
cod_human_immunodeficiency_virus_hiv_disease,4.0,4.0,,none,South Dakota,2014,All,False,False,"Causes of Death, 2014-2023",0,count,excl_infant,cod_selected,2014-2023,,https://doh.sd.gov/media/g0rf2ewb/sd-cause-of-death-2014-2023.pdf,,fixture_text_capture,Human immunodeficiency virus (HIV) disease (B20-B24),4,needs_review,calendar_year,1,,False
cod_human_immunodeficiency_virus_hiv_disease,44.0,44.0,,none,South Dakota,2014-2023,All,False,False,"Causes of Death, 2014-2023",0,count,excl_infant,cod_selected,2014-2023,,https://doh.sd.gov/media/g0rf2ewb/sd-cause-of-death-2014-2023.pdf,,fixture_text_capture,Human immunodeficiency virus (HIV) disease (B20-B24),44,needs_review,multi_year_total,1,,False
cod_human_immunodeficiency_virus_hiv_disease,2.0,2.0,,none,South Dakota,2015,All,False,False,"Causes of Death, 2015-2024",4,count,excl_infant,cod_selected,2015-2024,,https://doh.sd.gov/media/iy5ld42w/cause-of-death-2015-2024-new.pdf,,fixture_text_capture,Human immunodeficiency virus (HIV) disease (B20-B24),2,needs_review,calendar_year,2,selected 1 of 2 source rows,False
cod_human_immunodeficiency_virus_hiv_disease,44.0,44.0,,none,South Dakota,2015-2024,All,False,False,"Causes of Death, 2015-2024",4,count,excl_infant,cod_selected,2015-2024,,https://doh.sd.gov/media/iy5ld42w/cause-of-death-2015-2024-new.pdf,,fixture_text_capture,Human immunodeficiency virus (HIV) disease (B20-B24),44,needs_review,multi_year_total,1,,False
cod_human_immunodeficiency_virus_hiv_disease,6.0,6.0,,none,South Dakota,2016,All,False,False,"Causes of Death, 2015-2024",4,count,excl_infant,cod_selected,2015-2024,,https://doh.sd.gov/media/iy5ld42w/cause-of-death-2015-2024-new.pdf,,fixture_text_capture,Human immunodeficiency virus (HIV) disease (B20-B24),6,needs_review,calendar_year,2,selected 1 of 2 source rows,False
cod_human_immunodeficiency_virus_hiv_disease,3.0,3.0,,none,South Dakota,2017,All,False,False,"Causes of Death, 2015-2024",4,count,excl_infant,cod_selected,2015-2024,,https://doh.sd.gov/media/iy5ld42w/cause-of-death-2015-2024-new.pdf,,fixture_text_capture,Human immunodeficiency virus (HIV) disease (B20-B24),3,needs_review,calendar_year,2,selected 1 of 2 source rows,False
cod_human_immunodeficiency_virus_hiv_disease,7.0,7.0,,none,South Dakota,2018,All,False,False,"Causes of Death, 2015-2024",4,count,excl_infant,cod_selected,2015-2024,,https://doh.sd.gov/media/iy5ld42w/cause-of-death-2015-2024-new.pdf,,fixture_text_capture,Human immunodeficiency virus (HIV) disease (B20-B24),7,needs_review,calendar_year,2,selected 1 of 2 source rows,False
cod_human_immunodeficiency_virus_hiv_disease,7.0,7.0,,none,South Dakota,2019,All,False,False,"Causes of Death, 2015-2024",4,count,excl_infant,cod_selected,2015-2024,,https://doh.sd.gov/media/iy5ld42w/cause-of-death-2015-2024-new.pdf,,fixture_text_capture,Human immunodeficiency virus (HIV) disease (B20-B24),7,needs_review,calendar_year,2,selected 1 of 2 source rows,False
cod_human_immunodeficiency_virus_hiv_disease,1.0,1.0,,none,South Dakota,2020,All,False,False,"Causes of Death, 2015-2024",4,count,excl_infant,cod_selected,2015-2024,,https://doh.sd.gov/media/iy5ld42w/cause-of-death-2015-2024-new.pdf,,fixture_text_capture,Human immunodeficiency virus (HIV) disease (B20-B24),1,needs_review,calendar_year,2,selected 1 of 2 source rows,False
cod_human_immunodeficiency_virus_hiv_disease,8.0,8.0,,none,South Dakota,2021,All,False,False,"Causes of Death, 2015-2024",4,count,excl_infant,cod_selected,2015-2024,,https://doh.sd.gov/media/iy5ld42w/cause-of-death-2015-2024-new.pdf,,fixture_text_capture,Human immunodeficiency virus (HIV) disease (B20-B24),8,needs_review,calendar_year,2,selected 1 of 2 source rows,False
cod_human_immunodeficiency_virus_hiv_disease,5.0,5.0,,none,South Dakota,2022,All,False,False,"Causes of Death, 2015-2024",4,count,excl_infant,cod_selected,2015-2024,,https://doh.sd.gov/media/iy5ld42w/cause-of-death-2015-2024-new.pdf,,fixture_text_capture,Human immunodeficiency virus (HIV) disease (B20-B24),5,needs_review,calendar_year,2,selected 1 of 2 source rows,False
cod_human_immunodeficiency_virus_hiv_disease,1.0,1.0,,none,South Dakota,2023,All,False,False,"Causes of Death, 2015-2024",4,count,excl_infant,cod_selected,2015-2024,,https://doh.sd.gov/media/iy5ld42w/cause-of-death-2015-2024-new.pdf,,fixture_text_capture,Human immunodeficiency virus (HIV) disease (B20-B24),1,needs_review,calendar_year,2,selected 1 of 2 source rows,False
cod_human_immunodeficiency_virus_hiv_disease,4.0,4.0,,none,South Dakota,2024,All,False,False,"Causes of Death, 2015-2024",4,count,excl_infant,cod_selected,2015-2024,,https://doh.sd.gov/media/iy5ld42w/cause-of-death-2015-2024-new.pdf,,fixture_text_capture,Human immunodeficiency virus (HIV) disease (B20-B24),4,needs_review,calendar_year,1,,False
cod_human_metapneumovirus_hmpv,0.0,0.0,,none,South Dakota,2015,All,False,False,"Causes of Death, 2015-2024",6,count,excl_infant,cod_selected,2015-2024,,https://doh.sd.gov/media/iy5ld42w/cause-of-death-2015-2024-new.pdf,,fixture_text_capture,Human metapneumovirus (HMPV) (B34.8),0,needs_review,calendar_year,1,,False
cod_human_metapneumovirus_hmpv,13.0,13.0,,none,South Dakota,2015-2024,All,False,False,"Causes of Death, 2015-2024",6,count,excl_infant,cod_selected,2015-2024,,https://doh.sd.gov/media/iy5ld42w/cause-of-death-2015-2024-new.pdf,,fixture_text_capture,Human metapneumovirus (HMPV) (B34.8),13,needs_review,multi_year_total,1,,False
cod_human_metapneumovirus_hmpv,2.0,2.0,,none,South Dakota,2016,All,False,False,"Causes of Death, 2015-2024",6,count,excl_infant,cod_selected,2015-2024,,https://doh.sd.gov/media/iy5ld42w/cause-of-death-2015-2024-new.pdf,,fixture_text_capture,Human metapneumovirus (HMPV) (B34.8),2,needs_review,calendar_year,1,,False
cod_human_metapneumovirus_hmpv,0.0,0.0,,none,South Dakota,2017,All,False,False,"Causes of Death, 2015-2024",6,count,excl_infant,cod_selected,2015-2024,,https://doh.sd.gov/media/iy5ld42w/cause-of-death-2015-2024-new.pdf,,fixture_text_capture,Human metapneumovirus (HMPV) (B34.8),0,needs_review,calendar_year,1,,False
cod_human_metapneumovirus_hmpv,2.0,2.0,,none,South Dakota,2018,All,False,False,"Causes of Death, 2015-2024",6,count,excl_infant,cod_selected,2015-2024,,https://doh.sd.gov/media/iy5ld42w/cause-of-death-2015-2024-new.pdf,,fixture_text_capture,Human metapneumovirus (HMPV) (B34.8),2,needs_review,calendar_year,1,,False
cod_human_metapneumovirus_hmpv,1.0,1.0,,none,South Dakota,2019,All,False,False,"Causes of Death, 2015-2024",6,count,excl_infant,cod_selected,2015-2024,,https://doh.sd.gov/media/iy5ld42w/cause-of-death-2015-2024-new.pdf,,fixture_text_capture,Human metapneumovirus (HMPV) (B34.8),1,needs_review,calendar_year,1,,False
cod_human_metapneumovirus_hmpv,4.0,4.0,,none,South Dakota,2020,All,False,False,"Causes of Death, 2015-2024",6,count,excl_infant,cod_selected,2015-2024,,https://doh.sd.gov/media/iy5ld42w/cause-of-death-2015-2024-new.pdf,,fixture_text_capture,Human metapneumovirus (HMPV) (B34.8),4,needs_review,calendar_year,1,,False
cod_human_metapneumovirus_hmpv,1.0,1.0,,none,South Dakota,2021,All,False,False,"Causes of Death, 2015-2024",6,count,excl_infant,cod_selected,2015-2024,,https://doh.sd.gov/media/iy5ld42w/cause-of-death-2015-2024-new.pdf,,fixture_text_capture,Human metapneumovirus (HMPV) (B34.8),1,needs_review,calendar_year,1,,False
cod_human_metapneumovirus_hmpv,0.0,0.0,,none,South Dakota,2022,All,False,False,"Causes of Death, 2015-2024",6,count,excl_infant,cod_selected,2015-2024,,https://doh.sd.gov/media/iy5ld42w/cause-of-death-2015-2024-new.pdf,,fixture_text_capture,Human metapneumovirus (HMPV) (B34.8),0,needs_review,calendar_year,1,,False
cod_human_metapneumovirus_hmpv,0.0,0.0,,none,South Dakota,2023,All,False,False,"Causes of Death, 2015-2024",6,count,excl_infant,cod_selected,2015-2024,,https://doh.sd.gov/media/iy5ld42w/cause-of-death-2015-2024-new.pdf,,fixture_text_capture,Human metapneumovirus (HMPV) (B34.8),0,needs_review,calendar_year,1,,False
cod_human_metapneumovirus_hmpv,3.0,3.0,,none,South Dakota,2024,All,False,False,"Causes of Death, 2015-2024",6,count,excl_infant,cod_selected,2015-2024,,https://doh.sd.gov/media/iy5ld42w/cause-of-death-2015-2024-new.pdf,,fixture_text_capture,Human metapneumovirus (HMPV) (B34.8),3,needs_review,calendar_year,1,,False
cod_huntington_s_disease,2.0,2.0,,none,South Dakota,2015,All,False,False,"Causes of Death, 2015-2024",4,count,excl_infant,cod_selected,2015-2024,,https://doh.sd.gov/media/iy5ld42w/cause-of-death-2015-2024-new.pdf,,fixture_text_capture,Huntington's disease (G10),2,needs_review,calendar_year,1,,False
cod_huntington_s_disease,34.0,34.0,,none,South Dakota,2015-2024,All,False,False,"Causes of Death, 2015-2024",4,count,excl_infant,cod_selected,2015-2024,,https://doh.sd.gov/media/iy5ld42w/cause-of-death-2015-2024-new.pdf,,fixture_text_capture,Huntington's disease (G10),34,needs_review,multi_year_total,1,,False
cod_huntington_s_disease,4.0,4.0,,none,South Dakota,2016,All,False,False,"Causes of Death, 2015-2024",4,count,excl_infant,cod_selected,2015-2024,,https://doh.sd.gov/media/iy5ld42w/cause-of-death-2015-2024-new.pdf,,fixture_text_capture,Huntington's disease (G10),4,needs_review,calendar_year,1,,False
cod_huntington_s_disease,5.0,5.0,,none,South Dakota,2017,All,False,False,"Causes of Death, 2015-2024",4,count,excl_infant,cod_selected,2015-2024,,https://doh.sd.gov/media/iy5ld42w/cause-of-death-2015-2024-new.pdf,,fixture_text_capture,Huntington's disease (G10),5,needs_review,calendar_year,1,,False
cod_huntington_s_disease,7.0,7.0,,none,South Dakota,2018,All,False,False,"Causes of Death, 2015-2024",4,count,excl_infant,cod_selected,2015-2024,,https://doh.sd.gov/media/iy5ld42w/cause-of-death-2015-2024-new.pdf,,fixture_text_capture,Huntington's disease (G10),7,needs_review,calendar_year,1,,False
cod_huntington_s_disease,1.0,1.0,,none,South Dakota,2019,All,False,False,"Causes of Death, 2015-2024",4,count,excl_infant,cod_selected,2015-2024,,https://doh.sd.gov/media/iy5ld42w/cause-of-death-2015-2024-new.pdf,,fixture_text_capture,Huntington's disease (G10),1,needs_review,calendar_year,1,,False
cod_huntington_s_disease,3.0,3.0,,none,South Dakota,2020,All,False,False,"Causes of Death, 2015-2024",4,count,excl_infant,cod_selected,2015-2024,,https://doh.sd.gov/media/iy5ld42w/cause-of-death-2015-2024-new.pdf,,fixture_text_capture,Huntington's disease (G10),3,needs_review,calendar_year,1,,False
cod_huntington_s_disease,3.0,3.0,,none,South Dakota,2021,All,False,False,"Causes of Death, 2015-2024",4,count,excl_infant,cod_selected,2015-2024,,https://doh.sd.gov/media/iy5ld42w/cause-of-death-2015-2024-new.pdf,,fixture_text_capture,Huntington's disease (G10),3,needs_review,calendar_year,1,,False
cod_huntington_s_disease,2.0,2.0,,none,South Dakota,2022,All,False,False,"Causes of Death, 2015-2024",4,count,excl_infant,cod_selected,2015-2024,,https://doh.sd.gov/media/iy5ld42w/cause-of-death-2015-2024-new.pdf,,fixture_text_capture,Huntington's disease (G10),2,needs_review,calendar_year,1,,False
cod_huntington_s_disease,2.0,2.0,,none,South Dakota,2023,All,False,False,"Causes of Death, 2015-2024",4,count,excl_infant,cod_selected,2015-2024,,https://doh.sd.gov/media/iy5ld42w/cause-of-death-2015-2024-new.pdf,,fixture_text_capture,Huntington's disease (G10),2,needs_review,calendar_year,1,,False
cod_huntington_s_disease,5.0,5.0,,none,South Dakota,2024,All,False,False,"Causes of Death, 2015-2024",4,count,excl_infant,cod_selected,2015-2024,,https://doh.sd.gov/media/iy5ld42w/cause-of-death-2015-2024-new.pdf,,fixture_text_capture,Huntington's disease (G10),5,needs_review,calendar_year,1,,False
cod_hypertension,95.0,95.0,,none,South Dakota,2014,All,False,False,"Causes of Death, 2014-2023",0,count,excl_infant,cod_selected,2014-2023,,https://doh.sd.gov/media/g0rf2ewb/sd-cause-of-death-2014-2023.pdf,,fixture_text_capture,"Hypertension (I10, I12, I15)",95,needs_review,calendar_year,1,,False
cod_hypertension,1107.0,1107.0,,none,South Dakota,2014-2023,All,False,False,"Causes of Death, 2014-2023",0,count,excl_infant,cod_selected,2014-2023,,https://doh.sd.gov/media/g0rf2ewb/sd-cause-of-death-2014-2023.pdf,,fixture_text_capture,"Hypertension (I10, I12, I15)","1,107",needs_review,multi_year_total,1,,False
cod_hypertension,104.0,104.0,,none,South Dakota,2015,All,False,False,"Causes of Death, 2015-2024",1,count,excl_infant,cod_selected,2015-2024,,https://doh.sd.gov/media/iy5ld42w/cause-of-death-2015-2024-new.pdf,,fixture_text_capture,"Hypertension (I10, I12, I15)",104,needs_review,calendar_year,2,selected 1 of 2 source rows,False
cod_hypertension,1119.0,1119.0,,none,South Dakota,2015-2024,All,False,False,"Causes of Death, 2015-2024",1,count,excl_infant,cod_selected,2015-2024,,https://doh.sd.gov/media/iy5ld42w/cause-of-death-2015-2024-new.pdf,,fixture_text_capture,"Hypertension (I10, I12, I15)","1,119",needs_review,multi_year_total,1,,False
cod_hypertension,92.0,92.0,,none,South Dakota,2016,All,False,False,"Causes of Death, 2015-2024",1,count,excl_infant,cod_selected,2015-2024,,https://doh.sd.gov/media/iy5ld42w/cause-of-death-2015-2024-new.pdf,,fixture_text_capture,"Hypertension (I10, I12, I15)",92,needs_review,calendar_year,2,selected 1 of 2 source rows,False
cod_hypertension,102.0,102.0,,none,South Dakota,2017,All,False,False,"Causes of Death, 2015-2024",1,count,excl_infant,cod_selected,2015-2024,,https://doh.sd.gov/media/iy5ld42w/cause-of-death-2015-2024-new.pdf,,fixture_text_capture,"Hypertension (I10, I12, I15)",102,needs_review,calendar_year,2,selected 1 of 2 source rows,False
cod_hypertension,113.0,113.0,,none,South Dakota,2018,All,False,False,"Causes of Death, 2015-2024",1,count,excl_infant,cod_selected,2015-2024,,https://doh.sd.gov/media/iy5ld42w/cause-of-death-2015-2024-new.pdf,,fixture_text_capture,"Hypertension (I10, I12, I15)",113,needs_review,calendar_year,2,selected 1 of 2 source rows,False
cod_hypertension,126.0,126.0,,none,South Dakota,2019,All,False,False,"Causes of Death, 2015-2024",1,count,excl_infant,cod_selected,2015-2024,,https://doh.sd.gov/media/iy5ld42w/cause-of-death-2015-2024-new.pdf,,fixture_text_capture,"Hypertension (I10, I12, I15)",126,needs_review,calendar_year,2,selected 1 of 2 source rows,False
cod_hypertension,127.0,127.0,,none,South Dakota,2020,All,False,False,"Causes of Death, 2015-2024",1,count,excl_infant,cod_selected,2015-2024,,https://doh.sd.gov/media/iy5ld42w/cause-of-death-2015-2024-new.pdf,,fixture_text_capture,"Hypertension (I10, I12, I15)",127,needs_review,calendar_year,2,selected 1 of 2 source rows,False
cod_hypertension,124.0,124.0,,none,South Dakota,2021,All,False,False,"Causes of Death, 2015-2024",1,count,excl_infant,cod_selected,2015-2024,,https://doh.sd.gov/media/iy5ld42w/cause-of-death-2015-2024-new.pdf,,fixture_text_capture,"Hypertension (I10, I12, I15)",124,needs_review,calendar_year,2,selected 1 of 2 source rows,False
cod_hypertension,122.0,122.0,,none,South Dakota,2022,All,False,False,"Causes of Death, 2015-2024",1,count,excl_infant,cod_selected,2015-2024,,https://doh.sd.gov/media/iy5ld42w/cause-of-death-2015-2024-new.pdf,,fixture_text_capture,"Hypertension (I10, I12, I15)",122,needs_review,calendar_year,2,selected 1 of 2 source rows,False
cod_hypertension,102.0,102.0,,none,South Dakota,2023,All,False,False,"Causes of Death, 2015-2024",1,count,excl_infant,cod_selected,2015-2024,,https://doh.sd.gov/media/iy5ld42w/cause-of-death-2015-2024-new.pdf,,fixture_text_capture,"Hypertension (I10, I12, I15)",102,needs_review,calendar_year,2,selected 1 of 2 source rows,False
cod_hypertension,107.0,107.0,,none,South Dakota,2024,All,False,False,"Causes of Death, 2015-2024",1,count,excl_infant,cod_selected,2015-2024,,https://doh.sd.gov/media/iy5ld42w/cause-of-death-2015-2024-new.pdf,,fixture_text_capture,"Hypertension (I10, I12, I15)",107,needs_review,calendar_year,1,,False
cod_immunocompromised_condition,1.0,1.0,,none,South Dakota,2014,All,False,False,"Causes of Death, 2014-2023",0,count,excl_infant,cod_selected,2014-2023,,https://doh.sd.gov/media/g0rf2ewb/sd-cause-of-death-2014-2023.pdf,,fixture_text_capture,Immunocompromised condition (D89),1,needs_review,calendar_year,1,,False
cod_immunocompromised_condition,15.0,15.0,,none,South Dakota,2014-2023,All,False,False,"Causes of Death, 2014-2023",0,count,excl_infant,cod_selected,2014-2023,,https://doh.sd.gov/media/g0rf2ewb/sd-cause-of-death-2014-2023.pdf,,fixture_text_capture,Immunocompromised condition (D89),15,needs_review,multi_year_total,1,,False
cod_immunocompromised_condition,2.0,2.0,,none,South Dakota,2015,All,False,False,"Causes of Death, 2015-2024",5,count,excl_infant,cod_selected,2015-2024,,https://doh.sd.gov/media/iy5ld42w/cause-of-death-2015-2024-new.pdf,,fixture_text_capture,Immunocompromised condition (D89),2,needs_review,calendar_year,2,selected 1 of 2 source rows,False
cod_immunocompromised_condition,17.0,17.0,,none,South Dakota,2015-2024,All,False,False,"Causes of Death, 2015-2024",5,count,excl_infant,cod_selected,2015-2024,,https://doh.sd.gov/media/iy5ld42w/cause-of-death-2015-2024-new.pdf,,fixture_text_capture,Immunocompromised condition (D89),17,needs_review,multi_year_total,1,,False
cod_immunocompromised_condition,1.0,1.0,,none,South Dakota,2016,All,False,False,"Causes of Death, 2015-2024",5,count,excl_infant,cod_selected,2015-2024,,https://doh.sd.gov/media/iy5ld42w/cause-of-death-2015-2024-new.pdf,,fixture_text_capture,Immunocompromised condition (D89),1,needs_review,calendar_year,2,selected 1 of 2 source rows,False
cod_immunocompromised_condition,2.0,2.0,,none,South Dakota,2017,All,False,False,"Causes of Death, 2015-2024",5,count,excl_infant,cod_selected,2015-2024,,https://doh.sd.gov/media/iy5ld42w/cause-of-death-2015-2024-new.pdf,,fixture_text_capture,Immunocompromised condition (D89),2,needs_review,calendar_year,2,selected 1 of 2 source rows,False
cod_immunocompromised_condition,3.0,3.0,,none,South Dakota,2018,All,False,False,"Causes of Death, 2015-2024",5,count,excl_infant,cod_selected,2015-2024,,https://doh.sd.gov/media/iy5ld42w/cause-of-death-2015-2024-new.pdf,,fixture_text_capture,Immunocompromised condition (D89),3,needs_review,calendar_year,2,selected 1 of 2 source rows,False
cod_immunocompromised_condition,0.0,0.0,,none,South Dakota,2019,All,False,False,"Causes of Death, 2015-2024",5,count,excl_infant,cod_selected,2015-2024,,https://doh.sd.gov/media/iy5ld42w/cause-of-death-2015-2024-new.pdf,,fixture_text_capture,Immunocompromised condition (D89),0,needs_review,calendar_year,2,selected 1 of 2 source rows,False
cod_immunocompromised_condition,1.0,1.0,,none,South Dakota,2020,All,False,False,"Causes of Death, 2015-2024",5,count,excl_infant,cod_selected,2015-2024,,https://doh.sd.gov/media/iy5ld42w/cause-of-death-2015-2024-new.pdf,,fixture_text_capture,Immunocompromised condition (D89),1,needs_review,calendar_year,2,selected 1 of 2 source rows,False
cod_immunocompromised_condition,1.0,1.0,,none,South Dakota,2021,All,False,False,"Causes of Death, 2015-2024",5,count,excl_infant,cod_selected,2015-2024,,https://doh.sd.gov/media/iy5ld42w/cause-of-death-2015-2024-new.pdf,,fixture_text_capture,Immunocompromised condition (D89),1,needs_review,calendar_year,2,selected 1 of 2 source rows,False
cod_immunocompromised_condition,3.0,3.0,,none,South Dakota,2022,All,False,False,"Causes of Death, 2015-2024",5,count,excl_infant,cod_selected,2015-2024,,https://doh.sd.gov/media/iy5ld42w/cause-of-death-2015-2024-new.pdf,,fixture_text_capture,Immunocompromised condition (D89),3,needs_review,calendar_year,2,selected 1 of 2 source rows,False
cod_immunocompromised_condition,1.0,1.0,,none,South Dakota,2023,All,False,False,"Causes of Death, 2015-2024",5,count,excl_infant,cod_selected,2015-2024,,https://doh.sd.gov/media/iy5ld42w/cause-of-death-2015-2024-new.pdf,,fixture_text_capture,Immunocompromised condition (D89),1,needs_review,calendar_year,2,selected 1 of 2 source rows,False
cod_immunocompromised_condition,3.0,3.0,,none,South Dakota,2024,All,False,False,"Causes of Death, 2015-2024",5,count,excl_infant,cod_selected,2015-2024,,https://doh.sd.gov/media/iy5ld42w/cause-of-death-2015-2024-new.pdf,,fixture_text_capture,Immunocompromised condition (D89),3,needs_review,calendar_year,1,,False
cod_infectious_inflammatory_issues_with_the_stomach_and_intestin,10.0,10.0,,none,South Dakota,2015,All,False,False,"Causes of Death, 2015-2024",3,count,excl_infant,cod_selected,2015-2024,,https://doh.sd.gov/media/iy5ld42w/cause-of-death-2015-2024-new.pdf,,fixture_text_capture,Infectious inflammatory issues with the stomach and intestines (A09),10,needs_review,calendar_year,1,,False
cod_infectious_inflammatory_issues_with_the_stomach_and_intestin,75.0,75.0,,none,South Dakota,2015-2024,All,False,False,"Causes of Death, 2015-2024",3,count,excl_infant,cod_selected,2015-2024,,https://doh.sd.gov/media/iy5ld42w/cause-of-death-2015-2024-new.pdf,,fixture_text_capture,Infectious inflammatory issues with the stomach and intestines (A09),75,needs_review,multi_year_total,1,,False
cod_infectious_inflammatory_issues_with_the_stomach_and_intestin,4.0,4.0,,none,South Dakota,2016,All,False,False,"Causes of Death, 2015-2024",3,count,excl_infant,cod_selected,2015-2024,,https://doh.sd.gov/media/iy5ld42w/cause-of-death-2015-2024-new.pdf,,fixture_text_capture,Infectious inflammatory issues with the stomach and intestines (A09),4,needs_review,calendar_year,1,,False
cod_infectious_inflammatory_issues_with_the_stomach_and_intestin,8.0,8.0,,none,South Dakota,2017,All,False,False,"Causes of Death, 2015-2024",3,count,excl_infant,cod_selected,2015-2024,,https://doh.sd.gov/media/iy5ld42w/cause-of-death-2015-2024-new.pdf,,fixture_text_capture,Infectious inflammatory issues with the stomach and intestines (A09),8,needs_review,calendar_year,1,,False
cod_infectious_inflammatory_issues_with_the_stomach_and_intestin,7.0,7.0,,none,South Dakota,2018,All,False,False,"Causes of Death, 2015-2024",3,count,excl_infant,cod_selected,2015-2024,,https://doh.sd.gov/media/iy5ld42w/cause-of-death-2015-2024-new.pdf,,fixture_text_capture,Infectious inflammatory issues with the stomach and intestines (A09),7,needs_review,calendar_year,1,,False
cod_infectious_inflammatory_issues_with_the_stomach_and_intestin,9.0,9.0,,none,South Dakota,2019,All,False,False,"Causes of Death, 2015-2024",3,count,excl_infant,cod_selected,2015-2024,,https://doh.sd.gov/media/iy5ld42w/cause-of-death-2015-2024-new.pdf,,fixture_text_capture,Infectious inflammatory issues with the stomach and intestines (A09),9,needs_review,calendar_year,1,,False
cod_infectious_inflammatory_issues_with_the_stomach_and_intestin,3.0,3.0,,none,South Dakota,2020,All,False,False,"Causes of Death, 2015-2024",3,count,excl_infant,cod_selected,2015-2024,,https://doh.sd.gov/media/iy5ld42w/cause-of-death-2015-2024-new.pdf,,fixture_text_capture,Infectious inflammatory issues with the stomach and intestines (A09),3,needs_review,calendar_year,1,,False
cod_infectious_inflammatory_issues_with_the_stomach_and_intestin,9.0,9.0,,none,South Dakota,2021,All,False,False,"Causes of Death, 2015-2024",3,count,excl_infant,cod_selected,2015-2024,,https://doh.sd.gov/media/iy5ld42w/cause-of-death-2015-2024-new.pdf,,fixture_text_capture,Infectious inflammatory issues with the stomach and intestines (A09),9,needs_review,calendar_year,1,,False
cod_infectious_inflammatory_issues_with_the_stomach_and_intestin,5.0,5.0,,none,South Dakota,2022,All,False,False,"Causes of Death, 2015-2024",3,count,excl_infant,cod_selected,2015-2024,,https://doh.sd.gov/media/iy5ld42w/cause-of-death-2015-2024-new.pdf,,fixture_text_capture,Infectious inflammatory issues with the stomach and intestines (A09),5,needs_review,calendar_year,1,,False
cod_infectious_inflammatory_issues_with_the_stomach_and_intestin,10.0,10.0,,none,South Dakota,2023,All,False,False,"Causes of Death, 2015-2024",3,count,excl_infant,cod_selected,2015-2024,,https://doh.sd.gov/media/iy5ld42w/cause-of-death-2015-2024-new.pdf,,fixture_text_capture,Infectious inflammatory issues with the stomach and intestines (A09),10,needs_review,calendar_year,1,,False
cod_infectious_inflammatory_issues_with_the_stomach_and_intestin,10.0,10.0,,none,South Dakota,2024,All,False,False,"Causes of Death, 2015-2024",3,count,excl_infant,cod_selected,2015-2024,,https://doh.sd.gov/media/iy5ld42w/cause-of-death-2015-2024-new.pdf,,fixture_text_capture,Infectious inflammatory issues with the stomach and intestines (A09),10,needs_review,calendar_year,1,,False
cod_influenza_and_pneumonia,178.0,178.0,,none,South Dakota,2014,All,False,False,"Causes of Death, 2014-2023",0,count,excl_infant,cod_selected,2014-2023,,https://doh.sd.gov/media/g0rf2ewb/sd-cause-of-death-2014-2023.pdf,,fixture_text_capture,Influenza and pneumonia (J09-J18),178,needs_review,calendar_year,1,,False
cod_influenza_and_pneumonia,1753.0,1753.0,,none,South Dakota,2014-2023,All,False,False,"Causes of Death, 2014-2023",0,count,excl_infant,cod_selected,2014-2023,,https://doh.sd.gov/media/g0rf2ewb/sd-cause-of-death-2014-2023.pdf,,fixture_text_capture,Influenza and pneumonia (J09-J18),"1,753",needs_review,multi_year_total,1,,False
cod_influenza_and_pneumonia,212.0,212.0,,none,South Dakota,2015,All,False,False,"Causes of Death, 2015-2024",1,count,excl_infant,cod_selected,2015-2024,,https://doh.sd.gov/media/iy5ld42w/cause-of-death-2015-2024-new.pdf,,fixture_text_capture,Influenza and pneumonia (J09-J18),212,needs_review,calendar_year,2,selected 1 of 2 source rows,False
cod_influenza_and_pneumonia,1734.0,1734.0,,none,South Dakota,2015-2024,All,False,False,"Causes of Death, 2015-2024",1,count,excl_infant,cod_selected,2015-2024,,https://doh.sd.gov/media/iy5ld42w/cause-of-death-2015-2024-new.pdf,,fixture_text_capture,Influenza and pneumonia (J09-J18),"1,734",needs_review,multi_year_total,1,,False
cod_influenza_and_pneumonia,195.0,195.0,,none,South Dakota,2016,All,False,False,"Causes of Death, 2015-2024",1,count,excl_infant,cod_selected,2015-2024,,https://doh.sd.gov/media/iy5ld42w/cause-of-death-2015-2024-new.pdf,,fixture_text_capture,Influenza and pneumonia (J09-J18),195,needs_review,calendar_year,2,selected 1 of 2 source rows,False
cod_influenza_and_pneumonia,215.0,215.0,,none,South Dakota,2017,All,False,False,"Causes of Death, 2015-2024",1,count,excl_infant,cod_selected,2015-2024,,https://doh.sd.gov/media/iy5ld42w/cause-of-death-2015-2024-new.pdf,,fixture_text_capture,Influenza and pneumonia (J09-J18),215,needs_review,calendar_year,2,selected 1 of 2 source rows,False
cod_influenza_and_pneumonia,245.0,245.0,,none,South Dakota,2018,All,False,False,"Causes of Death, 2015-2024",1,count,excl_infant,cod_selected,2015-2024,,https://doh.sd.gov/media/iy5ld42w/cause-of-death-2015-2024-new.pdf,,fixture_text_capture,Influenza and pneumonia (J09-J18),245,needs_review,calendar_year,2,selected 1 of 2 source rows,False
cod_influenza_and_pneumonia,188.0,188.0,,none,South Dakota,2019,All,False,False,"Causes of Death, 2015-2024",1,count,excl_infant,cod_selected,2015-2024,,https://doh.sd.gov/media/iy5ld42w/cause-of-death-2015-2024-new.pdf,,fixture_text_capture,Influenza and pneumonia (J09-J18),188,needs_review,calendar_year,2,selected 1 of 2 source rows,False
cod_influenza_and_pneumonia,142.0,142.0,,none,South Dakota,2020,All,False,False,"Causes of Death, 2015-2024",1,count,excl_infant,cod_selected,2015-2024,,https://doh.sd.gov/media/iy5ld42w/cause-of-death-2015-2024-new.pdf,,fixture_text_capture,Influenza and pneumonia (J09-J18),142,needs_review,calendar_year,2,selected 1 of 2 source rows,False
cod_influenza_and_pneumonia,121.0,121.0,,none,South Dakota,2021,All,False,False,"Causes of Death, 2015-2024",1,count,excl_infant,cod_selected,2015-2024,,https://doh.sd.gov/media/iy5ld42w/cause-of-death-2015-2024-new.pdf,,fixture_text_capture,Influenza and pneumonia (J09-J18),121,needs_review,calendar_year,2,selected 1 of 2 source rows,False
cod_influenza_and_pneumonia,127.0,127.0,,none,South Dakota,2022,All,False,False,"Causes of Death, 2015-2024",1,count,excl_infant,cod_selected,2015-2024,,https://doh.sd.gov/media/iy5ld42w/cause-of-death-2015-2024-new.pdf,,fixture_text_capture,Influenza and pneumonia (J09-J18),127,needs_review,calendar_year,2,selected 1 of 2 source rows,False
cod_influenza_and_pneumonia,130.0,130.0,,none,South Dakota,2023,All,False,False,"Causes of Death, 2015-2024",1,count,excl_infant,cod_selected,2015-2024,,https://doh.sd.gov/media/iy5ld42w/cause-of-death-2015-2024-new.pdf,,fixture_text_capture,Influenza and pneumonia (J09-J18),130,needs_review,calendar_year,2,selected 1 of 2 source rows,False
cod_influenza_and_pneumonia,159.0,159.0,,none,South Dakota,2024,All,False,False,"Causes of Death, 2015-2024",1,count,excl_infant,cod_selected,2015-2024,,https://doh.sd.gov/media/iy5ld42w/cause-of-death-2015-2024-new.pdf,,fixture_text_capture,Influenza and pneumonia (J09-J18),159,needs_review,calendar_year,1,,False
cod_interstitial_lung_disease,14.0,14.0,,none,South Dakota,2014,All,False,False,"Causes of Death, 2014-2023",0,count,excl_infant,cod_selected,2014-2023,,https://doh.sd.gov/media/g0rf2ewb/sd-cause-of-death-2014-2023.pdf,,fixture_text_capture,Interstitial lung disease (J84.9),14,needs_review,calendar_year,1,,False
cod_interstitial_lung_disease,191.0,191.0,,none,South Dakota,2014-2023,All,False,False,"Causes of Death, 2014-2023",0,count,excl_infant,cod_selected,2014-2023,,https://doh.sd.gov/media/g0rf2ewb/sd-cause-of-death-2014-2023.pdf,,fixture_text_capture,Interstitial lung disease (J84.9),191,needs_review,multi_year_total,1,,False
cod_interstitial_lung_disease,11.0,11.0,,none,South Dakota,2015,All,False,False,"Causes of Death, 2015-2024",2,count,excl_infant,cod_selected,2015-2024,,https://doh.sd.gov/media/iy5ld42w/cause-of-death-2015-2024-new.pdf,,fixture_text_capture,Interstitial lung disease (J84.9),11,needs_review,calendar_year,2,selected 1 of 2 source rows,False
cod_interstitial_lung_disease,197.0,197.0,,none,South Dakota,2015-2024,All,False,False,"Causes of Death, 2015-2024",2,count,excl_infant,cod_selected,2015-2024,,https://doh.sd.gov/media/iy5ld42w/cause-of-death-2015-2024-new.pdf,,fixture_text_capture,Interstitial lung disease (J84.9),197,needs_review,multi_year_total,1,,False
cod_interstitial_lung_disease,21.0,21.0,,none,South Dakota,2016,All,False,False,"Causes of Death, 2015-2024",2,count,excl_infant,cod_selected,2015-2024,,https://doh.sd.gov/media/iy5ld42w/cause-of-death-2015-2024-new.pdf,,fixture_text_capture,Interstitial lung disease (J84.9),21,needs_review,calendar_year,2,selected 1 of 2 source rows,False
cod_interstitial_lung_disease,23.0,23.0,,none,South Dakota,2017,All,False,False,"Causes of Death, 2015-2024",2,count,excl_infant,cod_selected,2015-2024,,https://doh.sd.gov/media/iy5ld42w/cause-of-death-2015-2024-new.pdf,,fixture_text_capture,Interstitial lung disease (J84.9),23,needs_review,calendar_year,2,selected 1 of 2 source rows,False
cod_interstitial_lung_disease,20.0,20.0,,none,South Dakota,2018,All,False,False,"Causes of Death, 2015-2024",2,count,excl_infant,cod_selected,2015-2024,,https://doh.sd.gov/media/iy5ld42w/cause-of-death-2015-2024-new.pdf,,fixture_text_capture,Interstitial lung disease (J84.9),20,needs_review,calendar_year,2,selected 1 of 2 source rows,False
cod_interstitial_lung_disease,18.0,18.0,,none,South Dakota,2019,All,False,False,"Causes of Death, 2015-2024",2,count,excl_infant,cod_selected,2015-2024,,https://doh.sd.gov/media/iy5ld42w/cause-of-death-2015-2024-new.pdf,,fixture_text_capture,Interstitial lung disease (J84.9),18,needs_review,calendar_year,2,selected 1 of 2 source rows,False
cod_interstitial_lung_disease,22.0,22.0,,none,South Dakota,2020,All,False,False,"Causes of Death, 2015-2024",2,count,excl_infant,cod_selected,2015-2024,,https://doh.sd.gov/media/iy5ld42w/cause-of-death-2015-2024-new.pdf,,fixture_text_capture,Interstitial lung disease (J84.9),22,needs_review,calendar_year,2,selected 1 of 2 source rows,False
cod_interstitial_lung_disease,14.0,14.0,,none,South Dakota,2021,All,False,False,"Causes of Death, 2015-2024",2,count,excl_infant,cod_selected,2015-2024,,https://doh.sd.gov/media/iy5ld42w/cause-of-death-2015-2024-new.pdf,,fixture_text_capture,Interstitial lung disease (J84.9),14,needs_review,calendar_year,2,selected 1 of 2 source rows,False
cod_interstitial_lung_disease,18.0,18.0,,none,South Dakota,2022,All,False,False,"Causes of Death, 2015-2024",2,count,excl_infant,cod_selected,2015-2024,,https://doh.sd.gov/media/iy5ld42w/cause-of-death-2015-2024-new.pdf,,fixture_text_capture,Interstitial lung disease (J84.9),18,needs_review,calendar_year,2,selected 1 of 2 source rows,False
cod_interstitial_lung_disease,30.0,30.0,,none,South Dakota,2023,All,False,False,"Causes of Death, 2015-2024",2,count,excl_infant,cod_selected,2015-2024,,https://doh.sd.gov/media/iy5ld42w/cause-of-death-2015-2024-new.pdf,,fixture_text_capture,Interstitial lung disease (J84.9),30,needs_review,calendar_year,2,selected 1 of 2 source rows,False
cod_interstitial_lung_disease,20.0,20.0,,none,South Dakota,2024,All,False,False,"Causes of Death, 2015-2024",2,count,excl_infant,cod_selected,2015-2024,,https://doh.sd.gov/media/iy5ld42w/cause-of-death-2015-2024-new.pdf,,fixture_text_capture,Interstitial lung disease (J84.9),20,needs_review,calendar_year,1,,False
cod_kidney_disease,72.0,72.0,,none,South Dakota,2014,All,False,False,"Causes of Death, 2014-2023",0,count,excl_infant,cod_selected,2014-2023,,https://doh.sd.gov/media/g0rf2ewb/sd-cause-of-death-2014-2023.pdf,,fixture_text_capture,"Kidney disease (N00-N07, N17-N19, N25-N27)",72,needs_review,calendar_year,1,,False
cod_kidney_disease,794.0,794.0,,none,South Dakota,2014-2023,All,False,False,"Causes of Death, 2014-2023",0,count,excl_infant,cod_selected,2014-2023,,https://doh.sd.gov/media/g0rf2ewb/sd-cause-of-death-2014-2023.pdf,,fixture_text_capture,"Kidney disease (N00-N07, N17-N19, N25-N27)",794,needs_review,multi_year_total,1,,False
cod_kidney_disease,79.0,79.0,,none,South Dakota,2015,All,False,False,"Causes of Death, 2015-2024",1,count,excl_infant,cod_selected,2015-2024,,https://doh.sd.gov/media/iy5ld42w/cause-of-death-2015-2024-new.pdf,,fixture_text_capture,"Kidney disease (N00-N07, N17-N19, N25-N27)",79,needs_review,calendar_year,2,selected 1 of 2 source rows,False
cod_kidney_disease,814.0,814.0,,none,South Dakota,2015-2024,All,False,False,"Causes of Death, 2015-2024",1,count,excl_infant,cod_selected,2015-2024,,https://doh.sd.gov/media/iy5ld42w/cause-of-death-2015-2024-new.pdf,,fixture_text_capture,"Kidney disease (N00-N07, N17-N19, N25-N27)",814,needs_review,multi_year_total,1,,False
cod_kidney_disease,92.0,92.0,,none,South Dakota,2016,All,False,False,"Causes of Death, 2015-2024",1,count,excl_infant,cod_selected,2015-2024,,https://doh.sd.gov/media/iy5ld42w/cause-of-death-2015-2024-new.pdf,,fixture_text_capture,"Kidney disease (N00-N07, N17-N19, N25-N27)",92,needs_review,calendar_year,2,selected 1 of 2 source rows,False
cod_kidney_disease,75.0,75.0,,none,South Dakota,2017,All,False,False,"Causes of Death, 2015-2024",1,count,excl_infant,cod_selected,2015-2024,,https://doh.sd.gov/media/iy5ld42w/cause-of-death-2015-2024-new.pdf,,fixture_text_capture,"Kidney disease (N00-N07, N17-N19, N25-N27)",75,needs_review,calendar_year,2,selected 1 of 2 source rows,False
cod_kidney_disease,71.0,71.0,,none,South Dakota,2018,All,False,False,"Causes of Death, 2015-2024",1,count,excl_infant,cod_selected,2015-2024,,https://doh.sd.gov/media/iy5ld42w/cause-of-death-2015-2024-new.pdf,,fixture_text_capture,"Kidney disease (N00-N07, N17-N19, N25-N27)",71,needs_review,calendar_year,2,selected 1 of 2 source rows,False
cod_kidney_disease,72.0,72.0,,none,South Dakota,2019,All,False,False,"Causes of Death, 2015-2024",1,count,excl_infant,cod_selected,2015-2024,,https://doh.sd.gov/media/iy5ld42w/cause-of-death-2015-2024-new.pdf,,fixture_text_capture,"Kidney disease (N00-N07, N17-N19, N25-N27)",72,needs_review,calendar_year,2,selected 1 of 2 source rows,False
cod_kidney_disease,66.0,66.0,,none,South Dakota,2020,All,False,False,"Causes of Death, 2015-2024",1,count,excl_infant,cod_selected,2015-2024,,https://doh.sd.gov/media/iy5ld42w/cause-of-death-2015-2024-new.pdf,,fixture_text_capture,"Kidney disease (N00-N07, N17-N19, N25-N27)",66,needs_review,calendar_year,2,selected 1 of 2 source rows,False
cod_kidney_disease,86.0,86.0,,none,South Dakota,2021,All,False,False,"Causes of Death, 2015-2024",1,count,excl_infant,cod_selected,2015-2024,,https://doh.sd.gov/media/iy5ld42w/cause-of-death-2015-2024-new.pdf,,fixture_text_capture,"Kidney disease (N00-N07, N17-N19, N25-N27)",86,needs_review,calendar_year,2,selected 1 of 2 source rows,False
cod_kidney_disease,79.0,79.0,,none,South Dakota,2022,All,False,False,"Causes of Death, 2015-2024",1,count,excl_infant,cod_selected,2015-2024,,https://doh.sd.gov/media/iy5ld42w/cause-of-death-2015-2024-new.pdf,,fixture_text_capture,"Kidney disease (N00-N07, N17-N19, N25-N27)",79,needs_review,calendar_year,2,selected 1 of 2 source rows,False
cod_kidney_disease,102.0,102.0,,none,South Dakota,2023,All,False,False,"Causes of Death, 2015-2024",1,count,excl_infant,cod_selected,2015-2024,,https://doh.sd.gov/media/iy5ld42w/cause-of-death-2015-2024-new.pdf,,fixture_text_capture,"Kidney disease (N00-N07, N17-N19, N25-N27)",102,needs_review,calendar_year,2,selected 1 of 2 source rows,False
cod_kidney_disease,92.0,92.0,,none,South Dakota,2024,All,False,False,"Causes of Death, 2015-2024",1,count,excl_infant,cod_selected,2015-2024,,https://doh.sd.gov/media/iy5ld42w/cause-of-death-2015-2024-new.pdf,,fixture_text_capture,"Kidney disease (N00-N07, N17-N19, N25-N27)",92,needs_review,calendar_year,1,,False
cod_kidney_infection,1.0,1.0,,none,South Dakota,2014,All,False,False,"Causes of Death, 2014-2023",0,count,excl_infant,cod_selected,2014-2023,,https://doh.sd.gov/media/g0rf2ewb/sd-cause-of-death-2014-2023.pdf,,fixture_text_capture,"Kidney infection (N10-N12, N13.6, N15.1)",1,needs_review,calendar_year,1,,False
cod_kidney_infection,52.0,52.0,,none,South Dakota,2014-2023,All,False,False,"Causes of Death, 2014-2023",0,count,excl_infant,cod_selected,2014-2023,,https://doh.sd.gov/media/g0rf2ewb/sd-cause-of-death-2014-2023.pdf,,fixture_text_capture,"Kidney infection (N10-N12, N13.6, N15.1)",52,needs_review,multi_year_total,1,,False
cod_kidney_infection,3.0,3.0,,none,South Dakota,2015,All,False,False,"Causes of Death, 2015-2024",4,count,excl_infant,cod_selected,2015-2024,,https://doh.sd.gov/media/iy5ld42w/cause-of-death-2015-2024-new.pdf,,fixture_text_capture,"Kidney infection (N10-N12, N13.6, N15.1)",3,needs_review,calendar_year,2,selected 1 of 2 source rows,False
cod_kidney_infection,52.0,52.0,,none,South Dakota,2015-2024,All,False,False,"Causes of Death, 2015-2024",4,count,excl_infant,cod_selected,2015-2024,,https://doh.sd.gov/media/iy5ld42w/cause-of-death-2015-2024-new.pdf,,fixture_text_capture,"Kidney infection (N10-N12, N13.6, N15.1)",52,needs_review,multi_year_total,1,,False
cod_kidney_infection,2.0,2.0,,none,South Dakota,2016,All,False,False,"Causes of Death, 2015-2024",4,count,excl_infant,cod_selected,2015-2024,,https://doh.sd.gov/media/iy5ld42w/cause-of-death-2015-2024-new.pdf,,fixture_text_capture,"Kidney infection (N10-N12, N13.6, N15.1)",2,needs_review,calendar_year,2,selected 1 of 2 source rows,False
cod_kidney_infection,4.0,4.0,,none,South Dakota,2017,All,False,False,"Causes of Death, 2015-2024",4,count,excl_infant,cod_selected,2015-2024,,https://doh.sd.gov/media/iy5ld42w/cause-of-death-2015-2024-new.pdf,,fixture_text_capture,"Kidney infection (N10-N12, N13.6, N15.1)",4,needs_review,calendar_year,2,selected 1 of 2 source rows,False
cod_kidney_infection,8.0,8.0,,none,South Dakota,2018,All,False,False,"Causes of Death, 2015-2024",4,count,excl_infant,cod_selected,2015-2024,,https://doh.sd.gov/media/iy5ld42w/cause-of-death-2015-2024-new.pdf,,fixture_text_capture,"Kidney infection (N10-N12, N13.6, N15.1)",8,needs_review,calendar_year,2,selected 1 of 2 source rows,False
cod_kidney_infection,5.0,5.0,,none,South Dakota,2019,All,False,False,"Causes of Death, 2015-2024",4,count,excl_infant,cod_selected,2015-2024,,https://doh.sd.gov/media/iy5ld42w/cause-of-death-2015-2024-new.pdf,,fixture_text_capture,"Kidney infection (N10-N12, N13.6, N15.1)",5,needs_review,calendar_year,2,selected 1 of 2 source rows,False
cod_kidney_infection,3.0,3.0,,none,South Dakota,2020,All,False,False,"Causes of Death, 2015-2024",4,count,excl_infant,cod_selected,2015-2024,,https://doh.sd.gov/media/iy5ld42w/cause-of-death-2015-2024-new.pdf,,fixture_text_capture,"Kidney infection (N10-N12, N13.6, N15.1)",3,needs_review,calendar_year,2,selected 1 of 2 source rows,False
cod_kidney_infection,5.0,5.0,,none,South Dakota,2021,All,False,False,"Causes of Death, 2015-2024",4,count,excl_infant,cod_selected,2015-2024,,https://doh.sd.gov/media/iy5ld42w/cause-of-death-2015-2024-new.pdf,,fixture_text_capture,"Kidney infection (N10-N12, N13.6, N15.1)",5,needs_review,calendar_year,2,selected 1 of 2 source rows,False
cod_kidney_infection,10.0,10.0,,none,South Dakota,2022,All,False,False,"Causes of Death, 2015-2024",4,count,excl_infant,cod_selected,2015-2024,,https://doh.sd.gov/media/iy5ld42w/cause-of-death-2015-2024-new.pdf,,fixture_text_capture,"Kidney infection (N10-N12, N13.6, N15.1)",10,needs_review,calendar_year,2,selected 1 of 2 source rows,False
cod_kidney_infection,11.0,11.0,,none,South Dakota,2023,All,False,False,"Causes of Death, 2015-2024",4,count,excl_infant,cod_selected,2015-2024,,https://doh.sd.gov/media/iy5ld42w/cause-of-death-2015-2024-new.pdf,,fixture_text_capture,"Kidney infection (N10-N12, N13.6, N15.1)",11,needs_review,calendar_year,2,selected 1 of 2 source rows,False
cod_kidney_infection,1.0,1.0,,none,South Dakota,2024,All,False,False,"Causes of Death, 2015-2024",4,count,excl_infant,cod_selected,2015-2024,,https://doh.sd.gov/media/iy5ld42w/cause-of-death-2015-2024-new.pdf,,fixture_text_capture,"Kidney infection (N10-N12, N13.6, N15.1)",1,needs_review,calendar_year,1,,False
cod_kidney_stones,2.0,2.0,,none,South Dakota,2014,All,False,False,"Causes of Death, 2014-2023",0,count,excl_infant,cod_selected,2014-2023,,https://doh.sd.gov/media/g0rf2ewb/sd-cause-of-death-2014-2023.pdf,,fixture_text_capture,Kidney stones (N20-N23),2,needs_review,calendar_year,1,,False
cod_kidney_stones,30.0,30.0,,none,South Dakota,2014-2023,All,False,False,"Causes of Death, 2014-2023",0,count,excl_infant,cod_selected,2014-2023,,https://doh.sd.gov/media/g0rf2ewb/sd-cause-of-death-2014-2023.pdf,,fixture_text_capture,Kidney stones (N20-N23),30,needs_review,multi_year_total,1,,False
cod_kidney_stones,0.0,0.0,,none,South Dakota,2015,All,False,False,"Causes of Death, 2015-2024",4,count,excl_infant,cod_selected,2015-2024,,https://doh.sd.gov/media/iy5ld42w/cause-of-death-2015-2024-new.pdf,,fixture_text_capture,Kidney stones (N20-N23),0,needs_review,calendar_year,2,selected 1 of 2 source rows,False
cod_kidney_stones,30.0,30.0,,none,South Dakota,2015-2024,All,False,False,"Causes of Death, 2015-2024",4,count,excl_infant,cod_selected,2015-2024,,https://doh.sd.gov/media/iy5ld42w/cause-of-death-2015-2024-new.pdf,,fixture_text_capture,Kidney stones (N20-N23),30,needs_review,multi_year_total,1,,False
cod_kidney_stones,2.0,2.0,,none,South Dakota,2016,All,False,False,"Causes of Death, 2015-2024",4,count,excl_infant,cod_selected,2015-2024,,https://doh.sd.gov/media/iy5ld42w/cause-of-death-2015-2024-new.pdf,,fixture_text_capture,Kidney stones (N20-N23),2,needs_review,calendar_year,2,selected 1 of 2 source rows,False
cod_kidney_stones,1.0,1.0,,none,South Dakota,2017,All,False,False,"Causes of Death, 2015-2024",4,count,excl_infant,cod_selected,2015-2024,,https://doh.sd.gov/media/iy5ld42w/cause-of-death-2015-2024-new.pdf,,fixture_text_capture,Kidney stones (N20-N23),1,needs_review,calendar_year,2,selected 1 of 2 source rows,False
cod_kidney_stones,2.0,2.0,,none,South Dakota,2018,All,False,False,"Causes of Death, 2015-2024",4,count,excl_infant,cod_selected,2015-2024,,https://doh.sd.gov/media/iy5ld42w/cause-of-death-2015-2024-new.pdf,,fixture_text_capture,Kidney stones (N20-N23),2,needs_review,calendar_year,2,selected 1 of 2 source rows,False
cod_kidney_stones,2.0,2.0,,none,South Dakota,2019,All,False,False,"Causes of Death, 2015-2024",4,count,excl_infant,cod_selected,2015-2024,,https://doh.sd.gov/media/iy5ld42w/cause-of-death-2015-2024-new.pdf,,fixture_text_capture,Kidney stones (N20-N23),2,needs_review,calendar_year,2,selected 1 of 2 source rows,False
cod_kidney_stones,6.0,6.0,,none,South Dakota,2020,All,False,False,"Causes of Death, 2015-2024",4,count,excl_infant,cod_selected,2015-2024,,https://doh.sd.gov/media/iy5ld42w/cause-of-death-2015-2024-new.pdf,,fixture_text_capture,Kidney stones (N20-N23),6,needs_review,calendar_year,2,selected 1 of 2 source rows,False
cod_kidney_stones,4.0,4.0,,none,South Dakota,2021,All,False,False,"Causes of Death, 2015-2024",4,count,excl_infant,cod_selected,2015-2024,,https://doh.sd.gov/media/iy5ld42w/cause-of-death-2015-2024-new.pdf,,fixture_text_capture,Kidney stones (N20-N23),4,needs_review,calendar_year,2,selected 1 of 2 source rows,False
cod_kidney_stones,7.0,7.0,,none,South Dakota,2022,All,False,False,"Causes of Death, 2015-2024",4,count,excl_infant,cod_selected,2015-2024,,https://doh.sd.gov/media/iy5ld42w/cause-of-death-2015-2024-new.pdf,,fixture_text_capture,Kidney stones (N20-N23),7,needs_review,calendar_year,2,selected 1 of 2 source rows,False
cod_kidney_stones,4.0,4.0,,none,South Dakota,2023,All,False,False,"Causes of Death, 2015-2024",4,count,excl_infant,cod_selected,2015-2024,,https://doh.sd.gov/media/iy5ld42w/cause-of-death-2015-2024-new.pdf,,fixture_text_capture,Kidney stones (N20-N23),4,needs_review,calendar_year,2,selected 1 of 2 source rows,False
cod_kidney_stones,2.0,2.0,,none,South Dakota,2024,All,False,False,"Causes of Death, 2015-2024",4,count,excl_infant,cod_selected,2015-2024,,https://doh.sd.gov/media/iy5ld42w/cause-of-death-2015-2024-new.pdf,,fixture_text_capture,Kidney stones (N20-N23),2,needs_review,calendar_year,1,,False
cod_legal_intervention,3.0,3.0,,none,South Dakota,2014,All,False,False,"Causes of Death, 2014-2023",0,count,excl_infant,cod_selected,2014-2023,,https://doh.sd.gov/media/g0rf2ewb/sd-cause-of-death-2014-2023.pdf,,fixture_text_capture,"Legal intervention (Y35, Y89.0)",3,needs_review,calendar_year,1,,False
cod_legal_intervention,38.0,38.0,,none,South Dakota,2014-2023,All,False,False,"Causes of Death, 2014-2023",0,count,excl_infant,cod_selected,2014-2023,,https://doh.sd.gov/media/g0rf2ewb/sd-cause-of-death-2014-2023.pdf,,fixture_text_capture,"Legal intervention (Y35, Y89.0)",38,needs_review,multi_year_total,1,,False
cod_legal_intervention,2.0,2.0,,none,South Dakota,2015,All,False,False,"Causes of Death, 2015-2024",4,count,excl_infant,cod_selected,2015-2024,,https://doh.sd.gov/media/iy5ld42w/cause-of-death-2015-2024-new.pdf,,fixture_text_capture,"Legal intervention (Y35, Y89.0)",2,needs_review,calendar_year,2,selected 1 of 2 source rows,False
cod_legal_intervention,39.0,39.0,,none,South Dakota,2015-2024,All,False,False,"Causes of Death, 2015-2024",4,count,excl_infant,cod_selected,2015-2024,,https://doh.sd.gov/media/iy5ld42w/cause-of-death-2015-2024-new.pdf,,fixture_text_capture,"Legal intervention (Y35, Y89.0)",39,needs_review,multi_year_total,1,,False
cod_legal_intervention,5.0,5.0,,none,South Dakota,2016,All,False,False,"Causes of Death, 2015-2024",4,count,excl_infant,cod_selected,2015-2024,,https://doh.sd.gov/media/iy5ld42w/cause-of-death-2015-2024-new.pdf,,fixture_text_capture,"Legal intervention (Y35, Y89.0)",5,needs_review,calendar_year,2,selected 1 of 2 source rows,False
cod_legal_intervention,4.0,4.0,,none,South Dakota,2017,All,False,False,"Causes of Death, 2015-2024",4,count,excl_infant,cod_selected,2015-2024,,https://doh.sd.gov/media/iy5ld42w/cause-of-death-2015-2024-new.pdf,,fixture_text_capture,"Legal intervention (Y35, Y89.0)",4,needs_review,calendar_year,2,selected 1 of 2 source rows,False
cod_legal_intervention,4.0,4.0,,none,South Dakota,2018,All,False,False,"Causes of Death, 2015-2024",4,count,excl_infant,cod_selected,2015-2024,,https://doh.sd.gov/media/iy5ld42w/cause-of-death-2015-2024-new.pdf,,fixture_text_capture,"Legal intervention (Y35, Y89.0)",4,needs_review,calendar_year,2,selected 1 of 2 source rows,False
cod_legal_intervention,3.0,3.0,,none,South Dakota,2019,All,False,False,"Causes of Death, 2015-2024",4,count,excl_infant,cod_selected,2015-2024,,https://doh.sd.gov/media/iy5ld42w/cause-of-death-2015-2024-new.pdf,,fixture_text_capture,"Legal intervention (Y35, Y89.0)",3,needs_review,calendar_year,2,selected 1 of 2 source rows,False
cod_legal_intervention,2.0,2.0,,none,South Dakota,2020,All,False,False,"Causes of Death, 2015-2024",4,count,excl_infant,cod_selected,2015-2024,,https://doh.sd.gov/media/iy5ld42w/cause-of-death-2015-2024-new.pdf,,fixture_text_capture,"Legal intervention (Y35, Y89.0)",2,needs_review,calendar_year,2,selected 1 of 2 source rows,False
cod_legal_intervention,4.0,4.0,,none,South Dakota,2021,All,False,False,"Causes of Death, 2015-2024",4,count,excl_infant,cod_selected,2015-2024,,https://doh.sd.gov/media/iy5ld42w/cause-of-death-2015-2024-new.pdf,,fixture_text_capture,"Legal intervention (Y35, Y89.0)",4,needs_review,calendar_year,2,selected 1 of 2 source rows,False
cod_legal_intervention,7.0,7.0,,none,South Dakota,2022,All,False,False,"Causes of Death, 2015-2024",4,count,excl_infant,cod_selected,2015-2024,,https://doh.sd.gov/media/iy5ld42w/cause-of-death-2015-2024-new.pdf,,fixture_text_capture,"Legal intervention (Y35, Y89.0)",7,needs_review,calendar_year,2,selected 1 of 2 source rows,False
cod_legal_intervention,4.0,4.0,,none,South Dakota,2023,All,False,False,"Causes of Death, 2015-2024",4,count,excl_infant,cod_selected,2015-2024,,https://doh.sd.gov/media/iy5ld42w/cause-of-death-2015-2024-new.pdf,,fixture_text_capture,"Legal intervention (Y35, Y89.0)",4,needs_review,calendar_year,2,selected 1 of 2 source rows,False
cod_legal_intervention,4.0,4.0,,none,South Dakota,2024,All,False,False,"Causes of Death, 2015-2024",4,count,excl_infant,cod_selected,2015-2024,,https://doh.sd.gov/media/iy5ld42w/cause-of-death-2015-2024-new.pdf,,fixture_text_capture,"Legal intervention (Y35, Y89.0)",4,needs_review,calendar_year,1,,False
cod_lewy_body_dementia,13.0,13.0,,none,South Dakota,2014,All,False,False,"Causes of Death, 2014-2023",0,count,excl_infant,cod_selected,2014-2023,,https://doh.sd.gov/media/g0rf2ewb/sd-cause-of-death-2014-2023.pdf,,fixture_text_capture,Lewy Body Dementia (G31.8),13,needs_review,calendar_year,1,,False
cod_lewy_body_dementia,249.0,249.0,,none,South Dakota,2014-2023,All,False,False,"Causes of Death, 2014-2023",0,count,excl_infant,cod_selected,2014-2023,,https://doh.sd.gov/media/g0rf2ewb/sd-cause-of-death-2014-2023.pdf,,fixture_text_capture,Lewy Body Dementia (G31.8),249,needs_review,multi_year_total,1,,False
cod_lewy_body_dementia,19.0,19.0,,none,South Dakota,2015,All,False,False,"Causes of Death, 2015-2024",2,count,excl_infant,cod_selected,2015-2024,,https://doh.sd.gov/media/iy5ld42w/cause-of-death-2015-2024-new.pdf,,fixture_text_capture,Lewy Body Dementia (G31.8),19,needs_review,calendar_year,2,selected 1 of 2 source rows,False
cod_lewy_body_dementia,267.0,267.0,,none,South Dakota,2015-2024,All,False,False,"Causes of Death, 2015-2024",2,count,excl_infant,cod_selected,2015-2024,,https://doh.sd.gov/media/iy5ld42w/cause-of-death-2015-2024-new.pdf,,fixture_text_capture,Lewy Body Dementia (G31.8),267,needs_review,multi_year_total,1,,False
cod_lewy_body_dementia,27.0,27.0,,none,South Dakota,2016,All,False,False,"Causes of Death, 2015-2024",2,count,excl_infant,cod_selected,2015-2024,,https://doh.sd.gov/media/iy5ld42w/cause-of-death-2015-2024-new.pdf,,fixture_text_capture,Lewy Body Dementia (G31.8),27,needs_review,calendar_year,2,selected 1 of 2 source rows,False
cod_lewy_body_dementia,21.0,21.0,,none,South Dakota,2017,All,False,False,"Causes of Death, 2015-2024",2,count,excl_infant,cod_selected,2015-2024,,https://doh.sd.gov/media/iy5ld42w/cause-of-death-2015-2024-new.pdf,,fixture_text_capture,Lewy Body Dementia (G31.8),21,needs_review,calendar_year,2,selected 1 of 2 source rows,False
cod_lewy_body_dementia,34.0,34.0,,none,South Dakota,2018,All,False,False,"Causes of Death, 2015-2024",2,count,excl_infant,cod_selected,2015-2024,,https://doh.sd.gov/media/iy5ld42w/cause-of-death-2015-2024-new.pdf,,fixture_text_capture,Lewy Body Dementia (G31.8),34,needs_review,calendar_year,2,selected 1 of 2 source rows,False
cod_lewy_body_dementia,23.0,23.0,,none,South Dakota,2019,All,False,False,"Causes of Death, 2015-2024",2,count,excl_infant,cod_selected,2015-2024,,https://doh.sd.gov/media/iy5ld42w/cause-of-death-2015-2024-new.pdf,,fixture_text_capture,Lewy Body Dementia (G31.8),23,needs_review,calendar_year,2,selected 1 of 2 source rows,False
cod_lewy_body_dementia,25.0,25.0,,none,South Dakota,2020,All,False,False,"Causes of Death, 2015-2024",2,count,excl_infant,cod_selected,2015-2024,,https://doh.sd.gov/media/iy5ld42w/cause-of-death-2015-2024-new.pdf,,fixture_text_capture,Lewy Body Dementia (G31.8),25,needs_review,calendar_year,2,selected 1 of 2 source rows,False
cod_lewy_body_dementia,23.0,23.0,,none,South Dakota,2021,All,False,False,"Causes of Death, 2015-2024",2,count,excl_infant,cod_selected,2015-2024,,https://doh.sd.gov/media/iy5ld42w/cause-of-death-2015-2024-new.pdf,,fixture_text_capture,Lewy Body Dementia (G31.8),23,needs_review,calendar_year,2,selected 1 of 2 source rows,False
cod_lewy_body_dementia,33.0,33.0,,none,South Dakota,2022,All,False,False,"Causes of Death, 2015-2024",2,count,excl_infant,cod_selected,2015-2024,,https://doh.sd.gov/media/iy5ld42w/cause-of-death-2015-2024-new.pdf,,fixture_text_capture,Lewy Body Dementia (G31.8),33,needs_review,calendar_year,2,selected 1 of 2 source rows,False
cod_lewy_body_dementia,31.0,31.0,,none,South Dakota,2023,All,False,False,"Causes of Death, 2015-2024",2,count,excl_infant,cod_selected,2015-2024,,https://doh.sd.gov/media/iy5ld42w/cause-of-death-2015-2024-new.pdf,,fixture_text_capture,Lewy Body Dementia (G31.8),31,needs_review,calendar_year,2,selected 1 of 2 source rows,False
cod_lewy_body_dementia,31.0,31.0,,none,South Dakota,2024,All,False,False,"Causes of Death, 2015-2024",2,count,excl_infant,cod_selected,2015-2024,,https://doh.sd.gov/media/iy5ld42w/cause-of-death-2015-2024-new.pdf,,fixture_text_capture,Lewy Body Dementia (G31.8),31,needs_review,calendar_year,1,,False
cod_liver_disease_unspecified_type,7.0,7.0,,none,South Dakota,2014,All,False,False,"Causes of Death, 2014-2023",0,count,excl_infant,cod_selected,2014-2023,,https://doh.sd.gov/media/g0rf2ewb/sd-cause-of-death-2014-2023.pdf,,fixture_text_capture,"Liver disease, unspecified type (K76.9)",7,needs_review,calendar_year,1,,False
cod_liver_disease_unspecified_type,91.0,91.0,,none,South Dakota,2014-2023,All,False,False,"Causes of Death, 2014-2023",0,count,excl_infant,cod_selected,2014-2023,,https://doh.sd.gov/media/g0rf2ewb/sd-cause-of-death-2014-2023.pdf,,fixture_text_capture,"Liver disease, unspecified type (K76.9)",91,needs_review,multi_year_total,1,,False
cod_liver_disease_unspecified_type,11.0,11.0,,none,South Dakota,2015,All,False,False,"Causes of Death, 2015-2024",3,count,excl_infant,cod_selected,2015-2024,,https://doh.sd.gov/media/iy5ld42w/cause-of-death-2015-2024-new.pdf,,fixture_text_capture,"Liver disease, unspecified type (K76.9)",11,needs_review,calendar_year,2,selected 1 of 2 source rows,False
cod_liver_disease_unspecified_type,90.0,90.0,,none,South Dakota,2015-2024,All,False,False,"Causes of Death, 2015-2024",3,count,excl_infant,cod_selected,2015-2024,,https://doh.sd.gov/media/iy5ld42w/cause-of-death-2015-2024-new.pdf,,fixture_text_capture,"Liver disease, unspecified type (K76.9)",90,needs_review,multi_year_total,1,,False
cod_liver_disease_unspecified_type,17.0,17.0,,none,South Dakota,2016,All,False,False,"Causes of Death, 2015-2024",3,count,excl_infant,cod_selected,2015-2024,,https://doh.sd.gov/media/iy5ld42w/cause-of-death-2015-2024-new.pdf,,fixture_text_capture,"Liver disease, unspecified type (K76.9)",17,needs_review,calendar_year,2,selected 1 of 2 source rows,False
cod_liver_disease_unspecified_type,9.0,9.0,,none,South Dakota,2017,All,False,False,"Causes of Death, 2015-2024",3,count,excl_infant,cod_selected,2015-2024,,https://doh.sd.gov/media/iy5ld42w/cause-of-death-2015-2024-new.pdf,,fixture_text_capture,"Liver disease, unspecified type (K76.9)",9,needs_review,calendar_year,2,selected 1 of 2 source rows,False
cod_liver_disease_unspecified_type,7.0,7.0,,none,South Dakota,2018,All,False,False,"Causes of Death, 2015-2024",3,count,excl_infant,cod_selected,2015-2024,,https://doh.sd.gov/media/iy5ld42w/cause-of-death-2015-2024-new.pdf,,fixture_text_capture,"Liver disease, unspecified type (K76.9)",7,needs_review,calendar_year,2,selected 1 of 2 source rows,False
cod_liver_disease_unspecified_type,9.0,9.0,,none,South Dakota,2019,All,False,False,"Causes of Death, 2015-2024",3,count,excl_infant,cod_selected,2015-2024,,https://doh.sd.gov/media/iy5ld42w/cause-of-death-2015-2024-new.pdf,,fixture_text_capture,"Liver disease, unspecified type (K76.9)",9,needs_review,calendar_year,2,selected 1 of 2 source rows,False
cod_liver_disease_unspecified_type,7.0,7.0,,none,South Dakota,2020,All,False,False,"Causes of Death, 2015-2024",3,count,excl_infant,cod_selected,2015-2024,,https://doh.sd.gov/media/iy5ld42w/cause-of-death-2015-2024-new.pdf,,fixture_text_capture,"Liver disease, unspecified type (K76.9)",7,needs_review,calendar_year,2,selected 1 of 2 source rows,False
cod_liver_disease_unspecified_type,7.0,7.0,,none,South Dakota,2021,All,False,False,"Causes of Death, 2015-2024",3,count,excl_infant,cod_selected,2015-2024,,https://doh.sd.gov/media/iy5ld42w/cause-of-death-2015-2024-new.pdf,,fixture_text_capture,"Liver disease, unspecified type (K76.9)",7,needs_review,calendar_year,2,selected 1 of 2 source rows,False
cod_liver_disease_unspecified_type,7.0,7.0,,none,South Dakota,2022,All,False,False,"Causes of Death, 2015-2024",3,count,excl_infant,cod_selected,2015-2024,,https://doh.sd.gov/media/iy5ld42w/cause-of-death-2015-2024-new.pdf,,fixture_text_capture,"Liver disease, unspecified type (K76.9)",7,needs_review,calendar_year,2,selected 1 of 2 source rows,False
cod_liver_disease_unspecified_type,10.0,10.0,,none,South Dakota,2023,All,False,False,"Causes of Death, 2015-2024",3,count,excl_infant,cod_selected,2015-2024,,https://doh.sd.gov/media/iy5ld42w/cause-of-death-2015-2024-new.pdf,,fixture_text_capture,"Liver disease, unspecified type (K76.9)",10,needs_review,calendar_year,2,selected 1 of 2 source rows,False
cod_liver_disease_unspecified_type,6.0,6.0,,none,South Dakota,2024,All,False,False,"Causes of Death, 2015-2024",3,count,excl_infant,cod_selected,2015-2024,,https://doh.sd.gov/media/iy5ld42w/cause-of-death-2015-2024-new.pdf,,fixture_text_capture,"Liver disease, unspecified type (K76.9)",6,needs_review,calendar_year,1,,False
cod_liver_failure,6.0,6.0,,none,South Dakota,2014,All,False,False,"Causes of Death, 2014-2023",0,count,excl_infant,cod_selected,2014-2023,,https://doh.sd.gov/media/g0rf2ewb/sd-cause-of-death-2014-2023.pdf,,fixture_text_capture,Liver failure (K72),6,needs_review,calendar_year,1,,False
cod_liver_failure,67.0,67.0,,none,South Dakota,2014-2023,All,False,False,"Causes of Death, 2014-2023",0,count,excl_infant,cod_selected,2014-2023,,https://doh.sd.gov/media/g0rf2ewb/sd-cause-of-death-2014-2023.pdf,,fixture_text_capture,Liver failure (K72),67,needs_review,multi_year_total,1,,False
cod_liver_failure,6.0,6.0,,none,South Dakota,2015,All,False,False,"Causes of Death, 2015-2024",3,count,excl_infant,cod_selected,2015-2024,,https://doh.sd.gov/media/iy5ld42w/cause-of-death-2015-2024-new.pdf,,fixture_text_capture,Liver failure (K72),6,needs_review,calendar_year,2,selected 1 of 2 source rows,False
cod_liver_failure,67.0,67.0,,none,South Dakota,2015-2024,All,False,False,"Causes of Death, 2015-2024",3,count,excl_infant,cod_selected,2015-2024,,https://doh.sd.gov/media/iy5ld42w/cause-of-death-2015-2024-new.pdf,,fixture_text_capture,Liver failure (K72),67,needs_review,multi_year_total,1,,False
cod_liver_failure,5.0,5.0,,none,South Dakota,2016,All,False,False,"Causes of Death, 2015-2024",3,count,excl_infant,cod_selected,2015-2024,,https://doh.sd.gov/media/iy5ld42w/cause-of-death-2015-2024-new.pdf,,fixture_text_capture,Liver failure (K72),5,needs_review,calendar_year,2,selected 1 of 2 source rows,False
cod_liver_failure,3.0,3.0,,none,South Dakota,2017,All,False,False,"Causes of Death, 2015-2024",3,count,excl_infant,cod_selected,2015-2024,,https://doh.sd.gov/media/iy5ld42w/cause-of-death-2015-2024-new.pdf,,fixture_text_capture,Liver failure (K72),3,needs_review,calendar_year,2,selected 1 of 2 source rows,False
cod_liver_failure,7.0,7.0,,none,South Dakota,2018,All,False,False,"Causes of Death, 2015-2024",3,count,excl_infant,cod_selected,2015-2024,,https://doh.sd.gov/media/iy5ld42w/cause-of-death-2015-2024-new.pdf,,fixture_text_capture,Liver failure (K72),7,needs_review,calendar_year,2,selected 1 of 2 source rows,False
cod_liver_failure,6.0,6.0,,none,South Dakota,2019,All,False,False,"Causes of Death, 2015-2024",3,count,excl_infant,cod_selected,2015-2024,,https://doh.sd.gov/media/iy5ld42w/cause-of-death-2015-2024-new.pdf,,fixture_text_capture,Liver failure (K72),6,needs_review,calendar_year,2,selected 1 of 2 source rows,False
cod_liver_failure,6.0,6.0,,none,South Dakota,2020,All,False,False,"Causes of Death, 2015-2024",3,count,excl_infant,cod_selected,2015-2024,,https://doh.sd.gov/media/iy5ld42w/cause-of-death-2015-2024-new.pdf,,fixture_text_capture,Liver failure (K72),6,needs_review,calendar_year,2,selected 1 of 2 source rows,False
cod_liver_failure,11.0,11.0,,none,South Dakota,2021,All,False,False,"Causes of Death, 2015-2024",3,count,excl_infant,cod_selected,2015-2024,,https://doh.sd.gov/media/iy5ld42w/cause-of-death-2015-2024-new.pdf,,fixture_text_capture,Liver failure (K72),11,needs_review,calendar_year,2,selected 1 of 2 source rows,False
cod_liver_failure,9.0,9.0,,none,South Dakota,2022,All,False,False,"Causes of Death, 2015-2024",3,count,excl_infant,cod_selected,2015-2024,,https://doh.sd.gov/media/iy5ld42w/cause-of-death-2015-2024-new.pdf,,fixture_text_capture,Liver failure (K72),9,needs_review,calendar_year,2,selected 1 of 2 source rows,False
cod_liver_failure,8.0,8.0,,none,South Dakota,2023,All,False,False,"Causes of Death, 2015-2024",3,count,excl_infant,cod_selected,2015-2024,,https://doh.sd.gov/media/iy5ld42w/cause-of-death-2015-2024-new.pdf,,fixture_text_capture,Liver failure (K72),8,needs_review,calendar_year,2,selected 1 of 2 source rows,False
cod_liver_failure,6.0,6.0,,none,South Dakota,2024,All,False,False,"Causes of Death, 2015-2024",3,count,excl_infant,cod_selected,2015-2024,,https://doh.sd.gov/media/iy5ld42w/cause-of-death-2015-2024-new.pdf,,fixture_text_capture,Liver failure (K72),6,needs_review,calendar_year,1,,False
cod_lung_disease_plus_other_disorders_of_lung,5.0,5.0,,none,South Dakota,2014,All,False,False,"Causes of Death, 2014-2023",0,count,excl_infant,cod_selected,2014-2023,,https://doh.sd.gov/media/g0rf2ewb/sd-cause-of-death-2014-2023.pdf,,fixture_text_capture,Lung disease (Plus other disorders of lung) (J98.4),5,needs_review,calendar_year,1,,False
cod_lung_disease_plus_other_disorders_of_lung,62.0,62.0,,none,South Dakota,2014-2023,All,False,False,"Causes of Death, 2014-2023",0,count,excl_infant,cod_selected,2014-2023,,https://doh.sd.gov/media/g0rf2ewb/sd-cause-of-death-2014-2023.pdf,,fixture_text_capture,Lung disease (Plus other disorders of lung) (J98.4),62,needs_review,multi_year_total,1,,False
cod_lung_disease_plus_other_disorders_of_lung,4.0,4.0,,none,South Dakota,2015,All,False,False,"Causes of Death, 2015-2024",3,count,excl_infant,cod_selected,2015-2024,,https://doh.sd.gov/media/iy5ld42w/cause-of-death-2015-2024-new.pdf,,fixture_text_capture,Lung disease (Plus other disorders of lung) (J98.4),4,needs_review,calendar_year,2,selected 1 of 2 source rows,False
cod_lung_disease_plus_other_disorders_of_lung,66.0,66.0,,none,South Dakota,2015-2024,All,False,False,"Causes of Death, 2015-2024",3,count,excl_infant,cod_selected,2015-2024,,https://doh.sd.gov/media/iy5ld42w/cause-of-death-2015-2024-new.pdf,,fixture_text_capture,Lung disease (Plus other disorders of lung) (J98.4),66,needs_review,multi_year_total,1,,False
cod_lung_disease_plus_other_disorders_of_lung,7.0,7.0,,none,South Dakota,2016,All,False,False,"Causes of Death, 2015-2024",3,count,excl_infant,cod_selected,2015-2024,,https://doh.sd.gov/media/iy5ld42w/cause-of-death-2015-2024-new.pdf,,fixture_text_capture,Lung disease (Plus other disorders of lung) (J98.4),7,needs_review,calendar_year,2,selected 1 of 2 source rows,False
cod_lung_disease_plus_other_disorders_of_lung,7.0,7.0,,none,South Dakota,2017,All,False,False,"Causes of Death, 2015-2024",3,count,excl_infant,cod_selected,2015-2024,,https://doh.sd.gov/media/iy5ld42w/cause-of-death-2015-2024-new.pdf,,fixture_text_capture,Lung disease (Plus other disorders of lung) (J98.4),7,needs_review,calendar_year,2,selected 1 of 2 source rows,False
cod_lung_disease_plus_other_disorders_of_lung,6.0,6.0,,none,South Dakota,2018,All,False,False,"Causes of Death, 2015-2024",3,count,excl_infant,cod_selected,2015-2024,,https://doh.sd.gov/media/iy5ld42w/cause-of-death-2015-2024-new.pdf,,fixture_text_capture,Lung disease (Plus other disorders of lung) (J98.4),6,needs_review,calendar_year,2,selected 1 of 2 source rows,False
cod_lung_disease_plus_other_disorders_of_lung,5.0,5.0,,none,South Dakota,2019,All,False,False,"Causes of Death, 2015-2024",3,count,excl_infant,cod_selected,2015-2024,,https://doh.sd.gov/media/iy5ld42w/cause-of-death-2015-2024-new.pdf,,fixture_text_capture,Lung disease (Plus other disorders of lung) (J98.4),5,needs_review,calendar_year,2,selected 1 of 2 source rows,False
cod_lung_disease_plus_other_disorders_of_lung,4.0,4.0,,none,South Dakota,2020,All,False,False,"Causes of Death, 2015-2024",3,count,excl_infant,cod_selected,2015-2024,,https://doh.sd.gov/media/iy5ld42w/cause-of-death-2015-2024-new.pdf,,fixture_text_capture,Lung disease (Plus other disorders of lung) (J98.4),4,needs_review,calendar_year,2,selected 1 of 2 source rows,False
cod_lung_disease_plus_other_disorders_of_lung,9.0,9.0,,none,South Dakota,2021,All,False,False,"Causes of Death, 2015-2024",3,count,excl_infant,cod_selected,2015-2024,,https://doh.sd.gov/media/iy5ld42w/cause-of-death-2015-2024-new.pdf,,fixture_text_capture,Lung disease (Plus other disorders of lung) (J98.4),9,needs_review,calendar_year,2,selected 1 of 2 source rows,False
cod_lung_disease_plus_other_disorders_of_lung,6.0,6.0,,none,South Dakota,2022,All,False,False,"Causes of Death, 2015-2024",3,count,excl_infant,cod_selected,2015-2024,,https://doh.sd.gov/media/iy5ld42w/cause-of-death-2015-2024-new.pdf,,fixture_text_capture,Lung disease (Plus other disorders of lung) (J98.4),6,needs_review,calendar_year,2,selected 1 of 2 source rows,False
cod_lung_disease_plus_other_disorders_of_lung,9.0,9.0,,none,South Dakota,2023,All,False,False,"Causes of Death, 2015-2024",3,count,excl_infant,cod_selected,2015-2024,,https://doh.sd.gov/media/iy5ld42w/cause-of-death-2015-2024-new.pdf,,fixture_text_capture,Lung disease (Plus other disorders of lung) (J98.4),9,needs_review,calendar_year,2,selected 1 of 2 source rows,False
cod_lung_disease_plus_other_disorders_of_lung,9.0,9.0,,none,South Dakota,2024,All,False,False,"Causes of Death, 2015-2024",3,count,excl_infant,cod_selected,2015-2024,,https://doh.sd.gov/media/iy5ld42w/cause-of-death-2015-2024-new.pdf,,fixture_text_capture,Lung disease (Plus other disorders of lung) (J98.4),9,needs_review,calendar_year,1,,False
cod_malnutrition,16.0,16.0,,none,South Dakota,2014,All,False,False,"Causes of Death, 2014-2023",0,count,excl_infant,cod_selected,2014-2023,,https://doh.sd.gov/media/g0rf2ewb/sd-cause-of-death-2014-2023.pdf,,fixture_text_capture,Malnutrition (E40-E46),16,needs_review,calendar_year,1,,False
cod_malnutrition,569.0,569.0,,none,South Dakota,2014-2023,All,False,False,"Causes of Death, 2014-2023",0,count,excl_infant,cod_selected,2014-2023,,https://doh.sd.gov/media/g0rf2ewb/sd-cause-of-death-2014-2023.pdf,,fixture_text_capture,Malnutrition (E40-E46),569,needs_review,multi_year_total,1,,False
cod_malnutrition,13.0,13.0,,none,South Dakota,2015,All,False,False,"Causes of Death, 2015-2024",1,count,excl_infant,cod_selected,2015-2024,,https://doh.sd.gov/media/iy5ld42w/cause-of-death-2015-2024-new.pdf,,fixture_text_capture,Malnutrition (E40-E46),13,needs_review,calendar_year,2,selected 1 of 2 source rows,False
cod_malnutrition,633.0,633.0,,none,South Dakota,2015-2024,All,False,False,"Causes of Death, 2015-2024",1,count,excl_infant,cod_selected,2015-2024,,https://doh.sd.gov/media/iy5ld42w/cause-of-death-2015-2024-new.pdf,,fixture_text_capture,Malnutrition (E40-E46),633,needs_review,multi_year_total,1,,False
cod_malnutrition,27.0,27.0,,none,South Dakota,2016,All,False,False,"Causes of Death, 2015-2024",1,count,excl_infant,cod_selected,2015-2024,,https://doh.sd.gov/media/iy5ld42w/cause-of-death-2015-2024-new.pdf,,fixture_text_capture,Malnutrition (E40-E46),27,needs_review,calendar_year,2,selected 1 of 2 source rows,False
cod_malnutrition,17.0,17.0,,none,South Dakota,2017,All,False,False,"Causes of Death, 2015-2024",1,count,excl_infant,cod_selected,2015-2024,,https://doh.sd.gov/media/iy5ld42w/cause-of-death-2015-2024-new.pdf,,fixture_text_capture,Malnutrition (E40-E46),17,needs_review,calendar_year,2,selected 1 of 2 source rows,False
cod_malnutrition,49.0,49.0,,none,South Dakota,2018,All,False,False,"Causes of Death, 2015-2024",1,count,excl_infant,cod_selected,2015-2024,,https://doh.sd.gov/media/iy5ld42w/cause-of-death-2015-2024-new.pdf,,fixture_text_capture,Malnutrition (E40-E46),49,needs_review,calendar_year,2,selected 1 of 2 source rows,False
cod_malnutrition,62.0,62.0,,none,South Dakota,2019,All,False,False,"Causes of Death, 2015-2024",1,count,excl_infant,cod_selected,2015-2024,,https://doh.sd.gov/media/iy5ld42w/cause-of-death-2015-2024-new.pdf,,fixture_text_capture,Malnutrition (E40-E46),62,needs_review,calendar_year,2,selected 1 of 2 source rows,False
cod_malnutrition,86.0,86.0,,none,South Dakota,2020,All,False,False,"Causes of Death, 2015-2024",1,count,excl_infant,cod_selected,2015-2024,,https://doh.sd.gov/media/iy5ld42w/cause-of-death-2015-2024-new.pdf,,fixture_text_capture,Malnutrition (E40-E46),86,needs_review,calendar_year,2,selected 1 of 2 source rows,False
cod_malnutrition,71.0,71.0,,none,South Dakota,2021,All,False,False,"Causes of Death, 2015-2024",1,count,excl_infant,cod_selected,2015-2024,,https://doh.sd.gov/media/iy5ld42w/cause-of-death-2015-2024-new.pdf,,fixture_text_capture,Malnutrition (E40-E46),71,needs_review,calendar_year,2,selected 1 of 2 source rows,False
cod_malnutrition,106.0,106.0,,none,South Dakota,2022,All,False,False,"Causes of Death, 2015-2024",1,count,excl_infant,cod_selected,2015-2024,,https://doh.sd.gov/media/iy5ld42w/cause-of-death-2015-2024-new.pdf,,fixture_text_capture,Malnutrition (E40-E46),106,needs_review,calendar_year,2,selected 1 of 2 source rows,False
cod_malnutrition,122.0,122.0,,none,South Dakota,2023,All,False,False,"Causes of Death, 2015-2024",1,count,excl_infant,cod_selected,2015-2024,,https://doh.sd.gov/media/iy5ld42w/cause-of-death-2015-2024-new.pdf,,fixture_text_capture,Malnutrition (E40-E46),122,needs_review,calendar_year,2,selected 1 of 2 source rows,False
cod_malnutrition,80.0,80.0,,none,South Dakota,2024,All,False,False,"Causes of Death, 2015-2024",1,count,excl_infant,cod_selected,2015-2024,,https://doh.sd.gov/media/iy5ld42w/cause-of-death-2015-2024-new.pdf,,fixture_text_capture,Malnutrition (E40-E46),80,needs_review,calendar_year,1,,False
cod_meningitis,3.0,3.0,,none,South Dakota,2014,All,False,False,"Causes of Death, 2014-2023",0,count,excl_infant,cod_selected,2014-2023,,https://doh.sd.gov/media/g0rf2ewb/sd-cause-of-death-2014-2023.pdf,,fixture_text_capture,"Meningitis (G00, G03)",3,needs_review,calendar_year,1,,False
cod_meningitis,26.0,26.0,,none,South Dakota,2014-2023,All,False,False,"Causes of Death, 2014-2023",0,count,excl_infant,cod_selected,2014-2023,,https://doh.sd.gov/media/g0rf2ewb/sd-cause-of-death-2014-2023.pdf,,fixture_text_capture,"Meningitis (G00, G03)",26,needs_review,multi_year_total,1,,False
cod_meningitis,3.0,3.0,,none,South Dakota,2015,All,False,False,"Causes of Death, 2015-2024",5,count,excl_infant,cod_selected,2015-2024,,https://doh.sd.gov/media/iy5ld42w/cause-of-death-2015-2024-new.pdf,,fixture_text_capture,"Meningitis (G00, G03)",3,needs_review,calendar_year,2,selected 1 of 2 source rows,False
cod_meningitis,26.0,26.0,,none,South Dakota,2015-2024,All,False,False,"Causes of Death, 2015-2024",5,count,excl_infant,cod_selected,2015-2024,,https://doh.sd.gov/media/iy5ld42w/cause-of-death-2015-2024-new.pdf,,fixture_text_capture,"Meningitis (G00, G03)",26,needs_review,multi_year_total,1,,False
cod_meningitis,1.0,1.0,,none,South Dakota,2016,All,False,False,"Causes of Death, 2015-2024",5,count,excl_infant,cod_selected,2015-2024,,https://doh.sd.gov/media/iy5ld42w/cause-of-death-2015-2024-new.pdf,,fixture_text_capture,"Meningitis (G00, G03)",1,needs_review,calendar_year,2,selected 1 of 2 source rows,False
cod_meningitis,4.0,4.0,,none,South Dakota,2017,All,False,False,"Causes of Death, 2015-2024",5,count,excl_infant,cod_selected,2015-2024,,https://doh.sd.gov/media/iy5ld42w/cause-of-death-2015-2024-new.pdf,,fixture_text_capture,"Meningitis (G00, G03)",4,needs_review,calendar_year,2,selected 1 of 2 source rows,False
cod_meningitis,2.0,2.0,,none,South Dakota,2018,All,False,False,"Causes of Death, 2015-2024",5,count,excl_infant,cod_selected,2015-2024,,https://doh.sd.gov/media/iy5ld42w/cause-of-death-2015-2024-new.pdf,,fixture_text_capture,"Meningitis (G00, G03)",2,needs_review,calendar_year,2,selected 1 of 2 source rows,False
cod_meningitis,5.0,5.0,,none,South Dakota,2019,All,False,False,"Causes of Death, 2015-2024",5,count,excl_infant,cod_selected,2015-2024,,https://doh.sd.gov/media/iy5ld42w/cause-of-death-2015-2024-new.pdf,,fixture_text_capture,"Meningitis (G00, G03)",5,needs_review,calendar_year,2,selected 1 of 2 source rows,False
cod_meningitis,2.0,2.0,,none,South Dakota,2020,All,False,False,"Causes of Death, 2015-2024",5,count,excl_infant,cod_selected,2015-2024,,https://doh.sd.gov/media/iy5ld42w/cause-of-death-2015-2024-new.pdf,,fixture_text_capture,"Meningitis (G00, G03)",2,needs_review,calendar_year,2,selected 1 of 2 source rows,False
cod_meningitis,3.0,3.0,,none,South Dakota,2021,All,False,False,"Causes of Death, 2015-2024",5,count,excl_infant,cod_selected,2015-2024,,https://doh.sd.gov/media/iy5ld42w/cause-of-death-2015-2024-new.pdf,,fixture_text_capture,"Meningitis (G00, G03)",3,needs_review,calendar_year,2,selected 1 of 2 source rows,False
cod_meningitis,1.0,1.0,,none,South Dakota,2022,All,False,False,"Causes of Death, 2015-2024",5,count,excl_infant,cod_selected,2015-2024,,https://doh.sd.gov/media/iy5ld42w/cause-of-death-2015-2024-new.pdf,,fixture_text_capture,"Meningitis (G00, G03)",1,needs_review,calendar_year,2,selected 1 of 2 source rows,False
cod_meningitis,2.0,2.0,,none,South Dakota,2023,All,False,False,"Causes of Death, 2015-2024",5,count,excl_infant,cod_selected,2015-2024,,https://doh.sd.gov/media/iy5ld42w/cause-of-death-2015-2024-new.pdf,,fixture_text_capture,"Meningitis (G00, G03)",2,needs_review,calendar_year,2,selected 1 of 2 source rows,False
cod_meningitis,3.0,3.0,,none,South Dakota,2024,All,False,False,"Causes of Death, 2015-2024",5,count,excl_infant,cod_selected,2015-2024,,https://doh.sd.gov/media/iy5ld42w/cause-of-death-2015-2024-new.pdf,,fixture_text_capture,"Meningitis (G00, G03)",3,needs_review,calendar_year,1,,False
cod_motor_vehicle_accidents,151.0,151.0,,none,South Dakota,2014,All,False,False,"Causes of Death, 2014-2023",0,count,excl_infant,cod_selected,2014-2023,,https://doh.sd.gov/media/g0rf2ewb/sd-cause-of-death-2014-2023.pdf,,fixture_text_capture,Motor vehicle accidents,151,needs_review,calendar_year,1,,False
cod_motor_vehicle_accidents,1513.0,1513.0,,none,South Dakota,2014-2023,All,False,False,"Causes of Death, 2014-2023",0,count,excl_infant,cod_selected,2014-2023,,https://doh.sd.gov/media/g0rf2ewb/sd-cause-of-death-2014-2023.pdf,,fixture_text_capture,Motor vehicle accidents,"1,513",needs_review,multi_year_total,1,,False
cod_motor_vehicle_accidents,143.0,143.0,,none,South Dakota,2015,All,False,False,"Causes of Death, 2015-2024",1,count,excl_infant,cod_selected,2015-2024,,https://doh.sd.gov/media/iy5ld42w/cause-of-death-2015-2024-new.pdf,,fixture_text_capture,Motor vehicle accidents,143,needs_review,calendar_year,2,selected 1 of 2 source rows,False
cod_motor_vehicle_accidents,1522.0,1522.0,,none,South Dakota,2015-2024,All,False,False,"Causes of Death, 2015-2024",1,count,excl_infant,cod_selected,2015-2024,,https://doh.sd.gov/media/iy5ld42w/cause-of-death-2015-2024-new.pdf,,fixture_text_capture,Motor vehicle accidents,"1,522",needs_review,multi_year_total,1,,False
cod_motor_vehicle_accidents,134.0,134.0,,none,South Dakota,2016,All,False,False,"Causes of Death, 2015-2024",1,count,excl_infant,cod_selected,2015-2024,,https://doh.sd.gov/media/iy5ld42w/cause-of-death-2015-2024-new.pdf,,fixture_text_capture,Motor vehicle accidents,134,needs_review,calendar_year,2,selected 1 of 2 source rows,False
cod_motor_vehicle_accidents,165.0,165.0,,none,South Dakota,2017,All,False,False,"Causes of Death, 2015-2024",1,count,excl_infant,cod_selected,2015-2024,,https://doh.sd.gov/media/iy5ld42w/cause-of-death-2015-2024-new.pdf,,fixture_text_capture,Motor vehicle accidents,165,needs_review,calendar_year,2,selected 1 of 2 source rows,False
cod_motor_vehicle_accidents,155.0,155.0,,none,South Dakota,2018,All,False,False,"Causes of Death, 2015-2024",1,count,excl_infant,cod_selected,2015-2024,,https://doh.sd.gov/media/iy5ld42w/cause-of-death-2015-2024-new.pdf,,fixture_text_capture,Motor vehicle accidents,155,needs_review,calendar_year,2,selected 1 of 2 source rows,False
cod_motor_vehicle_accidents,130.0,130.0,,none,South Dakota,2019,All,False,False,"Causes of Death, 2015-2024",1,count,excl_infant,cod_selected,2015-2024,,https://doh.sd.gov/media/iy5ld42w/cause-of-death-2015-2024-new.pdf,,fixture_text_capture,Motor vehicle accidents,130,needs_review,calendar_year,2,selected 1 of 2 source rows,False
cod_motor_vehicle_accidents,153.0,153.0,,none,South Dakota,2020,All,False,False,"Causes of Death, 2015-2024",1,count,excl_infant,cod_selected,2015-2024,,https://doh.sd.gov/media/iy5ld42w/cause-of-death-2015-2024-new.pdf,,fixture_text_capture,Motor vehicle accidents,153,needs_review,calendar_year,2,selected 1 of 2 source rows,False
cod_motor_vehicle_accidents,172.0,172.0,,none,South Dakota,2021,All,False,False,"Causes of Death, 2015-2024",1,count,excl_infant,cod_selected,2015-2024,,https://doh.sd.gov/media/iy5ld42w/cause-of-death-2015-2024-new.pdf,,fixture_text_capture,Motor vehicle accidents,172,needs_review,calendar_year,2,selected 1 of 2 source rows,False
cod_motor_vehicle_accidents,165.0,165.0,,none,South Dakota,2022,All,False,False,"Causes of Death, 2015-2024",1,count,excl_infant,cod_selected,2015-2024,,https://doh.sd.gov/media/iy5ld42w/cause-of-death-2015-2024-new.pdf,,fixture_text_capture,Motor vehicle accidents,165,needs_review,calendar_year,2,selected 1 of 2 source rows,False
cod_motor_vehicle_accidents,145.0,145.0,,none,South Dakota,2023,All,False,False,"Causes of Death, 2015-2024",1,count,excl_infant,cod_selected,2015-2024,,https://doh.sd.gov/media/iy5ld42w/cause-of-death-2015-2024-new.pdf,,fixture_text_capture,Motor vehicle accidents,145,needs_review,calendar_year,2,selected 1 of 2 source rows,False
cod_motor_vehicle_accidents,160.0,160.0,,none,South Dakota,2024,All,False,False,"Causes of Death, 2015-2024",1,count,excl_infant,cod_selected,2015-2024,,https://doh.sd.gov/media/iy5ld42w/cause-of-death-2015-2024-new.pdf,,fixture_text_capture,Motor vehicle accidents,160,needs_review,calendar_year,1,,False
cod_multiple_sclerosis,22.0,22.0,,none,South Dakota,2014,All,False,False,"Causes of Death, 2014-2023",0,count,excl_infant,cod_selected,2014-2023,,https://doh.sd.gov/media/g0rf2ewb/sd-cause-of-death-2014-2023.pdf,,fixture_text_capture,Multiple sclerosis (G35),22,needs_review,calendar_year,1,,False
cod_multiple_sclerosis,143.0,143.0,,none,South Dakota,2014-2023,All,False,False,"Causes of Death, 2014-2023",0,count,excl_infant,cod_selected,2014-2023,,https://doh.sd.gov/media/g0rf2ewb/sd-cause-of-death-2014-2023.pdf,,fixture_text_capture,Multiple sclerosis (G35),143,needs_review,multi_year_total,1,,False
cod_multiple_sclerosis,9.0,9.0,,none,South Dakota,2015,All,False,False,"Causes of Death, 2015-2024",2,count,excl_infant,cod_selected,2015-2024,,https://doh.sd.gov/media/iy5ld42w/cause-of-death-2015-2024-new.pdf,,fixture_text_capture,Multiple sclerosis (G35),9,needs_review,calendar_year,2,selected 1 of 2 source rows,False
cod_multiple_sclerosis,138.0,138.0,,none,South Dakota,2015-2024,All,False,False,"Causes of Death, 2015-2024",2,count,excl_infant,cod_selected,2015-2024,,https://doh.sd.gov/media/iy5ld42w/cause-of-death-2015-2024-new.pdf,,fixture_text_capture,Multiple sclerosis (G35),138,needs_review,multi_year_total,1,,False
cod_multiple_sclerosis,21.0,21.0,,none,South Dakota,2016,All,False,False,"Causes of Death, 2015-2024",2,count,excl_infant,cod_selected,2015-2024,,https://doh.sd.gov/media/iy5ld42w/cause-of-death-2015-2024-new.pdf,,fixture_text_capture,Multiple sclerosis (G35),21,needs_review,calendar_year,2,selected 1 of 2 source rows,False
cod_multiple_sclerosis,13.0,13.0,,none,South Dakota,2017,All,False,False,"Causes of Death, 2015-2024",2,count,excl_infant,cod_selected,2015-2024,,https://doh.sd.gov/media/iy5ld42w/cause-of-death-2015-2024-new.pdf,,fixture_text_capture,Multiple sclerosis (G35),13,needs_review,calendar_year,2,selected 1 of 2 source rows,False
cod_multiple_sclerosis,12.0,12.0,,none,South Dakota,2018,All,False,False,"Causes of Death, 2015-2024",2,count,excl_infant,cod_selected,2015-2024,,https://doh.sd.gov/media/iy5ld42w/cause-of-death-2015-2024-new.pdf,,fixture_text_capture,Multiple sclerosis (G35),12,needs_review,calendar_year,2,selected 1 of 2 source rows,False
cod_multiple_sclerosis,13.0,13.0,,none,South Dakota,2019,All,False,False,"Causes of Death, 2015-2024",2,count,excl_infant,cod_selected,2015-2024,,https://doh.sd.gov/media/iy5ld42w/cause-of-death-2015-2024-new.pdf,,fixture_text_capture,Multiple sclerosis (G35),13,needs_review,calendar_year,2,selected 1 of 2 source rows,False
cod_multiple_sclerosis,16.0,16.0,,none,South Dakota,2020,All,False,False,"Causes of Death, 2015-2024",2,count,excl_infant,cod_selected,2015-2024,,https://doh.sd.gov/media/iy5ld42w/cause-of-death-2015-2024-new.pdf,,fixture_text_capture,Multiple sclerosis (G35),16,needs_review,calendar_year,2,selected 1 of 2 source rows,False
cod_multiple_sclerosis,11.0,11.0,,none,South Dakota,2021,All,False,False,"Causes of Death, 2015-2024",2,count,excl_infant,cod_selected,2015-2024,,https://doh.sd.gov/media/iy5ld42w/cause-of-death-2015-2024-new.pdf,,fixture_text_capture,Multiple sclerosis (G35),11,needs_review,calendar_year,2,selected 1 of 2 source rows,False
cod_multiple_sclerosis,12.0,12.0,,none,South Dakota,2022,All,False,False,"Causes of Death, 2015-2024",2,count,excl_infant,cod_selected,2015-2024,,https://doh.sd.gov/media/iy5ld42w/cause-of-death-2015-2024-new.pdf,,fixture_text_capture,Multiple sclerosis (G35),12,needs_review,calendar_year,2,selected 1 of 2 source rows,False
cod_multiple_sclerosis,14.0,14.0,,none,South Dakota,2023,All,False,False,"Causes of Death, 2015-2024",2,count,excl_infant,cod_selected,2015-2024,,https://doh.sd.gov/media/iy5ld42w/cause-of-death-2015-2024-new.pdf,,fixture_text_capture,Multiple sclerosis (G35),14,needs_review,calendar_year,2,selected 1 of 2 source rows,False
cod_multiple_sclerosis,17.0,17.0,,none,South Dakota,2024,All,False,False,"Causes of Death, 2015-2024",2,count,excl_infant,cod_selected,2015-2024,,https://doh.sd.gov/media/iy5ld42w/cause-of-death-2015-2024-new.pdf,,fixture_text_capture,Multiple sclerosis (G35),17,needs_review,calendar_year,1,,False
cod_myasthenia_gravis,2.0,2.0,,none,South Dakota,2014,All,False,False,"Causes of Death, 2014-2023",0,count,excl_infant,cod_selected,2014-2023,,https://doh.sd.gov/media/g0rf2ewb/sd-cause-of-death-2014-2023.pdf,,fixture_text_capture,Myasthenia gravis (G70.0),2,needs_review,calendar_year,1,,False
cod_myasthenia_gravis,26.0,26.0,,none,South Dakota,2014-2023,All,False,False,"Causes of Death, 2014-2023",0,count,excl_infant,cod_selected,2014-2023,,https://doh.sd.gov/media/g0rf2ewb/sd-cause-of-death-2014-2023.pdf,,fixture_text_capture,Myasthenia gravis (G70.0),26,needs_review,multi_year_total,1,,False
cod_myasthenia_gravis,6.0,6.0,,none,South Dakota,2015,All,False,False,"Causes of Death, 2015-2024",4,count,excl_infant,cod_selected,2015-2024,,https://doh.sd.gov/media/iy5ld42w/cause-of-death-2015-2024-new.pdf,,fixture_text_capture,Myasthenia gravis (G70.0),6,needs_review,calendar_year,2,selected 1 of 2 source rows,False
cod_myasthenia_gravis,28.0,28.0,,none,South Dakota,2015-2024,All,False,False,"Causes of Death, 2015-2024",4,count,excl_infant,cod_selected,2015-2024,,https://doh.sd.gov/media/iy5ld42w/cause-of-death-2015-2024-new.pdf,,fixture_text_capture,Myasthenia gravis (G70.0),28,needs_review,multi_year_total,1,,False
cod_myasthenia_gravis,4.0,4.0,,none,South Dakota,2016,All,False,False,"Causes of Death, 2015-2024",4,count,excl_infant,cod_selected,2015-2024,,https://doh.sd.gov/media/iy5ld42w/cause-of-death-2015-2024-new.pdf,,fixture_text_capture,Myasthenia gravis (G70.0),4,needs_review,calendar_year,2,selected 1 of 2 source rows,False
cod_myasthenia_gravis,3.0,3.0,,none,South Dakota,2017,All,False,False,"Causes of Death, 2015-2024",4,count,excl_infant,cod_selected,2015-2024,,https://doh.sd.gov/media/iy5ld42w/cause-of-death-2015-2024-new.pdf,,fixture_text_capture,Myasthenia gravis (G70.0),3,needs_review,calendar_year,2,selected 1 of 2 source rows,False
cod_myasthenia_gravis,2.0,2.0,,none,South Dakota,2018,All,False,False,"Causes of Death, 2015-2024",4,count,excl_infant,cod_selected,2015-2024,,https://doh.sd.gov/media/iy5ld42w/cause-of-death-2015-2024-new.pdf,,fixture_text_capture,Myasthenia gravis (G70.0),2,needs_review,calendar_year,2,selected 1 of 2 source rows,False
cod_myasthenia_gravis,3.0,3.0,,none,South Dakota,2019,All,False,False,"Causes of Death, 2015-2024",4,count,excl_infant,cod_selected,2015-2024,,https://doh.sd.gov/media/iy5ld42w/cause-of-death-2015-2024-new.pdf,,fixture_text_capture,Myasthenia gravis (G70.0),3,needs_review,calendar_year,2,selected 1 of 2 source rows,False
cod_myasthenia_gravis,1.0,1.0,,none,South Dakota,2020,All,False,False,"Causes of Death, 2015-2024",4,count,excl_infant,cod_selected,2015-2024,,https://doh.sd.gov/media/iy5ld42w/cause-of-death-2015-2024-new.pdf,,fixture_text_capture,Myasthenia gravis (G70.0),1,needs_review,calendar_year,2,selected 1 of 2 source rows,False
cod_myasthenia_gravis,2.0,2.0,,none,South Dakota,2021,All,False,False,"Causes of Death, 2015-2024",4,count,excl_infant,cod_selected,2015-2024,,https://doh.sd.gov/media/iy5ld42w/cause-of-death-2015-2024-new.pdf,,fixture_text_capture,Myasthenia gravis (G70.0),2,needs_review,calendar_year,2,selected 1 of 2 source rows,False
cod_myasthenia_gravis,3.0,3.0,,none,South Dakota,2022,All,False,False,"Causes of Death, 2015-2024",4,count,excl_infant,cod_selected,2015-2024,,https://doh.sd.gov/media/iy5ld42w/cause-of-death-2015-2024-new.pdf,,fixture_text_capture,Myasthenia gravis (G70.0),3,needs_review,calendar_year,2,selected 1 of 2 source rows,False
cod_myasthenia_gravis,0.0,0.0,,none,South Dakota,2023,All,False,False,"Causes of Death, 2015-2024",4,count,excl_infant,cod_selected,2015-2024,,https://doh.sd.gov/media/iy5ld42w/cause-of-death-2015-2024-new.pdf,,fixture_text_capture,Myasthenia gravis (G70.0),0,needs_review,calendar_year,2,selected 1 of 2 source rows,False
cod_myasthenia_gravis,4.0,4.0,,none,South Dakota,2024,All,False,False,"Causes of Death, 2015-2024",4,count,excl_infant,cod_selected,2015-2024,,https://doh.sd.gov/media/iy5ld42w/cause-of-death-2015-2024-new.pdf,,fixture_text_capture,Myasthenia gravis (G70.0),4,needs_review,calendar_year,1,,False
cod_myositis,1.0,1.0,,none,South Dakota,2014,All,False,False,"Causes of Death, 2014-2023",0,count,excl_infant,cod_selected,2014-2023,,https://doh.sd.gov/media/g0rf2ewb/sd-cause-of-death-2014-2023.pdf,,fixture_text_capture,Myositis (M60),1,needs_review,calendar_year,1,,False
cod_myositis,10.0,10.0,,none,South Dakota,2014-2023,All,False,False,"Causes of Death, 2014-2023",0,count,excl_infant,cod_selected,2014-2023,,https://doh.sd.gov/media/g0rf2ewb/sd-cause-of-death-2014-2023.pdf,,fixture_text_capture,Myositis (M60),10,needs_review,multi_year_total,1,,False
cod_myositis,0.0,0.0,,none,South Dakota,2015,All,False,False,"Causes of Death, 2015-2024",6,count,excl_infant,cod_selected,2015-2024,,https://doh.sd.gov/media/iy5ld42w/cause-of-death-2015-2024-new.pdf,,fixture_text_capture,Myositis (M60),0,needs_review,calendar_year,2,selected 1 of 2 source rows,False
cod_myositis,11.0,11.0,,none,South Dakota,2015-2024,All,False,False,"Causes of Death, 2015-2024",6,count,excl_infant,cod_selected,2015-2024,,https://doh.sd.gov/media/iy5ld42w/cause-of-death-2015-2024-new.pdf,,fixture_text_capture,Myositis (M60),11,needs_review,multi_year_total,1,,False
cod_myositis,1.0,1.0,,none,South Dakota,2016,All,False,False,"Causes of Death, 2015-2024",6,count,excl_infant,cod_selected,2015-2024,,https://doh.sd.gov/media/iy5ld42w/cause-of-death-2015-2024-new.pdf,,fixture_text_capture,Myositis (M60),1,needs_review,calendar_year,2,selected 1 of 2 source rows,False
cod_myositis,1.0,1.0,,none,South Dakota,2017,All,False,False,"Causes of Death, 2015-2024",6,count,excl_infant,cod_selected,2015-2024,,https://doh.sd.gov/media/iy5ld42w/cause-of-death-2015-2024-new.pdf,,fixture_text_capture,Myositis (M60),1,needs_review,calendar_year,2,selected 1 of 2 source rows,False
cod_myositis,0.0,0.0,,none,South Dakota,2018,All,False,False,"Causes of Death, 2015-2024",6,count,excl_infant,cod_selected,2015-2024,,https://doh.sd.gov/media/iy5ld42w/cause-of-death-2015-2024-new.pdf,,fixture_text_capture,Myositis (M60),0,needs_review,calendar_year,2,selected 1 of 2 source rows,False
cod_myositis,4.0,4.0,,none,South Dakota,2019,All,False,False,"Causes of Death, 2015-2024",6,count,excl_infant,cod_selected,2015-2024,,https://doh.sd.gov/media/iy5ld42w/cause-of-death-2015-2024-new.pdf,,fixture_text_capture,Myositis (M60),4,needs_review,calendar_year,2,selected 1 of 2 source rows,False
cod_myositis,2.0,2.0,,none,South Dakota,2020,All,False,False,"Causes of Death, 2015-2024",6,count,excl_infant,cod_selected,2015-2024,,https://doh.sd.gov/media/iy5ld42w/cause-of-death-2015-2024-new.pdf,,fixture_text_capture,Myositis (M60),2,needs_review,calendar_year,2,selected 1 of 2 source rows,False
cod_myositis,0.0,0.0,,none,South Dakota,2021,All,False,False,"Causes of Death, 2015-2024",6,count,excl_infant,cod_selected,2015-2024,,https://doh.sd.gov/media/iy5ld42w/cause-of-death-2015-2024-new.pdf,,fixture_text_capture,Myositis (M60),0,needs_review,calendar_year,2,selected 1 of 2 source rows,False
cod_myositis,1.0,1.0,,none,South Dakota,2022,All,False,False,"Causes of Death, 2015-2024",6,count,excl_infant,cod_selected,2015-2024,,https://doh.sd.gov/media/iy5ld42w/cause-of-death-2015-2024-new.pdf,,fixture_text_capture,Myositis (M60),1,needs_review,calendar_year,2,selected 1 of 2 source rows,False
cod_myositis,0.0,0.0,,none,South Dakota,2023,All,False,False,"Causes of Death, 2015-2024",6,count,excl_infant,cod_selected,2015-2024,,https://doh.sd.gov/media/iy5ld42w/cause-of-death-2015-2024-new.pdf,,fixture_text_capture,Myositis (M60),0,needs_review,calendar_year,2,selected 1 of 2 source rows,False
cod_myositis,2.0,2.0,,none,South Dakota,2024,All,False,False,"Causes of Death, 2015-2024",6,count,excl_infant,cod_selected,2015-2024,,https://doh.sd.gov/media/iy5ld42w/cause-of-death-2015-2024-new.pdf,,fixture_text_capture,Myositis (M60),2,needs_review,calendar_year,1,,False
cod_neurotic_stress_related_and_somatoform_disorders,0.0,0.0,,none,South Dakota,2015,All,False,False,"Causes of Death, 2015-2024",6,count,excl_infant,cod_selected,2015-2024,,https://doh.sd.gov/media/iy5ld42w/cause-of-death-2015-2024-new.pdf,,fixture_text_capture,"Neurotic, stress-related, and somatoform disorders (F40-F48)",0,needs_review,calendar_year,1,,False
cod_neurotic_stress_related_and_somatoform_disorders,11.0,11.0,,none,South Dakota,2015-2024,All,False,False,"Causes of Death, 2015-2024",6,count,excl_infant,cod_selected,2015-2024,,https://doh.sd.gov/media/iy5ld42w/cause-of-death-2015-2024-new.pdf,,fixture_text_capture,"Neurotic, stress-related, and somatoform disorders (F40-F48)",11,needs_review,multi_year_total,1,,False
cod_neurotic_stress_related_and_somatoform_disorders,0.0,0.0,,none,South Dakota,2016,All,False,False,"Causes of Death, 2015-2024",6,count,excl_infant,cod_selected,2015-2024,,https://doh.sd.gov/media/iy5ld42w/cause-of-death-2015-2024-new.pdf,,fixture_text_capture,"Neurotic, stress-related, and somatoform disorders (F40-F48)",0,needs_review,calendar_year,1,,False
cod_neurotic_stress_related_and_somatoform_disorders,1.0,1.0,,none,South Dakota,2017,All,False,False,"Causes of Death, 2015-2024",6,count,excl_infant,cod_selected,2015-2024,,https://doh.sd.gov/media/iy5ld42w/cause-of-death-2015-2024-new.pdf,,fixture_text_capture,"Neurotic, stress-related, and somatoform disorders (F40-F48)",1,needs_review,calendar_year,1,,False
cod_neurotic_stress_related_and_somatoform_disorders,0.0,0.0,,none,South Dakota,2018,All,False,False,"Causes of Death, 2015-2024",6,count,excl_infant,cod_selected,2015-2024,,https://doh.sd.gov/media/iy5ld42w/cause-of-death-2015-2024-new.pdf,,fixture_text_capture,"Neurotic, stress-related, and somatoform disorders (F40-F48)",0,needs_review,calendar_year,1,,False
cod_neurotic_stress_related_and_somatoform_disorders,2.0,2.0,,none,South Dakota,2019,All,False,False,"Causes of Death, 2015-2024",6,count,excl_infant,cod_selected,2015-2024,,https://doh.sd.gov/media/iy5ld42w/cause-of-death-2015-2024-new.pdf,,fixture_text_capture,"Neurotic, stress-related, and somatoform disorders (F40-F48)",2,needs_review,calendar_year,1,,False
cod_neurotic_stress_related_and_somatoform_disorders,2.0,2.0,,none,South Dakota,2020,All,False,False,"Causes of Death, 2015-2024",6,count,excl_infant,cod_selected,2015-2024,,https://doh.sd.gov/media/iy5ld42w/cause-of-death-2015-2024-new.pdf,,fixture_text_capture,"Neurotic, stress-related, and somatoform disorders (F40-F48)",2,needs_review,calendar_year,1,,False
cod_neurotic_stress_related_and_somatoform_disorders,0.0,0.0,,none,South Dakota,2021,All,False,False,"Causes of Death, 2015-2024",6,count,excl_infant,cod_selected,2015-2024,,https://doh.sd.gov/media/iy5ld42w/cause-of-death-2015-2024-new.pdf,,fixture_text_capture,"Neurotic, stress-related, and somatoform disorders (F40-F48)",0,needs_review,calendar_year,1,,False
cod_neurotic_stress_related_and_somatoform_disorders,0.0,0.0,,none,South Dakota,2022,All,False,False,"Causes of Death, 2015-2024",6,count,excl_infant,cod_selected,2015-2024,,https://doh.sd.gov/media/iy5ld42w/cause-of-death-2015-2024-new.pdf,,fixture_text_capture,"Neurotic, stress-related, and somatoform disorders (F40-F48)",0,needs_review,calendar_year,1,,False
cod_neurotic_stress_related_and_somatoform_disorders,3.0,3.0,,none,South Dakota,2023,All,False,False,"Causes of Death, 2015-2024",6,count,excl_infant,cod_selected,2015-2024,,https://doh.sd.gov/media/iy5ld42w/cause-of-death-2015-2024-new.pdf,,fixture_text_capture,"Neurotic, stress-related, and somatoform disorders (F40-F48)",3,needs_review,calendar_year,1,,False
cod_neurotic_stress_related_and_somatoform_disorders,3.0,3.0,,none,South Dakota,2024,All,False,False,"Causes of Death, 2015-2024",6,count,excl_infant,cod_selected,2015-2024,,https://doh.sd.gov/media/iy5ld42w/cause-of-death-2015-2024-new.pdf,,fixture_text_capture,"Neurotic, stress-related, and somatoform disorders (F40-F48)",3,needs_review,calendar_year,1,,False
cod_noninflammatory_disorders_of_female_genital_tract,1.0,1.0,,none,South Dakota,2014,All,False,False,"Causes of Death, 2014-2023",0,count,excl_infant,cod_selected,2014-2023,,https://doh.sd.gov/media/g0rf2ewb/sd-cause-of-death-2014-2023.pdf,,fixture_text_capture,Noninflammatory disorders of female genital tract (N80-N98),1,needs_review,calendar_year,1,,False
cod_noninflammatory_disorders_of_female_genital_tract,12.0,12.0,,none,South Dakota,2014-2023,All,False,False,"Causes of Death, 2014-2023",0,count,excl_infant,cod_selected,2014-2023,,https://doh.sd.gov/media/g0rf2ewb/sd-cause-of-death-2014-2023.pdf,,fixture_text_capture,Noninflammatory disorders of female genital tract (N80-N98),12,needs_review,multi_year_total,1,,False
cod_noninflammatory_disorders_of_female_genital_tract,1.0,1.0,,none,South Dakota,2015,All,False,False,"Causes of Death, 2015-2024",6,count,excl_infant,cod_selected,2015-2024,,https://doh.sd.gov/media/iy5ld42w/cause-of-death-2015-2024-new.pdf,,fixture_text_capture,Noninflammatory disorders of female genital tract (N80-N98),1,needs_review,calendar_year,2,selected 1 of 2 source rows,False
cod_noninflammatory_disorders_of_female_genital_tract,11.0,11.0,,none,South Dakota,2015-2024,All,False,False,"Causes of Death, 2015-2024",6,count,excl_infant,cod_selected,2015-2024,,https://doh.sd.gov/media/iy5ld42w/cause-of-death-2015-2024-new.pdf,,fixture_text_capture,Noninflammatory disorders of female genital tract (N80-N98),11,needs_review,multi_year_total,1,,False
cod_noninflammatory_disorders_of_female_genital_tract,2.0,2.0,,none,South Dakota,2016,All,False,False,"Causes of Death, 2015-2024",6,count,excl_infant,cod_selected,2015-2024,,https://doh.sd.gov/media/iy5ld42w/cause-of-death-2015-2024-new.pdf,,fixture_text_capture,Noninflammatory disorders of female genital tract (N80-N98),2,needs_review,calendar_year,2,selected 1 of 2 source rows,False
cod_noninflammatory_disorders_of_female_genital_tract,1.0,1.0,,none,South Dakota,2017,All,False,False,"Causes of Death, 2015-2024",6,count,excl_infant,cod_selected,2015-2024,,https://doh.sd.gov/media/iy5ld42w/cause-of-death-2015-2024-new.pdf,,fixture_text_capture,Noninflammatory disorders of female genital tract (N80-N98),1,needs_review,calendar_year,2,selected 1 of 2 source rows,False
cod_noninflammatory_disorders_of_female_genital_tract,1.0,1.0,,none,South Dakota,2018,All,False,False,"Causes of Death, 2015-2024",6,count,excl_infant,cod_selected,2015-2024,,https://doh.sd.gov/media/iy5ld42w/cause-of-death-2015-2024-new.pdf,,fixture_text_capture,Noninflammatory disorders of female genital tract (N80-N98),1,needs_review,calendar_year,2,selected 1 of 2 source rows,False
cod_noninflammatory_disorders_of_female_genital_tract,2.0,2.0,,none,South Dakota,2019,All,False,False,"Causes of Death, 2015-2024",6,count,excl_infant,cod_selected,2015-2024,,https://doh.sd.gov/media/iy5ld42w/cause-of-death-2015-2024-new.pdf,,fixture_text_capture,Noninflammatory disorders of female genital tract (N80-N98),2,needs_review,calendar_year,2,selected 1 of 2 source rows,False
cod_noninflammatory_disorders_of_female_genital_tract,0.0,0.0,,none,South Dakota,2020,All,False,False,"Causes of Death, 2015-2024",6,count,excl_infant,cod_selected,2015-2024,,https://doh.sd.gov/media/iy5ld42w/cause-of-death-2015-2024-new.pdf,,fixture_text_capture,Noninflammatory disorders of female genital tract (N80-N98),0,needs_review,calendar_year,2,selected 1 of 2 source rows,False
cod_noninflammatory_disorders_of_female_genital_tract,2.0,2.0,,none,South Dakota,2021,All,False,False,"Causes of Death, 2015-2024",6,count,excl_infant,cod_selected,2015-2024,,https://doh.sd.gov/media/iy5ld42w/cause-of-death-2015-2024-new.pdf,,fixture_text_capture,Noninflammatory disorders of female genital tract (N80-N98),2,needs_review,calendar_year,2,selected 1 of 2 source rows,False
cod_noninflammatory_disorders_of_female_genital_tract,0.0,0.0,,none,South Dakota,2022,All,False,False,"Causes of Death, 2015-2024",6,count,excl_infant,cod_selected,2015-2024,,https://doh.sd.gov/media/iy5ld42w/cause-of-death-2015-2024-new.pdf,,fixture_text_capture,Noninflammatory disorders of female genital tract (N80-N98),0,needs_review,calendar_year,2,selected 1 of 2 source rows,False
cod_noninflammatory_disorders_of_female_genital_tract,2.0,2.0,,none,South Dakota,2023,All,False,False,"Causes of Death, 2015-2024",6,count,excl_infant,cod_selected,2015-2024,,https://doh.sd.gov/media/iy5ld42w/cause-of-death-2015-2024-new.pdf,,fixture_text_capture,Noninflammatory disorders of female genital tract (N80-N98),2,needs_review,calendar_year,2,selected 1 of 2 source rows,False
cod_noninflammatory_disorders_of_female_genital_tract,0.0,0.0,,none,South Dakota,2024,All,False,False,"Causes of Death, 2015-2024",6,count,excl_infant,cod_selected,2015-2024,,https://doh.sd.gov/media/iy5ld42w/cause-of-death-2015-2024-new.pdf,,fixture_text_capture,Noninflammatory disorders of female genital tract (N80-N98),0,needs_review,calendar_year,1,,False
cod_obesity,10.0,10.0,,none,South Dakota,2014,All,False,False,"Causes of Death, 2014-2023",0,count,excl_infant,cod_selected,2014-2023,,https://doh.sd.gov/media/g0rf2ewb/sd-cause-of-death-2014-2023.pdf,,fixture_text_capture,Obesity (E66),10,needs_review,calendar_year,1,,False
cod_obesity,224.0,224.0,,none,South Dakota,2014-2023,All,False,False,"Causes of Death, 2014-2023",0,count,excl_infant,cod_selected,2014-2023,,https://doh.sd.gov/media/g0rf2ewb/sd-cause-of-death-2014-2023.pdf,,fixture_text_capture,Obesity (E66),224,needs_review,multi_year_total,1,,False
cod_obesity,15.0,15.0,,none,South Dakota,2015,All,False,False,"Causes of Death, 2015-2024",2,count,excl_infant,cod_selected,2015-2024,,https://doh.sd.gov/media/iy5ld42w/cause-of-death-2015-2024-new.pdf,,fixture_text_capture,Obesity (E66),15,needs_review,calendar_year,2,selected 1 of 2 source rows,False
cod_obesity,237.0,237.0,,none,South Dakota,2015-2024,All,False,False,"Causes of Death, 2015-2024",2,count,excl_infant,cod_selected,2015-2024,,https://doh.sd.gov/media/iy5ld42w/cause-of-death-2015-2024-new.pdf,,fixture_text_capture,Obesity (E66),237,needs_review,multi_year_total,1,,False
cod_obesity,21.0,21.0,,none,South Dakota,2016,All,False,False,"Causes of Death, 2015-2024",2,count,excl_infant,cod_selected,2015-2024,,https://doh.sd.gov/media/iy5ld42w/cause-of-death-2015-2024-new.pdf,,fixture_text_capture,Obesity (E66),21,needs_review,calendar_year,2,selected 1 of 2 source rows,False
cod_obesity,20.0,20.0,,none,South Dakota,2017,All,False,False,"Causes of Death, 2015-2024",2,count,excl_infant,cod_selected,2015-2024,,https://doh.sd.gov/media/iy5ld42w/cause-of-death-2015-2024-new.pdf,,fixture_text_capture,Obesity (E66),20,needs_review,calendar_year,2,selected 1 of 2 source rows,False
cod_obesity,17.0,17.0,,none,South Dakota,2018,All,False,False,"Causes of Death, 2015-2024",2,count,excl_infant,cod_selected,2015-2024,,https://doh.sd.gov/media/iy5ld42w/cause-of-death-2015-2024-new.pdf,,fixture_text_capture,Obesity (E66),17,needs_review,calendar_year,2,selected 1 of 2 source rows,False
cod_obesity,26.0,26.0,,none,South Dakota,2019,All,False,False,"Causes of Death, 2015-2024",2,count,excl_infant,cod_selected,2015-2024,,https://doh.sd.gov/media/iy5ld42w/cause-of-death-2015-2024-new.pdf,,fixture_text_capture,Obesity (E66),26,needs_review,calendar_year,2,selected 1 of 2 source rows,False
cod_obesity,21.0,21.0,,none,South Dakota,2020,All,False,False,"Causes of Death, 2015-2024",2,count,excl_infant,cod_selected,2015-2024,,https://doh.sd.gov/media/iy5ld42w/cause-of-death-2015-2024-new.pdf,,fixture_text_capture,Obesity (E66),21,needs_review,calendar_year,2,selected 1 of 2 source rows,False
cod_obesity,38.0,38.0,,none,South Dakota,2021,All,False,False,"Causes of Death, 2015-2024",2,count,excl_infant,cod_selected,2015-2024,,https://doh.sd.gov/media/iy5ld42w/cause-of-death-2015-2024-new.pdf,,fixture_text_capture,Obesity (E66),38,needs_review,calendar_year,2,selected 1 of 2 source rows,False
cod_obesity,34.0,34.0,,none,South Dakota,2022,All,False,False,"Causes of Death, 2015-2024",2,count,excl_infant,cod_selected,2015-2024,,https://doh.sd.gov/media/iy5ld42w/cause-of-death-2015-2024-new.pdf,,fixture_text_capture,Obesity (E66),34,needs_review,calendar_year,2,selected 1 of 2 source rows,False
cod_obesity,22.0,22.0,,none,South Dakota,2023,All,False,False,"Causes of Death, 2015-2024",2,count,excl_infant,cod_selected,2015-2024,,https://doh.sd.gov/media/iy5ld42w/cause-of-death-2015-2024-new.pdf,,fixture_text_capture,Obesity (E66),22,needs_review,calendar_year,2,selected 1 of 2 source rows,False
cod_obesity,23.0,23.0,,none,South Dakota,2024,All,False,False,"Causes of Death, 2015-2024",2,count,excl_infant,cod_selected,2015-2024,,https://doh.sd.gov/media/iy5ld42w/cause-of-death-2015-2024-new.pdf,,fixture_text_capture,Obesity (E66),23,needs_review,calendar_year,1,,False
cod_osteoarthritis,4.0,4.0,,none,South Dakota,2014,All,False,False,"Causes of Death, 2014-2023",0,count,excl_infant,cod_selected,2014-2023,,https://doh.sd.gov/media/g0rf2ewb/sd-cause-of-death-2014-2023.pdf,,fixture_text_capture,Osteoarthritis (M15-M19),4,needs_review,calendar_year,1,,False
cod_osteoarthritis,35.0,35.0,,none,South Dakota,2014-2023,All,False,False,"Causes of Death, 2014-2023",0,count,excl_infant,cod_selected,2014-2023,,https://doh.sd.gov/media/g0rf2ewb/sd-cause-of-death-2014-2023.pdf,,fixture_text_capture,Osteoarthritis (M15-M19),35,needs_review,multi_year_total,1,,False
cod_osteoarthritis,2.0,2.0,,none,South Dakota,2015,All,False,False,"Causes of Death, 2015-2024",4,count,excl_infant,cod_selected,2015-2024,,https://doh.sd.gov/media/iy5ld42w/cause-of-death-2015-2024-new.pdf,,fixture_text_capture,Osteoarthritis (M15-M19),2,needs_review,calendar_year,2,selected 1 of 2 source rows,False
cod_osteoarthritis,31.0,31.0,,none,South Dakota,2015-2024,All,False,False,"Causes of Death, 2015-2024",4,count,excl_infant,cod_selected,2015-2024,,https://doh.sd.gov/media/iy5ld42w/cause-of-death-2015-2024-new.pdf,,fixture_text_capture,Osteoarthritis (M15-M19),31,needs_review,multi_year_total,1,,False
cod_osteoarthritis,2.0,2.0,,none,South Dakota,2016,All,False,False,"Causes of Death, 2015-2024",4,count,excl_infant,cod_selected,2015-2024,,https://doh.sd.gov/media/iy5ld42w/cause-of-death-2015-2024-new.pdf,,fixture_text_capture,Osteoarthritis (M15-M19),2,needs_review,calendar_year,2,selected 1 of 2 source rows,False
cod_osteoarthritis,5.0,5.0,,none,South Dakota,2017,All,False,False,"Causes of Death, 2015-2024",4,count,excl_infant,cod_selected,2015-2024,,https://doh.sd.gov/media/iy5ld42w/cause-of-death-2015-2024-new.pdf,,fixture_text_capture,Osteoarthritis (M15-M19),5,needs_review,calendar_year,2,selected 1 of 2 source rows,False
cod_osteoarthritis,5.0,5.0,,none,South Dakota,2018,All,False,False,"Causes of Death, 2015-2024",4,count,excl_infant,cod_selected,2015-2024,,https://doh.sd.gov/media/iy5ld42w/cause-of-death-2015-2024-new.pdf,,fixture_text_capture,Osteoarthritis (M15-M19),5,needs_review,calendar_year,2,selected 1 of 2 source rows,False
cod_osteoarthritis,6.0,6.0,,none,South Dakota,2019,All,False,False,"Causes of Death, 2015-2024",4,count,excl_infant,cod_selected,2015-2024,,https://doh.sd.gov/media/iy5ld42w/cause-of-death-2015-2024-new.pdf,,fixture_text_capture,Osteoarthritis (M15-M19),6,needs_review,calendar_year,2,selected 1 of 2 source rows,False
cod_osteoarthritis,2.0,2.0,,none,South Dakota,2020,All,False,False,"Causes of Death, 2015-2024",4,count,excl_infant,cod_selected,2015-2024,,https://doh.sd.gov/media/iy5ld42w/cause-of-death-2015-2024-new.pdf,,fixture_text_capture,Osteoarthritis (M15-M19),2,needs_review,calendar_year,2,selected 1 of 2 source rows,False
cod_osteoarthritis,4.0,4.0,,none,South Dakota,2021,All,False,False,"Causes of Death, 2015-2024",4,count,excl_infant,cod_selected,2015-2024,,https://doh.sd.gov/media/iy5ld42w/cause-of-death-2015-2024-new.pdf,,fixture_text_capture,Osteoarthritis (M15-M19),4,needs_review,calendar_year,2,selected 1 of 2 source rows,False
cod_osteoarthritis,3.0,3.0,,none,South Dakota,2022,All,False,False,"Causes of Death, 2015-2024",4,count,excl_infant,cod_selected,2015-2024,,https://doh.sd.gov/media/iy5ld42w/cause-of-death-2015-2024-new.pdf,,fixture_text_capture,Osteoarthritis (M15-M19),3,needs_review,calendar_year,2,selected 1 of 2 source rows,False
cod_osteoarthritis,2.0,2.0,,none,South Dakota,2023,All,False,False,"Causes of Death, 2015-2024",4,count,excl_infant,cod_selected,2015-2024,,https://doh.sd.gov/media/iy5ld42w/cause-of-death-2015-2024-new.pdf,,fixture_text_capture,Osteoarthritis (M15-M19),2,needs_review,calendar_year,2,selected 1 of 2 source rows,False
cod_osteoarthritis,0.0,0.0,,none,South Dakota,2024,All,False,False,"Causes of Death, 2015-2024",4,count,excl_infant,cod_selected,2015-2024,,https://doh.sd.gov/media/iy5ld42w/cause-of-death-2015-2024-new.pdf,,fixture_text_capture,Osteoarthritis (M15-M19),0,needs_review,calendar_year,1,,False
cod_osteoporosis,9.0,9.0,,none,South Dakota,2015,All,False,False,"Causes of Death, 2015-2024",4,count,excl_infant,cod_selected,2015-2024,,https://doh.sd.gov/media/iy5ld42w/cause-of-death-2015-2024-new.pdf,,fixture_text_capture,Osteoporosis (M80-M82),9,needs_review,calendar_year,1,,False
cod_osteoporosis,60.0,60.0,,none,South Dakota,2015-2024,All,False,False,"Causes of Death, 2015-2024",4,count,excl_infant,cod_selected,2015-2024,,https://doh.sd.gov/media/iy5ld42w/cause-of-death-2015-2024-new.pdf,,fixture_text_capture,Osteoporosis (M80-M82),60,needs_review,multi_year_total,1,,False
cod_osteoporosis,3.0,3.0,,none,South Dakota,2016,All,False,False,"Causes of Death, 2015-2024",4,count,excl_infant,cod_selected,2015-2024,,https://doh.sd.gov/media/iy5ld42w/cause-of-death-2015-2024-new.pdf,,fixture_text_capture,Osteoporosis (M80-M82),3,needs_review,calendar_year,1,,False
cod_osteoporosis,7.0,7.0,,none,South Dakota,2017,All,False,False,"Causes of Death, 2015-2024",4,count,excl_infant,cod_selected,2015-2024,,https://doh.sd.gov/media/iy5ld42w/cause-of-death-2015-2024-new.pdf,,fixture_text_capture,Osteoporosis (M80-M82),7,needs_review,calendar_year,1,,False
cod_osteoporosis,7.0,7.0,,none,South Dakota,2018,All,False,False,"Causes of Death, 2015-2024",4,count,excl_infant,cod_selected,2015-2024,,https://doh.sd.gov/media/iy5ld42w/cause-of-death-2015-2024-new.pdf,,fixture_text_capture,Osteoporosis (M80-M82),7,needs_review,calendar_year,1,,False
cod_osteoporosis,9.0,9.0,,none,South Dakota,2019,All,False,False,"Causes of Death, 2015-2024",4,count,excl_infant,cod_selected,2015-2024,,https://doh.sd.gov/media/iy5ld42w/cause-of-death-2015-2024-new.pdf,,fixture_text_capture,Osteoporosis (M80-M82),9,needs_review,calendar_year,1,,False
cod_osteoporosis,3.0,3.0,,none,South Dakota,2020,All,False,False,"Causes of Death, 2015-2024",4,count,excl_infant,cod_selected,2015-2024,,https://doh.sd.gov/media/iy5ld42w/cause-of-death-2015-2024-new.pdf,,fixture_text_capture,Osteoporosis (M80-M82),3,needs_review,calendar_year,1,,False
cod_osteoporosis,6.0,6.0,,none,South Dakota,2021,All,False,False,"Causes of Death, 2015-2024",4,count,excl_infant,cod_selected,2015-2024,,https://doh.sd.gov/media/iy5ld42w/cause-of-death-2015-2024-new.pdf,,fixture_text_capture,Osteoporosis (M80-M82),6,needs_review,calendar_year,1,,False
cod_osteoporosis,3.0,3.0,,none,South Dakota,2022,All,False,False,"Causes of Death, 2015-2024",4,count,excl_infant,cod_selected,2015-2024,,https://doh.sd.gov/media/iy5ld42w/cause-of-death-2015-2024-new.pdf,,fixture_text_capture,Osteoporosis (M80-M82),3,needs_review,calendar_year,1,,False
cod_osteoporosis,6.0,6.0,,none,South Dakota,2023,All,False,False,"Causes of Death, 2015-2024",4,count,excl_infant,cod_selected,2015-2024,,https://doh.sd.gov/media/iy5ld42w/cause-of-death-2015-2024-new.pdf,,fixture_text_capture,Osteoporosis (M80-M82),6,needs_review,calendar_year,1,,False
cod_osteoporosis,7.0,7.0,,none,South Dakota,2024,All,False,False,"Causes of Death, 2015-2024",4,count,excl_infant,cod_selected,2015-2024,,https://doh.sd.gov/media/iy5ld42w/cause-of-death-2015-2024-new.pdf,,fixture_text_capture,Osteoporosis (M80-M82),7,needs_review,calendar_year,1,,False
cod_pancytopenia_and_or_aplastic_anemia,6.0,6.0,,none,South Dakota,2015,All,False,False,"Causes of Death, 2015-2024",4,count,excl_infant,cod_selected,2015-2024,,https://doh.sd.gov/media/iy5ld42w/cause-of-death-2015-2024-new.pdf,,fixture_text_capture,Pancytopenia and/or aplastic anemia (D61.9),6,needs_review,calendar_year,1,,False
cod_pancytopenia_and_or_aplastic_anemia,38.0,38.0,,none,South Dakota,2015-2024,All,False,False,"Causes of Death, 2015-2024",4,count,excl_infant,cod_selected,2015-2024,,https://doh.sd.gov/media/iy5ld42w/cause-of-death-2015-2024-new.pdf,,fixture_text_capture,Pancytopenia and/or aplastic anemia (D61.9),38,needs_review,multi_year_total,1,,False
cod_pancytopenia_and_or_aplastic_anemia,7.0,7.0,,none,South Dakota,2016,All,False,False,"Causes of Death, 2015-2024",4,count,excl_infant,cod_selected,2015-2024,,https://doh.sd.gov/media/iy5ld42w/cause-of-death-2015-2024-new.pdf,,fixture_text_capture,Pancytopenia and/or aplastic anemia (D61.9),7,needs_review,calendar_year,1,,False
cod_pancytopenia_and_or_aplastic_anemia,5.0,5.0,,none,South Dakota,2017,All,False,False,"Causes of Death, 2015-2024",4,count,excl_infant,cod_selected,2015-2024,,https://doh.sd.gov/media/iy5ld42w/cause-of-death-2015-2024-new.pdf,,fixture_text_capture,Pancytopenia and/or aplastic anemia (D61.9),5,needs_review,calendar_year,1,,False
cod_pancytopenia_and_or_aplastic_anemia,2.0,2.0,,none,South Dakota,2018,All,False,False,"Causes of Death, 2015-2024",4,count,excl_infant,cod_selected,2015-2024,,https://doh.sd.gov/media/iy5ld42w/cause-of-death-2015-2024-new.pdf,,fixture_text_capture,Pancytopenia and/or aplastic anemia (D61.9),2,needs_review,calendar_year,1,,False
cod_pancytopenia_and_or_aplastic_anemia,2.0,2.0,,none,South Dakota,2019,All,False,False,"Causes of Death, 2015-2024",4,count,excl_infant,cod_selected,2015-2024,,https://doh.sd.gov/media/iy5ld42w/cause-of-death-2015-2024-new.pdf,,fixture_text_capture,Pancytopenia and/or aplastic anemia (D61.9),2,needs_review,calendar_year,1,,False
cod_pancytopenia_and_or_aplastic_anemia,2.0,2.0,,none,South Dakota,2020,All,False,False,"Causes of Death, 2015-2024",4,count,excl_infant,cod_selected,2015-2024,,https://doh.sd.gov/media/iy5ld42w/cause-of-death-2015-2024-new.pdf,,fixture_text_capture,Pancytopenia and/or aplastic anemia (D61.9),2,needs_review,calendar_year,1,,False
cod_pancytopenia_and_or_aplastic_anemia,3.0,3.0,,none,South Dakota,2021,All,False,False,"Causes of Death, 2015-2024",4,count,excl_infant,cod_selected,2015-2024,,https://doh.sd.gov/media/iy5ld42w/cause-of-death-2015-2024-new.pdf,,fixture_text_capture,Pancytopenia and/or aplastic anemia (D61.9),3,needs_review,calendar_year,1,,False
cod_pancytopenia_and_or_aplastic_anemia,3.0,3.0,,none,South Dakota,2022,All,False,False,"Causes of Death, 2015-2024",4,count,excl_infant,cod_selected,2015-2024,,https://doh.sd.gov/media/iy5ld42w/cause-of-death-2015-2024-new.pdf,,fixture_text_capture,Pancytopenia and/or aplastic anemia (D61.9),3,needs_review,calendar_year,1,,False
cod_pancytopenia_and_or_aplastic_anemia,3.0,3.0,,none,South Dakota,2023,All,False,False,"Causes of Death, 2015-2024",4,count,excl_infant,cod_selected,2015-2024,,https://doh.sd.gov/media/iy5ld42w/cause-of-death-2015-2024-new.pdf,,fixture_text_capture,Pancytopenia and/or aplastic anemia (D61.9),3,needs_review,calendar_year,1,,False
cod_pancytopenia_and_or_aplastic_anemia,5.0,5.0,,none,South Dakota,2024,All,False,False,"Causes of Death, 2015-2024",4,count,excl_infant,cod_selected,2015-2024,,https://doh.sd.gov/media/iy5ld42w/cause-of-death-2015-2024-new.pdf,,fixture_text_capture,Pancytopenia and/or aplastic anemia (D61.9),5,needs_review,calendar_year,1,,False
cod_parainfluenza,0.0,0.0,,none,South Dakota,2015,All,False,False,"Causes of Death, 2015-2024",6,count,excl_infant,cod_selected,2015-2024,,https://doh.sd.gov/media/iy5ld42w/cause-of-death-2015-2024-new.pdf,,fixture_text_capture,Parainfluenza (B34.8),0,needs_review,calendar_year,1,,False
cod_parainfluenza,11.0,11.0,,none,South Dakota,2015-2024,All,False,False,"Causes of Death, 2015-2024",6,count,excl_infant,cod_selected,2015-2024,,https://doh.sd.gov/media/iy5ld42w/cause-of-death-2015-2024-new.pdf,,fixture_text_capture,Parainfluenza (B34.8),11,needs_review,multi_year_total,1,,False
cod_parainfluenza,0.0,0.0,,none,South Dakota,2016,All,False,False,"Causes of Death, 2015-2024",6,count,excl_infant,cod_selected,2015-2024,,https://doh.sd.gov/media/iy5ld42w/cause-of-death-2015-2024-new.pdf,,fixture_text_capture,Parainfluenza (B34.8),0,needs_review,calendar_year,1,,False
cod_parainfluenza,0.0,0.0,,none,South Dakota,2017,All,False,False,"Causes of Death, 2015-2024",6,count,excl_infant,cod_selected,2015-2024,,https://doh.sd.gov/media/iy5ld42w/cause-of-death-2015-2024-new.pdf,,fixture_text_capture,Parainfluenza (B34.8),0,needs_review,calendar_year,1,,False
cod_parainfluenza,3.0,3.0,,none,South Dakota,2018,All,False,False,"Causes of Death, 2015-2024",6,count,excl_infant,cod_selected,2015-2024,,https://doh.sd.gov/media/iy5ld42w/cause-of-death-2015-2024-new.pdf,,fixture_text_capture,Parainfluenza (B34.8),3,needs_review,calendar_year,1,,False
cod_parainfluenza,2.0,2.0,,none,South Dakota,2019,All,False,False,"Causes of Death, 2015-2024",6,count,excl_infant,cod_selected,2015-2024,,https://doh.sd.gov/media/iy5ld42w/cause-of-death-2015-2024-new.pdf,,fixture_text_capture,Parainfluenza (B34.8),2,needs_review,calendar_year,1,,False
cod_parainfluenza,2.0,2.0,,none,South Dakota,2020,All,False,False,"Causes of Death, 2015-2024",6,count,excl_infant,cod_selected,2015-2024,,https://doh.sd.gov/media/iy5ld42w/cause-of-death-2015-2024-new.pdf,,fixture_text_capture,Parainfluenza (B34.8),2,needs_review,calendar_year,1,,False
cod_parainfluenza,0.0,0.0,,none,South Dakota,2021,All,False,False,"Causes of Death, 2015-2024",6,count,excl_infant,cod_selected,2015-2024,,https://doh.sd.gov/media/iy5ld42w/cause-of-death-2015-2024-new.pdf,,fixture_text_capture,Parainfluenza (B34.8),0,needs_review,calendar_year,1,,False
cod_parainfluenza,1.0,1.0,,none,South Dakota,2022,All,False,False,"Causes of Death, 2015-2024",6,count,excl_infant,cod_selected,2015-2024,,https://doh.sd.gov/media/iy5ld42w/cause-of-death-2015-2024-new.pdf,,fixture_text_capture,Parainfluenza (B34.8),1,needs_review,calendar_year,1,,False
cod_parainfluenza,1.0,1.0,,none,South Dakota,2023,All,False,False,"Causes of Death, 2015-2024",6,count,excl_infant,cod_selected,2015-2024,,https://doh.sd.gov/media/iy5ld42w/cause-of-death-2015-2024-new.pdf,,fixture_text_capture,Parainfluenza (B34.8),1,needs_review,calendar_year,1,,False
cod_parainfluenza,2.0,2.0,,none,South Dakota,2024,All,False,False,"Causes of Death, 2015-2024",6,count,excl_infant,cod_selected,2015-2024,,https://doh.sd.gov/media/iy5ld42w/cause-of-death-2015-2024-new.pdf,,fixture_text_capture,Parainfluenza (B34.8),2,needs_review,calendar_year,1,,False
cod_paralytic_ileus_and_intestinal_obstruction_without_hernia,26.0,26.0,,none,South Dakota,2014,All,False,False,"Causes of Death, 2014-2023",0,count,excl_infant,cod_selected,2014-2023,,https://doh.sd.gov/media/g0rf2ewb/sd-cause-of-death-2014-2023.pdf,,fixture_text_capture,Paralytic ileus and intestinal obstruction without hernia (K56),26,needs_review,calendar_year,1,,False
cod_paralytic_ileus_and_intestinal_obstruction_without_hernia,332.0,332.0,,none,South Dakota,2014-2023,All,False,False,"Causes of Death, 2014-2023",0,count,excl_infant,cod_selected,2014-2023,,https://doh.sd.gov/media/g0rf2ewb/sd-cause-of-death-2014-2023.pdf,,fixture_text_capture,Paralytic ileus and intestinal obstruction without hernia (K56),332,needs_review,multi_year_total,1,,False
cod_paralytic_ileus_and_intestinal_obstruction_without_hernia,24.0,24.0,,none,South Dakota,2015,All,False,False,"Causes of Death, 2015-2024",2,count,excl_infant,cod_selected,2015-2024,,https://doh.sd.gov/media/iy5ld42w/cause-of-death-2015-2024-new.pdf,,fixture_text_capture,Paralytic ileus and intestinal obstruction without hernia (K56),24,needs_review,calendar_year,2,selected 1 of 2 source rows,False
cod_paralytic_ileus_and_intestinal_obstruction_without_hernia,348.0,348.0,,none,South Dakota,2015-2024,All,False,False,"Causes of Death, 2015-2024",2,count,excl_infant,cod_selected,2015-2024,,https://doh.sd.gov/media/iy5ld42w/cause-of-death-2015-2024-new.pdf,,fixture_text_capture,Paralytic ileus and intestinal obstruction without hernia (K56),348,needs_review,multi_year_total,1,,False
cod_paralytic_ileus_and_intestinal_obstruction_without_hernia,37.0,37.0,,none,South Dakota,2016,All,False,False,"Causes of Death, 2015-2024",2,count,excl_infant,cod_selected,2015-2024,,https://doh.sd.gov/media/iy5ld42w/cause-of-death-2015-2024-new.pdf,,fixture_text_capture,Paralytic ileus and intestinal obstruction without hernia (K56),37,needs_review,calendar_year,2,selected 1 of 2 source rows,False
cod_paralytic_ileus_and_intestinal_obstruction_without_hernia,34.0,34.0,,none,South Dakota,2017,All,False,False,"Causes of Death, 2015-2024",2,count,excl_infant,cod_selected,2015-2024,,https://doh.sd.gov/media/iy5ld42w/cause-of-death-2015-2024-new.pdf,,fixture_text_capture,Paralytic ileus and intestinal obstruction without hernia (K56),34,needs_review,calendar_year,2,selected 1 of 2 source rows,False
cod_paralytic_ileus_and_intestinal_obstruction_without_hernia,35.0,35.0,,none,South Dakota,2018,All,False,False,"Causes of Death, 2015-2024",2,count,excl_infant,cod_selected,2015-2024,,https://doh.sd.gov/media/iy5ld42w/cause-of-death-2015-2024-new.pdf,,fixture_text_capture,Paralytic ileus and intestinal obstruction without hernia (K56),35,needs_review,calendar_year,2,selected 1 of 2 source rows,False
cod_paralytic_ileus_and_intestinal_obstruction_without_hernia,28.0,28.0,,none,South Dakota,2019,All,False,False,"Causes of Death, 2015-2024",2,count,excl_infant,cod_selected,2015-2024,,https://doh.sd.gov/media/iy5ld42w/cause-of-death-2015-2024-new.pdf,,fixture_text_capture,Paralytic ileus and intestinal obstruction without hernia (K56),28,needs_review,calendar_year,2,selected 1 of 2 source rows,False
cod_paralytic_ileus_and_intestinal_obstruction_without_hernia,33.0,33.0,,none,South Dakota,2020,All,False,False,"Causes of Death, 2015-2024",2,count,excl_infant,cod_selected,2015-2024,,https://doh.sd.gov/media/iy5ld42w/cause-of-death-2015-2024-new.pdf,,fixture_text_capture,Paralytic ileus and intestinal obstruction without hernia (K56),33,needs_review,calendar_year,2,selected 1 of 2 source rows,False
cod_paralytic_ileus_and_intestinal_obstruction_without_hernia,35.0,35.0,,none,South Dakota,2021,All,False,False,"Causes of Death, 2015-2024",2,count,excl_infant,cod_selected,2015-2024,,https://doh.sd.gov/media/iy5ld42w/cause-of-death-2015-2024-new.pdf,,fixture_text_capture,Paralytic ileus and intestinal obstruction without hernia (K56),35,needs_review,calendar_year,2,selected 1 of 2 source rows,False
cod_paralytic_ileus_and_intestinal_obstruction_without_hernia,39.0,39.0,,none,South Dakota,2022,All,False,False,"Causes of Death, 2015-2024",2,count,excl_infant,cod_selected,2015-2024,,https://doh.sd.gov/media/iy5ld42w/cause-of-death-2015-2024-new.pdf,,fixture_text_capture,Paralytic ileus and intestinal obstruction without hernia (K56),39,needs_review,calendar_year,2,selected 1 of 2 source rows,False
cod_paralytic_ileus_and_intestinal_obstruction_without_hernia,41.0,41.0,,none,South Dakota,2023,All,False,False,"Causes of Death, 2015-2024",2,count,excl_infant,cod_selected,2015-2024,,https://doh.sd.gov/media/iy5ld42w/cause-of-death-2015-2024-new.pdf,,fixture_text_capture,Paralytic ileus and intestinal obstruction without hernia (K56),41,needs_review,calendar_year,2,selected 1 of 2 source rows,False
cod_paralytic_ileus_and_intestinal_obstruction_without_hernia,42.0,42.0,,none,South Dakota,2024,All,False,False,"Causes of Death, 2015-2024",2,count,excl_infant,cod_selected,2015-2024,,https://doh.sd.gov/media/iy5ld42w/cause-of-death-2015-2024-new.pdf,,fixture_text_capture,Paralytic ileus and intestinal obstruction without hernia (K56),42,needs_review,calendar_year,1,,False
cod_parkinson_s_disease,63.0,63.0,,none,South Dakota,2014,All,False,False,"Causes of Death, 2014-2023",0,count,excl_infant,cod_selected,2014-2023,,https://doh.sd.gov/media/g0rf2ewb/sd-cause-of-death-2014-2023.pdf,,fixture_text_capture,Parkinson's disease (G20-G21),63,needs_review,calendar_year,1,,False
cod_parkinson_s_disease,906.0,906.0,,none,South Dakota,2014-2023,All,False,False,"Causes of Death, 2014-2023",0,count,excl_infant,cod_selected,2014-2023,,https://doh.sd.gov/media/g0rf2ewb/sd-cause-of-death-2014-2023.pdf,,fixture_text_capture,Parkinson's disease (G20-G21),906,needs_review,multi_year_total,1,,False
cod_parkinson_s_disease,80.0,80.0,,none,South Dakota,2015,All,False,False,"Causes of Death, 2015-2024",1,count,excl_infant,cod_selected,2015-2024,,https://doh.sd.gov/media/iy5ld42w/cause-of-death-2015-2024-new.pdf,,fixture_text_capture,Parkinson's disease (G20-G21),80,needs_review,calendar_year,2,selected 1 of 2 source rows,False
cod_parkinson_s_disease,959.0,959.0,,none,South Dakota,2015-2024,All,False,False,"Causes of Death, 2015-2024",1,count,excl_infant,cod_selected,2015-2024,,https://doh.sd.gov/media/iy5ld42w/cause-of-death-2015-2024-new.pdf,,fixture_text_capture,Parkinson's disease (G20-G21),959,needs_review,multi_year_total,1,,False
cod_parkinson_s_disease,86.0,86.0,,none,South Dakota,2016,All,False,False,"Causes of Death, 2015-2024",1,count,excl_infant,cod_selected,2015-2024,,https://doh.sd.gov/media/iy5ld42w/cause-of-death-2015-2024-new.pdf,,fixture_text_capture,Parkinson's disease (G20-G21),86,needs_review,calendar_year,2,selected 1 of 2 source rows,False
cod_parkinson_s_disease,89.0,89.0,,none,South Dakota,2017,All,False,False,"Causes of Death, 2015-2024",1,count,excl_infant,cod_selected,2015-2024,,https://doh.sd.gov/media/iy5ld42w/cause-of-death-2015-2024-new.pdf,,fixture_text_capture,Parkinson's disease (G20-G21),89,needs_review,calendar_year,2,selected 1 of 2 source rows,False
cod_parkinson_s_disease,104.0,104.0,,none,South Dakota,2018,All,False,False,"Causes of Death, 2015-2024",1,count,excl_infant,cod_selected,2015-2024,,https://doh.sd.gov/media/iy5ld42w/cause-of-death-2015-2024-new.pdf,,fixture_text_capture,Parkinson's disease (G20-G21),104,needs_review,calendar_year,2,selected 1 of 2 source rows,False
cod_parkinson_s_disease,91.0,91.0,,none,South Dakota,2019,All,False,False,"Causes of Death, 2015-2024",1,count,excl_infant,cod_selected,2015-2024,,https://doh.sd.gov/media/iy5ld42w/cause-of-death-2015-2024-new.pdf,,fixture_text_capture,Parkinson's disease (G20-G21),91,needs_review,calendar_year,2,selected 1 of 2 source rows,False
cod_parkinson_s_disease,102.0,102.0,,none,South Dakota,2020,All,False,False,"Causes of Death, 2015-2024",1,count,excl_infant,cod_selected,2015-2024,,https://doh.sd.gov/media/iy5ld42w/cause-of-death-2015-2024-new.pdf,,fixture_text_capture,Parkinson's disease (G20-G21),102,needs_review,calendar_year,2,selected 1 of 2 source rows,False
cod_parkinson_s_disease,98.0,98.0,,none,South Dakota,2021,All,False,False,"Causes of Death, 2015-2024",1,count,excl_infant,cod_selected,2015-2024,,https://doh.sd.gov/media/iy5ld42w/cause-of-death-2015-2024-new.pdf,,fixture_text_capture,Parkinson's disease (G20-G21),98,needs_review,calendar_year,2,selected 1 of 2 source rows,False
cod_parkinson_s_disease,99.0,99.0,,none,South Dakota,2022,All,False,False,"Causes of Death, 2015-2024",1,count,excl_infant,cod_selected,2015-2024,,https://doh.sd.gov/media/iy5ld42w/cause-of-death-2015-2024-new.pdf,,fixture_text_capture,Parkinson's disease (G20-G21),99,needs_review,calendar_year,2,selected 1 of 2 source rows,False
cod_parkinson_s_disease,94.0,94.0,,none,South Dakota,2023,All,False,False,"Causes of Death, 2015-2024",1,count,excl_infant,cod_selected,2015-2024,,https://doh.sd.gov/media/iy5ld42w/cause-of-death-2015-2024-new.pdf,,fixture_text_capture,Parkinson's disease (G20-G21),94,needs_review,calendar_year,2,selected 1 of 2 source rows,False
cod_parkinson_s_disease,116.0,116.0,,none,South Dakota,2024,All,False,False,"Causes of Death, 2015-2024",1,count,excl_infant,cod_selected,2015-2024,,https://doh.sd.gov/media/iy5ld42w/cause-of-death-2015-2024-new.pdf,,fixture_text_capture,Parkinson's disease (G20-G21),116,needs_review,calendar_year,1,,False
cod_peptic_ulcer,11.0,11.0,,none,South Dakota,2014,All,False,False,"Causes of Death, 2014-2023",0,count,excl_infant,cod_selected,2014-2023,,https://doh.sd.gov/media/g0rf2ewb/sd-cause-of-death-2014-2023.pdf,,fixture_text_capture,Peptic ulcer (K25-K28),11,needs_review,calendar_year,1,,False
cod_peptic_ulcer,128.0,128.0,,none,South Dakota,2014-2023,All,False,False,"Causes of Death, 2014-2023",0,count,excl_infant,cod_selected,2014-2023,,https://doh.sd.gov/media/g0rf2ewb/sd-cause-of-death-2014-2023.pdf,,fixture_text_capture,Peptic ulcer (K25-K28),128,needs_review,multi_year_total,1,,False
cod_peptic_ulcer,10.0,10.0,,none,South Dakota,2015,All,False,False,"Causes of Death, 2015-2024",2,count,excl_infant,cod_selected,2015-2024,,https://doh.sd.gov/media/iy5ld42w/cause-of-death-2015-2024-new.pdf,,fixture_text_capture,Peptic ulcer (K25-K28),10,needs_review,calendar_year,2,selected 1 of 2 source rows,False
cod_peptic_ulcer,135.0,135.0,,none,South Dakota,2015-2024,All,False,False,"Causes of Death, 2015-2024",2,count,excl_infant,cod_selected,2015-2024,,https://doh.sd.gov/media/iy5ld42w/cause-of-death-2015-2024-new.pdf,,fixture_text_capture,Peptic ulcer (K25-K28),135,needs_review,multi_year_total,1,,False
cod_peptic_ulcer,6.0,6.0,,none,South Dakota,2016,All,False,False,"Causes of Death, 2015-2024",2,count,excl_infant,cod_selected,2015-2024,,https://doh.sd.gov/media/iy5ld42w/cause-of-death-2015-2024-new.pdf,,fixture_text_capture,Peptic ulcer (K25-K28),6,needs_review,calendar_year,2,selected 1 of 2 source rows,False
cod_peptic_ulcer,13.0,13.0,,none,South Dakota,2017,All,False,False,"Causes of Death, 2015-2024",2,count,excl_infant,cod_selected,2015-2024,,https://doh.sd.gov/media/iy5ld42w/cause-of-death-2015-2024-new.pdf,,fixture_text_capture,Peptic ulcer (K25-K28),13,needs_review,calendar_year,2,selected 1 of 2 source rows,False
cod_peptic_ulcer,13.0,13.0,,none,South Dakota,2018,All,False,False,"Causes of Death, 2015-2024",2,count,excl_infant,cod_selected,2015-2024,,https://doh.sd.gov/media/iy5ld42w/cause-of-death-2015-2024-new.pdf,,fixture_text_capture,Peptic ulcer (K25-K28),13,needs_review,calendar_year,2,selected 1 of 2 source rows,False
cod_peptic_ulcer,16.0,16.0,,none,South Dakota,2019,All,False,False,"Causes of Death, 2015-2024",2,count,excl_infant,cod_selected,2015-2024,,https://doh.sd.gov/media/iy5ld42w/cause-of-death-2015-2024-new.pdf,,fixture_text_capture,Peptic ulcer (K25-K28),16,needs_review,calendar_year,2,selected 1 of 2 source rows,False
cod_peptic_ulcer,16.0,16.0,,none,South Dakota,2020,All,False,False,"Causes of Death, 2015-2024",2,count,excl_infant,cod_selected,2015-2024,,https://doh.sd.gov/media/iy5ld42w/cause-of-death-2015-2024-new.pdf,,fixture_text_capture,Peptic ulcer (K25-K28),16,needs_review,calendar_year,2,selected 1 of 2 source rows,False
cod_peptic_ulcer,16.0,16.0,,none,South Dakota,2021,All,False,False,"Causes of Death, 2015-2024",2,count,excl_infant,cod_selected,2015-2024,,https://doh.sd.gov/media/iy5ld42w/cause-of-death-2015-2024-new.pdf,,fixture_text_capture,Peptic ulcer (K25-K28),16,needs_review,calendar_year,2,selected 1 of 2 source rows,False
cod_peptic_ulcer,15.0,15.0,,none,South Dakota,2022,All,False,False,"Causes of Death, 2015-2024",2,count,excl_infant,cod_selected,2015-2024,,https://doh.sd.gov/media/iy5ld42w/cause-of-death-2015-2024-new.pdf,,fixture_text_capture,Peptic ulcer (K25-K28),15,needs_review,calendar_year,2,selected 1 of 2 source rows,False
cod_peptic_ulcer,12.0,12.0,,none,South Dakota,2023,All,False,False,"Causes of Death, 2015-2024",2,count,excl_infant,cod_selected,2015-2024,,https://doh.sd.gov/media/iy5ld42w/cause-of-death-2015-2024-new.pdf,,fixture_text_capture,Peptic ulcer (K25-K28),12,needs_review,calendar_year,2,selected 1 of 2 source rows,False
cod_peptic_ulcer,18.0,18.0,,none,South Dakota,2024,All,False,False,"Causes of Death, 2015-2024",2,count,excl_infant,cod_selected,2015-2024,,https://doh.sd.gov/media/iy5ld42w/cause-of-death-2015-2024-new.pdf,,fixture_text_capture,Peptic ulcer (K25-K28),18,needs_review,calendar_year,1,,False
cod_perforation_of_intestine,9.0,9.0,,none,South Dakota,2014,All,False,False,"Causes of Death, 2014-2023",0,count,excl_infant,cod_selected,2014-2023,,https://doh.sd.gov/media/g0rf2ewb/sd-cause-of-death-2014-2023.pdf,,fixture_text_capture,Perforation of intestine (K63.1),9,needs_review,calendar_year,1,,False
cod_perforation_of_intestine,85.0,85.0,,none,South Dakota,2014-2023,All,False,False,"Causes of Death, 2014-2023",0,count,excl_infant,cod_selected,2014-2023,,https://doh.sd.gov/media/g0rf2ewb/sd-cause-of-death-2014-2023.pdf,,fixture_text_capture,Perforation of intestine (K63.1),85,needs_review,multi_year_total,1,,False
cod_perforation_of_intestine,8.0,8.0,,none,South Dakota,2015,All,False,False,"Causes of Death, 2015-2024",3,count,excl_infant,cod_selected,2015-2024,,https://doh.sd.gov/media/iy5ld42w/cause-of-death-2015-2024-new.pdf,,fixture_text_capture,Perforation of intestine (K63.1),8,needs_review,calendar_year,2,selected 1 of 2 source rows,False
cod_perforation_of_intestine,84.0,84.0,,none,South Dakota,2015-2024,All,False,False,"Causes of Death, 2015-2024",3,count,excl_infant,cod_selected,2015-2024,,https://doh.sd.gov/media/iy5ld42w/cause-of-death-2015-2024-new.pdf,,fixture_text_capture,Perforation of intestine (K63.1),84,needs_review,multi_year_total,1,,False
cod_perforation_of_intestine,10.0,10.0,,none,South Dakota,2016,All,False,False,"Causes of Death, 2015-2024",3,count,excl_infant,cod_selected,2015-2024,,https://doh.sd.gov/media/iy5ld42w/cause-of-death-2015-2024-new.pdf,,fixture_text_capture,Perforation of intestine (K63.1),10,needs_review,calendar_year,2,selected 1 of 2 source rows,False
cod_perforation_of_intestine,6.0,6.0,,none,South Dakota,2017,All,False,False,"Causes of Death, 2015-2024",3,count,excl_infant,cod_selected,2015-2024,,https://doh.sd.gov/media/iy5ld42w/cause-of-death-2015-2024-new.pdf,,fixture_text_capture,Perforation of intestine (K63.1),6,needs_review,calendar_year,2,selected 1 of 2 source rows,False
cod_perforation_of_intestine,5.0,5.0,,none,South Dakota,2018,All,False,False,"Causes of Death, 2015-2024",3,count,excl_infant,cod_selected,2015-2024,,https://doh.sd.gov/media/iy5ld42w/cause-of-death-2015-2024-new.pdf,,fixture_text_capture,Perforation of intestine (K63.1),5,needs_review,calendar_year,2,selected 1 of 2 source rows,False
cod_perforation_of_intestine,6.0,6.0,,none,South Dakota,2019,All,False,False,"Causes of Death, 2015-2024",3,count,excl_infant,cod_selected,2015-2024,,https://doh.sd.gov/media/iy5ld42w/cause-of-death-2015-2024-new.pdf,,fixture_text_capture,Perforation of intestine (K63.1),6,needs_review,calendar_year,2,selected 1 of 2 source rows,False
cod_perforation_of_intestine,14.0,14.0,,none,South Dakota,2020,All,False,False,"Causes of Death, 2015-2024",3,count,excl_infant,cod_selected,2015-2024,,https://doh.sd.gov/media/iy5ld42w/cause-of-death-2015-2024-new.pdf,,fixture_text_capture,Perforation of intestine (K63.1),14,needs_review,calendar_year,2,selected 1 of 2 source rows,False
cod_perforation_of_intestine,13.0,13.0,,none,South Dakota,2021,All,False,False,"Causes of Death, 2015-2024",3,count,excl_infant,cod_selected,2015-2024,,https://doh.sd.gov/media/iy5ld42w/cause-of-death-2015-2024-new.pdf,,fixture_text_capture,Perforation of intestine (K63.1),13,needs_review,calendar_year,2,selected 1 of 2 source rows,False
cod_perforation_of_intestine,5.0,5.0,,none,South Dakota,2022,All,False,False,"Causes of Death, 2015-2024",3,count,excl_infant,cod_selected,2015-2024,,https://doh.sd.gov/media/iy5ld42w/cause-of-death-2015-2024-new.pdf,,fixture_text_capture,Perforation of intestine (K63.1),5,needs_review,calendar_year,2,selected 1 of 2 source rows,False
cod_perforation_of_intestine,9.0,9.0,,none,South Dakota,2023,All,False,False,"Causes of Death, 2015-2024",3,count,excl_infant,cod_selected,2015-2024,,https://doh.sd.gov/media/iy5ld42w/cause-of-death-2015-2024-new.pdf,,fixture_text_capture,Perforation of intestine (K63.1),9,needs_review,calendar_year,2,selected 1 of 2 source rows,False
cod_perforation_of_intestine,8.0,8.0,,none,South Dakota,2024,All,False,False,"Causes of Death, 2015-2024",3,count,excl_infant,cod_selected,2015-2024,,https://doh.sd.gov/media/iy5ld42w/cause-of-death-2015-2024-new.pdf,,fixture_text_capture,Perforation of intestine (K63.1),8,needs_review,calendar_year,1,,False
cod_peripheral_vascular_disease_unspecified,17.0,17.0,,none,South Dakota,2014,All,False,False,"Causes of Death, 2014-2023",0,count,excl_infant,cod_selected,2014-2023,,https://doh.sd.gov/media/g0rf2ewb/sd-cause-of-death-2014-2023.pdf,,fixture_text_capture,"Peripheral vascular disease, unspecified (I73.9)",17,needs_review,calendar_year,1,,False
cod_peripheral_vascular_disease_unspecified,254.0,254.0,,none,South Dakota,2014-2023,All,False,False,"Causes of Death, 2014-2023",0,count,excl_infant,cod_selected,2014-2023,,https://doh.sd.gov/media/g0rf2ewb/sd-cause-of-death-2014-2023.pdf,,fixture_text_capture,"Peripheral vascular disease, unspecified (I73.9)",254,needs_review,multi_year_total,1,,False
cod_peripheral_vascular_disease_unspecified,17.0,17.0,,none,South Dakota,2015,All,False,False,"Causes of Death, 2015-2024",2,count,excl_infant,cod_selected,2015-2024,,https://doh.sd.gov/media/iy5ld42w/cause-of-death-2015-2024-new.pdf,,fixture_text_capture,"Peripheral vascular disease, unspecified (I73.9)",17,needs_review,calendar_year,2,selected 1 of 2 source rows,False
cod_peripheral_vascular_disease_unspecified,269.0,269.0,,none,South Dakota,2015-2024,All,False,False,"Causes of Death, 2015-2024",2,count,excl_infant,cod_selected,2015-2024,,https://doh.sd.gov/media/iy5ld42w/cause-of-death-2015-2024-new.pdf,,fixture_text_capture,"Peripheral vascular disease, unspecified (I73.9)",269,needs_review,multi_year_total,1,,False
cod_peripheral_vascular_disease_unspecified,32.0,32.0,,none,South Dakota,2016,All,False,False,"Causes of Death, 2015-2024",2,count,excl_infant,cod_selected,2015-2024,,https://doh.sd.gov/media/iy5ld42w/cause-of-death-2015-2024-new.pdf,,fixture_text_capture,"Peripheral vascular disease, unspecified (I73.9)",32,needs_review,calendar_year,2,selected 1 of 2 source rows,False
cod_peripheral_vascular_disease_unspecified,26.0,26.0,,none,South Dakota,2017,All,False,False,"Causes of Death, 2015-2024",2,count,excl_infant,cod_selected,2015-2024,,https://doh.sd.gov/media/iy5ld42w/cause-of-death-2015-2024-new.pdf,,fixture_text_capture,"Peripheral vascular disease, unspecified (I73.9)",26,needs_review,calendar_year,2,selected 1 of 2 source rows,False
cod_peripheral_vascular_disease_unspecified,31.0,31.0,,none,South Dakota,2018,All,False,False,"Causes of Death, 2015-2024",2,count,excl_infant,cod_selected,2015-2024,,https://doh.sd.gov/media/iy5ld42w/cause-of-death-2015-2024-new.pdf,,fixture_text_capture,"Peripheral vascular disease, unspecified (I73.9)",31,needs_review,calendar_year,2,selected 1 of 2 source rows,False
cod_peripheral_vascular_disease_unspecified,20.0,20.0,,none,South Dakota,2019,All,False,False,"Causes of Death, 2015-2024",2,count,excl_infant,cod_selected,2015-2024,,https://doh.sd.gov/media/iy5ld42w/cause-of-death-2015-2024-new.pdf,,fixture_text_capture,"Peripheral vascular disease, unspecified (I73.9)",20,needs_review,calendar_year,2,selected 1 of 2 source rows,False
cod_peripheral_vascular_disease_unspecified,23.0,23.0,,none,South Dakota,2020,All,False,False,"Causes of Death, 2015-2024",2,count,excl_infant,cod_selected,2015-2024,,https://doh.sd.gov/media/iy5ld42w/cause-of-death-2015-2024-new.pdf,,fixture_text_capture,"Peripheral vascular disease, unspecified (I73.9)",23,needs_review,calendar_year,2,selected 1 of 2 source rows,False
cod_peripheral_vascular_disease_unspecified,30.0,30.0,,none,South Dakota,2021,All,False,False,"Causes of Death, 2015-2024",2,count,excl_infant,cod_selected,2015-2024,,https://doh.sd.gov/media/iy5ld42w/cause-of-death-2015-2024-new.pdf,,fixture_text_capture,"Peripheral vascular disease, unspecified (I73.9)",30,needs_review,calendar_year,2,selected 1 of 2 source rows,False
cod_peripheral_vascular_disease_unspecified,26.0,26.0,,none,South Dakota,2022,All,False,False,"Causes of Death, 2015-2024",2,count,excl_infant,cod_selected,2015-2024,,https://doh.sd.gov/media/iy5ld42w/cause-of-death-2015-2024-new.pdf,,fixture_text_capture,"Peripheral vascular disease, unspecified (I73.9)",26,needs_review,calendar_year,2,selected 1 of 2 source rows,False
cod_peripheral_vascular_disease_unspecified,32.0,32.0,,none,South Dakota,2023,All,False,False,"Causes of Death, 2015-2024",2,count,excl_infant,cod_selected,2015-2024,,https://doh.sd.gov/media/iy5ld42w/cause-of-death-2015-2024-new.pdf,,fixture_text_capture,"Peripheral vascular disease, unspecified (I73.9)",32,needs_review,calendar_year,2,selected 1 of 2 source rows,False
cod_peripheral_vascular_disease_unspecified,32.0,32.0,,none,South Dakota,2024,All,False,False,"Causes of Death, 2015-2024",2,count,excl_infant,cod_selected,2015-2024,,https://doh.sd.gov/media/iy5ld42w/cause-of-death-2015-2024-new.pdf,,fixture_text_capture,"Peripheral vascular disease, unspecified (I73.9)",32,needs_review,calendar_year,1,,False
cod_polyneuropathies_and_other_disorders_of_the_peripheral_nervo,1.0,1.0,,none,South Dakota,2014,All,False,False,"Causes of Death, 2014-2023",0,count,excl_infant,cod_selected,2014-2023,,https://doh.sd.gov/media/g0rf2ewb/sd-cause-of-death-2014-2023.pdf,,fixture_text_capture,Polyneuropathies and other disorders of the peripheral nervous system (G60-G64),1,needs_review,calendar_year,1,,False
cod_polyneuropathies_and_other_disorders_of_the_peripheral_nervo,29.0,29.0,,none,South Dakota,2014-2023,All,False,False,"Causes of Death, 2014-2023",0,count,excl_infant,cod_selected,2014-2023,,https://doh.sd.gov/media/g0rf2ewb/sd-cause-of-death-2014-2023.pdf,,fixture_text_capture,Polyneuropathies and other disorders of the peripheral nervous system (G60-G64),29,needs_review,multi_year_total,1,,False
cod_polyneuropathies_and_other_disorders_of_the_peripheral_nervo,4.0,4.0,,none,South Dakota,2015,All,False,False,"Causes of Death, 2015-2024",4,count,excl_infant,cod_selected,2015-2024,,https://doh.sd.gov/media/iy5ld42w/cause-of-death-2015-2024-new.pdf,,fixture_text_capture,Polyneuropathies and other disorders of the peripheral nervous system (G60-G64),4,needs_review,calendar_year,2,selected 1 of 2 source rows,False
cod_polyneuropathies_and_other_disorders_of_the_peripheral_nervo,32.0,32.0,,none,South Dakota,2015-2024,All,False,False,"Causes of Death, 2015-2024",4,count,excl_infant,cod_selected,2015-2024,,https://doh.sd.gov/media/iy5ld42w/cause-of-death-2015-2024-new.pdf,,fixture_text_capture,Polyneuropathies and other disorders of the peripheral nervous system (G60-G64),32,needs_review,multi_year_total,1,,False
cod_polyneuropathies_and_other_disorders_of_the_peripheral_nervo,1.0,1.0,,none,South Dakota,2016,All,False,False,"Causes of Death, 2015-2024",4,count,excl_infant,cod_selected,2015-2024,,https://doh.sd.gov/media/iy5ld42w/cause-of-death-2015-2024-new.pdf,,fixture_text_capture,Polyneuropathies and other disorders of the peripheral nervous system (G60-G64),1,needs_review,calendar_year,2,selected 1 of 2 source rows,False
cod_polyneuropathies_and_other_disorders_of_the_peripheral_nervo,2.0,2.0,,none,South Dakota,2017,All,False,False,"Causes of Death, 2015-2024",4,count,excl_infant,cod_selected,2015-2024,,https://doh.sd.gov/media/iy5ld42w/cause-of-death-2015-2024-new.pdf,,fixture_text_capture,Polyneuropathies and other disorders of the peripheral nervous system (G60-G64),2,needs_review,calendar_year,2,selected 1 of 2 source rows,False
cod_polyneuropathies_and_other_disorders_of_the_peripheral_nervo,4.0,4.0,,none,South Dakota,2018,All,False,False,"Causes of Death, 2015-2024",4,count,excl_infant,cod_selected,2015-2024,,https://doh.sd.gov/media/iy5ld42w/cause-of-death-2015-2024-new.pdf,,fixture_text_capture,Polyneuropathies and other disorders of the peripheral nervous system (G60-G64),4,needs_review,calendar_year,2,selected 1 of 2 source rows,False
cod_polyneuropathies_and_other_disorders_of_the_peripheral_nervo,3.0,3.0,,none,South Dakota,2019,All,False,False,"Causes of Death, 2015-2024",4,count,excl_infant,cod_selected,2015-2024,,https://doh.sd.gov/media/iy5ld42w/cause-of-death-2015-2024-new.pdf,,fixture_text_capture,Polyneuropathies and other disorders of the peripheral nervous system (G60-G64),3,needs_review,calendar_year,2,selected 1 of 2 source rows,False
cod_polyneuropathies_and_other_disorders_of_the_peripheral_nervo,3.0,3.0,,none,South Dakota,2020,All,False,False,"Causes of Death, 2015-2024",4,count,excl_infant,cod_selected,2015-2024,,https://doh.sd.gov/media/iy5ld42w/cause-of-death-2015-2024-new.pdf,,fixture_text_capture,Polyneuropathies and other disorders of the peripheral nervous system (G60-G64),3,needs_review,calendar_year,2,selected 1 of 2 source rows,False
cod_polyneuropathies_and_other_disorders_of_the_peripheral_nervo,4.0,4.0,,none,South Dakota,2021,All,False,False,"Causes of Death, 2015-2024",4,count,excl_infant,cod_selected,2015-2024,,https://doh.sd.gov/media/iy5ld42w/cause-of-death-2015-2024-new.pdf,,fixture_text_capture,Polyneuropathies and other disorders of the peripheral nervous system (G60-G64),4,needs_review,calendar_year,2,selected 1 of 2 source rows,False
cod_polyneuropathies_and_other_disorders_of_the_peripheral_nervo,4.0,4.0,,none,South Dakota,2022,All,False,False,"Causes of Death, 2015-2024",4,count,excl_infant,cod_selected,2015-2024,,https://doh.sd.gov/media/iy5ld42w/cause-of-death-2015-2024-new.pdf,,fixture_text_capture,Polyneuropathies and other disorders of the peripheral nervous system (G60-G64),4,needs_review,calendar_year,2,selected 1 of 2 source rows,False
cod_polyneuropathies_and_other_disorders_of_the_peripheral_nervo,3.0,3.0,,none,South Dakota,2023,All,False,False,"Causes of Death, 2015-2024",4,count,excl_infant,cod_selected,2015-2024,,https://doh.sd.gov/media/iy5ld42w/cause-of-death-2015-2024-new.pdf,,fixture_text_capture,Polyneuropathies and other disorders of the peripheral nervous system (G60-G64),3,needs_review,calendar_year,2,selected 1 of 2 source rows,False
cod_polyneuropathies_and_other_disorders_of_the_peripheral_nervo,4.0,4.0,,none,South Dakota,2024,All,False,False,"Causes of Death, 2015-2024",4,count,excl_infant,cod_selected,2015-2024,,https://doh.sd.gov/media/iy5ld42w/cause-of-death-2015-2024-new.pdf,,fixture_text_capture,Polyneuropathies and other disorders of the peripheral nervous system (G60-G64),4,needs_review,calendar_year,1,,False
cod_positional_asphyxia,3.0,3.0,,none,South Dakota,2014,All,False,False,"Causes of Death, 2014-2023",0,count,excl_infant,cod_selected,2014-2023,,https://doh.sd.gov/media/g0rf2ewb/sd-cause-of-death-2014-2023.pdf,,fixture_text_capture,Positional asphyxia (W84),3,needs_review,calendar_year,1,,False
cod_positional_asphyxia,28.0,28.0,,none,South Dakota,2014-2023,All,False,False,"Causes of Death, 2014-2023",0,count,excl_infant,cod_selected,2014-2023,,https://doh.sd.gov/media/g0rf2ewb/sd-cause-of-death-2014-2023.pdf,,fixture_text_capture,Positional asphyxia (W84),28,needs_review,multi_year_total,1,,False
cod_positional_asphyxia,1.0,1.0,,none,South Dakota,2015,All,False,False,"Causes of Death, 2015-2024",5,count,excl_infant,cod_selected,2015-2024,,https://doh.sd.gov/media/iy5ld42w/cause-of-death-2015-2024-new.pdf,,fixture_text_capture,Positional asphyxia (W84),1,needs_review,calendar_year,2,selected 1 of 2 source rows,False
cod_positional_asphyxia,27.0,27.0,,none,South Dakota,2015-2024,All,False,False,"Causes of Death, 2015-2024",5,count,excl_infant,cod_selected,2015-2024,,https://doh.sd.gov/media/iy5ld42w/cause-of-death-2015-2024-new.pdf,,fixture_text_capture,Positional asphyxia (W84),27,needs_review,multi_year_total,1,,False
cod_positional_asphyxia,4.0,4.0,,none,South Dakota,2016,All,False,False,"Causes of Death, 2015-2024",5,count,excl_infant,cod_selected,2015-2024,,https://doh.sd.gov/media/iy5ld42w/cause-of-death-2015-2024-new.pdf,,fixture_text_capture,Positional asphyxia (W84),4,needs_review,calendar_year,2,selected 1 of 2 source rows,False
cod_positional_asphyxia,4.0,4.0,,none,South Dakota,2017,All,False,False,"Causes of Death, 2015-2024",5,count,excl_infant,cod_selected,2015-2024,,https://doh.sd.gov/media/iy5ld42w/cause-of-death-2015-2024-new.pdf,,fixture_text_capture,Positional asphyxia (W84),4,needs_review,calendar_year,2,selected 1 of 2 source rows,False
cod_positional_asphyxia,4.0,4.0,,none,South Dakota,2018,All,False,False,"Causes of Death, 2015-2024",5,count,excl_infant,cod_selected,2015-2024,,https://doh.sd.gov/media/iy5ld42w/cause-of-death-2015-2024-new.pdf,,fixture_text_capture,Positional asphyxia (W84),4,needs_review,calendar_year,2,selected 1 of 2 source rows,False
cod_positional_asphyxia,1.0,1.0,,none,South Dakota,2019,All,False,False,"Causes of Death, 2015-2024",5,count,excl_infant,cod_selected,2015-2024,,https://doh.sd.gov/media/iy5ld42w/cause-of-death-2015-2024-new.pdf,,fixture_text_capture,Positional asphyxia (W84),1,needs_review,calendar_year,2,selected 1 of 2 source rows,False
cod_positional_asphyxia,3.0,3.0,,none,South Dakota,2020,All,False,False,"Causes of Death, 2015-2024",5,count,excl_infant,cod_selected,2015-2024,,https://doh.sd.gov/media/iy5ld42w/cause-of-death-2015-2024-new.pdf,,fixture_text_capture,Positional asphyxia (W84),3,needs_review,calendar_year,2,selected 1 of 2 source rows,False
cod_positional_asphyxia,2.0,2.0,,none,South Dakota,2021,All,False,False,"Causes of Death, 2015-2024",5,count,excl_infant,cod_selected,2015-2024,,https://doh.sd.gov/media/iy5ld42w/cause-of-death-2015-2024-new.pdf,,fixture_text_capture,Positional asphyxia (W84),2,needs_review,calendar_year,2,selected 1 of 2 source rows,False
cod_positional_asphyxia,1.0,1.0,,none,South Dakota,2022,All,False,False,"Causes of Death, 2015-2024",5,count,excl_infant,cod_selected,2015-2024,,https://doh.sd.gov/media/iy5ld42w/cause-of-death-2015-2024-new.pdf,,fixture_text_capture,Positional asphyxia (W84),1,needs_review,calendar_year,2,selected 1 of 2 source rows,False
cod_positional_asphyxia,5.0,5.0,,none,South Dakota,2023,All,False,False,"Causes of Death, 2015-2024",5,count,excl_infant,cod_selected,2015-2024,,https://doh.sd.gov/media/iy5ld42w/cause-of-death-2015-2024-new.pdf,,fixture_text_capture,Positional asphyxia (W84),5,needs_review,calendar_year,2,selected 1 of 2 source rows,False
cod_positional_asphyxia,2.0,2.0,,none,South Dakota,2024,All,False,False,"Causes of Death, 2015-2024",5,count,excl_infant,cod_selected,2015-2024,,https://doh.sd.gov/media/iy5ld42w/cause-of-death-2015-2024-new.pdf,,fixture_text_capture,Positional asphyxia (W84),2,needs_review,calendar_year,1,,False
cod_preleukemia,22.0,22.0,,none,South Dakota,2014,All,False,False,"Causes of Death, 2014-2023",0,count,excl_infant,cod_selected,2014-2023,,https://doh.sd.gov/media/g0rf2ewb/sd-cause-of-death-2014-2023.pdf,,fixture_text_capture,Preleukemia (D46),22,needs_review,calendar_year,1,,False
cod_preleukemia,247.0,247.0,,none,South Dakota,2014-2023,All,False,False,"Causes of Death, 2014-2023",0,count,excl_infant,cod_selected,2014-2023,,https://doh.sd.gov/media/g0rf2ewb/sd-cause-of-death-2014-2023.pdf,,fixture_text_capture,Preleukemia (D46),247,needs_review,multi_year_total,1,,False
cod_preleukemia,32.0,32.0,,none,South Dakota,2015,All,False,False,"Causes of Death, 2015-2024",2,count,excl_infant,cod_selected,2015-2024,,https://doh.sd.gov/media/iy5ld42w/cause-of-death-2015-2024-new.pdf,,fixture_text_capture,Preleukemia (D46),32,needs_review,calendar_year,2,selected 1 of 2 source rows,False
cod_preleukemia,249.0,249.0,,none,South Dakota,2015-2024,All,False,False,"Causes of Death, 2015-2024",2,count,excl_infant,cod_selected,2015-2024,,https://doh.sd.gov/media/iy5ld42w/cause-of-death-2015-2024-new.pdf,,fixture_text_capture,Preleukemia (D46),249,needs_review,multi_year_total,1,,False
cod_preleukemia,26.0,26.0,,none,South Dakota,2016,All,False,False,"Causes of Death, 2015-2024",2,count,excl_infant,cod_selected,2015-2024,,https://doh.sd.gov/media/iy5ld42w/cause-of-death-2015-2024-new.pdf,,fixture_text_capture,Preleukemia (D46),26,needs_review,calendar_year,2,selected 1 of 2 source rows,False
cod_preleukemia,29.0,29.0,,none,South Dakota,2017,All,False,False,"Causes of Death, 2015-2024",2,count,excl_infant,cod_selected,2015-2024,,https://doh.sd.gov/media/iy5ld42w/cause-of-death-2015-2024-new.pdf,,fixture_text_capture,Preleukemia (D46),29,needs_review,calendar_year,2,selected 1 of 2 source rows,False
cod_preleukemia,24.0,24.0,,none,South Dakota,2018,All,False,False,"Causes of Death, 2015-2024",2,count,excl_infant,cod_selected,2015-2024,,https://doh.sd.gov/media/iy5ld42w/cause-of-death-2015-2024-new.pdf,,fixture_text_capture,Preleukemia (D46),24,needs_review,calendar_year,2,selected 1 of 2 source rows,False
cod_preleukemia,31.0,31.0,,none,South Dakota,2019,All,False,False,"Causes of Death, 2015-2024",2,count,excl_infant,cod_selected,2015-2024,,https://doh.sd.gov/media/iy5ld42w/cause-of-death-2015-2024-new.pdf,,fixture_text_capture,Preleukemia (D46),31,needs_review,calendar_year,2,selected 1 of 2 source rows,False
cod_preleukemia,21.0,21.0,,none,South Dakota,2020,All,False,False,"Causes of Death, 2015-2024",2,count,excl_infant,cod_selected,2015-2024,,https://doh.sd.gov/media/iy5ld42w/cause-of-death-2015-2024-new.pdf,,fixture_text_capture,Preleukemia (D46),21,needs_review,calendar_year,2,selected 1 of 2 source rows,False
cod_preleukemia,16.0,16.0,,none,South Dakota,2021,All,False,False,"Causes of Death, 2015-2024",2,count,excl_infant,cod_selected,2015-2024,,https://doh.sd.gov/media/iy5ld42w/cause-of-death-2015-2024-new.pdf,,fixture_text_capture,Preleukemia (D46),16,needs_review,calendar_year,2,selected 1 of 2 source rows,False
cod_preleukemia,28.0,28.0,,none,South Dakota,2022,All,False,False,"Causes of Death, 2015-2024",2,count,excl_infant,cod_selected,2015-2024,,https://doh.sd.gov/media/iy5ld42w/cause-of-death-2015-2024-new.pdf,,fixture_text_capture,Preleukemia (D46),28,needs_review,calendar_year,2,selected 1 of 2 source rows,False
cod_preleukemia,18.0,18.0,,none,South Dakota,2023,All,False,False,"Causes of Death, 2015-2024",2,count,excl_infant,cod_selected,2015-2024,,https://doh.sd.gov/media/iy5ld42w/cause-of-death-2015-2024-new.pdf,,fixture_text_capture,Preleukemia (D46),18,needs_review,calendar_year,2,selected 1 of 2 source rows,False
cod_preleukemia,24.0,24.0,,none,South Dakota,2024,All,False,False,"Causes of Death, 2015-2024",2,count,excl_infant,cod_selected,2015-2024,,https://doh.sd.gov/media/iy5ld42w/cause-of-death-2015-2024-new.pdf,,fixture_text_capture,Preleukemia (D46),24,needs_review,calendar_year,1,,False
cod_pulmonary_fibrosis,45.0,45.0,,none,South Dakota,2014,All,False,False,"Causes of Death, 2014-2023",0,count,excl_infant,cod_selected,2014-2023,,https://doh.sd.gov/media/g0rf2ewb/sd-cause-of-death-2014-2023.pdf,,fixture_text_capture,Pulmonary fibrosis (J84.1),45,needs_review,calendar_year,1,,False
cod_pulmonary_fibrosis,396.0,396.0,,none,South Dakota,2014-2023,All,False,False,"Causes of Death, 2014-2023",0,count,excl_infant,cod_selected,2014-2023,,https://doh.sd.gov/media/g0rf2ewb/sd-cause-of-death-2014-2023.pdf,,fixture_text_capture,Pulmonary fibrosis (J84.1),396,needs_review,multi_year_total,1,,False
cod_pulmonary_fibrosis,32.0,32.0,,none,South Dakota,2015,All,False,False,"Causes of Death, 2015-2024",2,count,excl_infant,cod_selected,2015-2024,,https://doh.sd.gov/media/iy5ld42w/cause-of-death-2015-2024-new.pdf,,fixture_text_capture,Pulmonary fibrosis (J84.1),32,needs_review,calendar_year,2,selected 1 of 2 source rows,False
cod_pulmonary_fibrosis,389.0,389.0,,none,South Dakota,2015-2024,All,False,False,"Causes of Death, 2015-2024",2,count,excl_infant,cod_selected,2015-2024,,https://doh.sd.gov/media/iy5ld42w/cause-of-death-2015-2024-new.pdf,,fixture_text_capture,Pulmonary fibrosis (J84.1),389,needs_review,multi_year_total,1,,False
cod_pulmonary_fibrosis,45.0,45.0,,none,South Dakota,2016,All,False,False,"Causes of Death, 2015-2024",2,count,excl_infant,cod_selected,2015-2024,,https://doh.sd.gov/media/iy5ld42w/cause-of-death-2015-2024-new.pdf,,fixture_text_capture,Pulmonary fibrosis (J84.1),45,needs_review,calendar_year,2,selected 1 of 2 source rows,False
cod_pulmonary_fibrosis,34.0,34.0,,none,South Dakota,2017,All,False,False,"Causes of Death, 2015-2024",2,count,excl_infant,cod_selected,2015-2024,,https://doh.sd.gov/media/iy5ld42w/cause-of-death-2015-2024-new.pdf,,fixture_text_capture,Pulmonary fibrosis (J84.1),34,needs_review,calendar_year,2,selected 1 of 2 source rows,False
cod_pulmonary_fibrosis,35.0,35.0,,none,South Dakota,2018,All,False,False,"Causes of Death, 2015-2024",2,count,excl_infant,cod_selected,2015-2024,,https://doh.sd.gov/media/iy5ld42w/cause-of-death-2015-2024-new.pdf,,fixture_text_capture,Pulmonary fibrosis (J84.1),35,needs_review,calendar_year,2,selected 1 of 2 source rows,False
cod_pulmonary_fibrosis,39.0,39.0,,none,South Dakota,2019,All,False,False,"Causes of Death, 2015-2024",2,count,excl_infant,cod_selected,2015-2024,,https://doh.sd.gov/media/iy5ld42w/cause-of-death-2015-2024-new.pdf,,fixture_text_capture,Pulmonary fibrosis (J84.1),39,needs_review,calendar_year,2,selected 1 of 2 source rows,False
cod_pulmonary_fibrosis,39.0,39.0,,none,South Dakota,2020,All,False,False,"Causes of Death, 2015-2024",2,count,excl_infant,cod_selected,2015-2024,,https://doh.sd.gov/media/iy5ld42w/cause-of-death-2015-2024-new.pdf,,fixture_text_capture,Pulmonary fibrosis (J84.1),39,needs_review,calendar_year,2,selected 1 of 2 source rows,False
cod_pulmonary_fibrosis,45.0,45.0,,none,South Dakota,2021,All,False,False,"Causes of Death, 2015-2024",2,count,excl_infant,cod_selected,2015-2024,,https://doh.sd.gov/media/iy5ld42w/cause-of-death-2015-2024-new.pdf,,fixture_text_capture,Pulmonary fibrosis (J84.1),45,needs_review,calendar_year,2,selected 1 of 2 source rows,False
cod_pulmonary_fibrosis,48.0,48.0,,none,South Dakota,2022,All,False,False,"Causes of Death, 2015-2024",2,count,excl_infant,cod_selected,2015-2024,,https://doh.sd.gov/media/iy5ld42w/cause-of-death-2015-2024-new.pdf,,fixture_text_capture,Pulmonary fibrosis (J84.1),48,needs_review,calendar_year,2,selected 1 of 2 source rows,False
cod_pulmonary_fibrosis,34.0,34.0,,none,South Dakota,2023,All,False,False,"Causes of Death, 2015-2024",2,count,excl_infant,cod_selected,2015-2024,,https://doh.sd.gov/media/iy5ld42w/cause-of-death-2015-2024-new.pdf,,fixture_text_capture,Pulmonary fibrosis (J84.1),34,needs_review,calendar_year,2,selected 1 of 2 source rows,False
cod_pulmonary_fibrosis,38.0,38.0,,none,South Dakota,2024,All,False,False,"Causes of Death, 2015-2024",2,count,excl_infant,cod_selected,2015-2024,,https://doh.sd.gov/media/iy5ld42w/cause-of-death-2015-2024-new.pdf,,fixture_text_capture,Pulmonary fibrosis (J84.1),38,needs_review,calendar_year,1,,False
cod_pyothorax,1.0,1.0,,none,South Dakota,2014,All,False,False,"Causes of Death, 2014-2023",0,count,excl_infant,cod_selected,2014-2023,,https://doh.sd.gov/media/g0rf2ewb/sd-cause-of-death-2014-2023.pdf,,fixture_text_capture,Pyothorax (J86),1,needs_review,calendar_year,1,,False
cod_pyothorax,20.0,20.0,,none,South Dakota,2014-2023,All,False,False,"Causes of Death, 2014-2023",0,count,excl_infant,cod_selected,2014-2023,,https://doh.sd.gov/media/g0rf2ewb/sd-cause-of-death-2014-2023.pdf,,fixture_text_capture,Pyothorax (J86),20,needs_review,multi_year_total,1,,False
cod_pyothorax,2.0,2.0,,none,South Dakota,2015,All,False,False,"Causes of Death, 2015-2024",5,count,excl_infant,cod_selected,2015-2024,,https://doh.sd.gov/media/iy5ld42w/cause-of-death-2015-2024-new.pdf,,fixture_text_capture,Pyothorax (J86),2,needs_review,calendar_year,2,selected 1 of 2 source rows,False
cod_pyothorax,23.0,23.0,,none,South Dakota,2015-2024,All,False,False,"Causes of Death, 2015-2024",5,count,excl_infant,cod_selected,2015-2024,,https://doh.sd.gov/media/iy5ld42w/cause-of-death-2015-2024-new.pdf,,fixture_text_capture,Pyothorax (J86),23,needs_review,multi_year_total,1,,False
cod_pyothorax,0.0,0.0,,none,South Dakota,2016,All,False,False,"Causes of Death, 2015-2024",5,count,excl_infant,cod_selected,2015-2024,,https://doh.sd.gov/media/iy5ld42w/cause-of-death-2015-2024-new.pdf,,fixture_text_capture,Pyothorax (J86),0,needs_review,calendar_year,2,selected 1 of 2 source rows,False
cod_pyothorax,2.0,2.0,,none,South Dakota,2017,All,False,False,"Causes of Death, 2015-2024",5,count,excl_infant,cod_selected,2015-2024,,https://doh.sd.gov/media/iy5ld42w/cause-of-death-2015-2024-new.pdf,,fixture_text_capture,Pyothorax (J86),2,needs_review,calendar_year,2,selected 1 of 2 source rows,False
cod_pyothorax,1.0,1.0,,none,South Dakota,2018,All,False,False,"Causes of Death, 2015-2024",5,count,excl_infant,cod_selected,2015-2024,,https://doh.sd.gov/media/iy5ld42w/cause-of-death-2015-2024-new.pdf,,fixture_text_capture,Pyothorax (J86),1,needs_review,calendar_year,2,selected 1 of 2 source rows,False
cod_pyothorax,4.0,4.0,,none,South Dakota,2019,All,False,False,"Causes of Death, 2015-2024",5,count,excl_infant,cod_selected,2015-2024,,https://doh.sd.gov/media/iy5ld42w/cause-of-death-2015-2024-new.pdf,,fixture_text_capture,Pyothorax (J86),4,needs_review,calendar_year,2,selected 1 of 2 source rows,False
cod_pyothorax,4.0,4.0,,none,South Dakota,2020,All,False,False,"Causes of Death, 2015-2024",5,count,excl_infant,cod_selected,2015-2024,,https://doh.sd.gov/media/iy5ld42w/cause-of-death-2015-2024-new.pdf,,fixture_text_capture,Pyothorax (J86),4,needs_review,calendar_year,2,selected 1 of 2 source rows,False
cod_pyothorax,2.0,2.0,,none,South Dakota,2021,All,False,False,"Causes of Death, 2015-2024",5,count,excl_infant,cod_selected,2015-2024,,https://doh.sd.gov/media/iy5ld42w/cause-of-death-2015-2024-new.pdf,,fixture_text_capture,Pyothorax (J86),2,needs_review,calendar_year,2,selected 1 of 2 source rows,False
cod_pyothorax,2.0,2.0,,none,South Dakota,2022,All,False,False,"Causes of Death, 2015-2024",5,count,excl_infant,cod_selected,2015-2024,,https://doh.sd.gov/media/iy5ld42w/cause-of-death-2015-2024-new.pdf,,fixture_text_capture,Pyothorax (J86),2,needs_review,calendar_year,2,selected 1 of 2 source rows,False
cod_pyothorax,2.0,2.0,,none,South Dakota,2023,All,False,False,"Causes of Death, 2015-2024",5,count,excl_infant,cod_selected,2015-2024,,https://doh.sd.gov/media/iy5ld42w/cause-of-death-2015-2024-new.pdf,,fixture_text_capture,Pyothorax (J86),2,needs_review,calendar_year,2,selected 1 of 2 source rows,False
cod_pyothorax,4.0,4.0,,none,South Dakota,2024,All,False,False,"Causes of Death, 2015-2024",5,count,excl_infant,cod_selected,2015-2024,,https://doh.sd.gov/media/iy5ld42w/cause-of-death-2015-2024-new.pdf,,fixture_text_capture,Pyothorax (J86),4,needs_review,calendar_year,1,,False
cod_respiratory_failure,1.0,1.0,,none,South Dakota,2014,All,False,False,"Causes of Death, 2014-2023",0,count,excl_infant,cod_selected,2014-2023,,https://doh.sd.gov/media/g0rf2ewb/sd-cause-of-death-2014-2023.pdf,,fixture_text_capture,Respiratory failure (J96),1,needs_review,calendar_year,1,,False
cod_respiratory_failure,56.0,56.0,,none,South Dakota,2014-2023,All,False,False,"Causes of Death, 2014-2023",0,count,excl_infant,cod_selected,2014-2023,,https://doh.sd.gov/media/g0rf2ewb/sd-cause-of-death-2014-2023.pdf,,fixture_text_capture,Respiratory failure (J96),56,needs_review,multi_year_total,1,,False
cod_respiratory_failure,3.0,3.0,,none,South Dakota,2015,All,False,False,"Causes of Death, 2015-2024",4,count,excl_infant,cod_selected,2015-2024,,https://doh.sd.gov/media/iy5ld42w/cause-of-death-2015-2024-new.pdf,,fixture_text_capture,Respiratory failure (J96),3,needs_review,calendar_year,2,selected 1 of 2 source rows,False
cod_respiratory_failure,63.0,63.0,,none,South Dakota,2015-2024,All,False,False,"Causes of Death, 2015-2024",4,count,excl_infant,cod_selected,2015-2024,,https://doh.sd.gov/media/iy5ld42w/cause-of-death-2015-2024-new.pdf,,fixture_text_capture,Respiratory failure (J96),63,needs_review,multi_year_total,1,,False
cod_respiratory_failure,4.0,4.0,,none,South Dakota,2016,All,False,False,"Causes of Death, 2015-2024",4,count,excl_infant,cod_selected,2015-2024,,https://doh.sd.gov/media/iy5ld42w/cause-of-death-2015-2024-new.pdf,,fixture_text_capture,Respiratory failure (J96),4,needs_review,calendar_year,2,selected 1 of 2 source rows,False
cod_respiratory_failure,3.0,3.0,,none,South Dakota,2017,All,False,False,"Causes of Death, 2015-2024",4,count,excl_infant,cod_selected,2015-2024,,https://doh.sd.gov/media/iy5ld42w/cause-of-death-2015-2024-new.pdf,,fixture_text_capture,Respiratory failure (J96),3,needs_review,calendar_year,2,selected 1 of 2 source rows,False
cod_respiratory_failure,2.0,2.0,,none,South Dakota,2018,All,False,False,"Causes of Death, 2015-2024",4,count,excl_infant,cod_selected,2015-2024,,https://doh.sd.gov/media/iy5ld42w/cause-of-death-2015-2024-new.pdf,,fixture_text_capture,Respiratory failure (J96),2,needs_review,calendar_year,2,selected 1 of 2 source rows,False
cod_respiratory_failure,13.0,13.0,,none,South Dakota,2019,All,False,False,"Causes of Death, 2015-2024",4,count,excl_infant,cod_selected,2015-2024,,https://doh.sd.gov/media/iy5ld42w/cause-of-death-2015-2024-new.pdf,,fixture_text_capture,Respiratory failure (J96),13,needs_review,calendar_year,2,selected 1 of 2 source rows,False
cod_respiratory_failure,9.0,9.0,,none,South Dakota,2020,All,False,False,"Causes of Death, 2015-2024",4,count,excl_infant,cod_selected,2015-2024,,https://doh.sd.gov/media/iy5ld42w/cause-of-death-2015-2024-new.pdf,,fixture_text_capture,Respiratory failure (J96),9,needs_review,calendar_year,2,selected 1 of 2 source rows,False
cod_respiratory_failure,6.0,6.0,,none,South Dakota,2021,All,False,False,"Causes of Death, 2015-2024",4,count,excl_infant,cod_selected,2015-2024,,https://doh.sd.gov/media/iy5ld42w/cause-of-death-2015-2024-new.pdf,,fixture_text_capture,Respiratory failure (J96),6,needs_review,calendar_year,2,selected 1 of 2 source rows,False
cod_respiratory_failure,6.0,6.0,,none,South Dakota,2022,All,False,False,"Causes of Death, 2015-2024",4,count,excl_infant,cod_selected,2015-2024,,https://doh.sd.gov/media/iy5ld42w/cause-of-death-2015-2024-new.pdf,,fixture_text_capture,Respiratory failure (J96),6,needs_review,calendar_year,2,selected 1 of 2 source rows,False
cod_respiratory_failure,9.0,9.0,,none,South Dakota,2023,All,False,False,"Causes of Death, 2015-2024",4,count,excl_infant,cod_selected,2015-2024,,https://doh.sd.gov/media/iy5ld42w/cause-of-death-2015-2024-new.pdf,,fixture_text_capture,Respiratory failure (J96),9,needs_review,calendar_year,2,selected 1 of 2 source rows,False
cod_respiratory_failure,8.0,8.0,,none,South Dakota,2024,All,False,False,"Causes of Death, 2015-2024",4,count,excl_infant,cod_selected,2015-2024,,https://doh.sd.gov/media/iy5ld42w/cause-of-death-2015-2024-new.pdf,,fixture_text_capture,Respiratory failure (J96),8,needs_review,calendar_year,1,,False
cod_respiratory_syncytial_virus_rsv,1.0,1.0,,none,South Dakota,2015,All,False,False,"Causes of Death, 2015-2024",5,count,excl_infant,cod_selected,2015-2024,,https://doh.sd.gov/media/iy5ld42w/cause-of-death-2015-2024-new.pdf,,fixture_text_capture,Respiratory syncytial virus (RSV) (B34.8),1,needs_review,calendar_year,1,,False
cod_respiratory_syncytial_virus_rsv,24.0,24.0,,none,South Dakota,2015-2024,All,False,False,"Causes of Death, 2015-2024",5,count,excl_infant,cod_selected,2015-2024,,https://doh.sd.gov/media/iy5ld42w/cause-of-death-2015-2024-new.pdf,,fixture_text_capture,Respiratory syncytial virus (RSV) (B34.8),24,needs_review,multi_year_total,1,,False
cod_respiratory_syncytial_virus_rsv,2.0,2.0,,none,South Dakota,2016,All,False,False,"Causes of Death, 2015-2024",5,count,excl_infant,cod_selected,2015-2024,,https://doh.sd.gov/media/iy5ld42w/cause-of-death-2015-2024-new.pdf,,fixture_text_capture,Respiratory syncytial virus (RSV) (B34.8),2,needs_review,calendar_year,1,,False
cod_respiratory_syncytial_virus_rsv,0.0,0.0,,none,South Dakota,2017,All,False,False,"Causes of Death, 2015-2024",5,count,excl_infant,cod_selected,2015-2024,,https://doh.sd.gov/media/iy5ld42w/cause-of-death-2015-2024-new.pdf,,fixture_text_capture,Respiratory syncytial virus (RSV) (B34.8),0,needs_review,calendar_year,1,,False
cod_respiratory_syncytial_virus_rsv,4.0,4.0,,none,South Dakota,2018,All,False,False,"Causes of Death, 2015-2024",5,count,excl_infant,cod_selected,2015-2024,,https://doh.sd.gov/media/iy5ld42w/cause-of-death-2015-2024-new.pdf,,fixture_text_capture,Respiratory syncytial virus (RSV) (B34.8),4,needs_review,calendar_year,1,,False
cod_respiratory_syncytial_virus_rsv,2.0,2.0,,none,South Dakota,2019,All,False,False,"Causes of Death, 2015-2024",5,count,excl_infant,cod_selected,2015-2024,,https://doh.sd.gov/media/iy5ld42w/cause-of-death-2015-2024-new.pdf,,fixture_text_capture,Respiratory syncytial virus (RSV) (B34.8),2,needs_review,calendar_year,1,,False
cod_respiratory_syncytial_virus_rsv,0.0,0.0,,none,South Dakota,2020,All,False,False,"Causes of Death, 2015-2024",5,count,excl_infant,cod_selected,2015-2024,,https://doh.sd.gov/media/iy5ld42w/cause-of-death-2015-2024-new.pdf,,fixture_text_capture,Respiratory syncytial virus (RSV) (B34.8),0,needs_review,calendar_year,1,,False
cod_respiratory_syncytial_virus_rsv,4.0,4.0,,none,South Dakota,2021,All,False,False,"Causes of Death, 2015-2024",5,count,excl_infant,cod_selected,2015-2024,,https://doh.sd.gov/media/iy5ld42w/cause-of-death-2015-2024-new.pdf,,fixture_text_capture,Respiratory syncytial virus (RSV) (B34.8),4,needs_review,calendar_year,1,,False
cod_respiratory_syncytial_virus_rsv,4.0,4.0,,none,South Dakota,2022,All,False,False,"Causes of Death, 2015-2024",5,count,excl_infant,cod_selected,2015-2024,,https://doh.sd.gov/media/iy5ld42w/cause-of-death-2015-2024-new.pdf,,fixture_text_capture,Respiratory syncytial virus (RSV) (B34.8),4,needs_review,calendar_year,1,,False
cod_respiratory_syncytial_virus_rsv,5.0,5.0,,none,South Dakota,2023,All,False,False,"Causes of Death, 2015-2024",5,count,excl_infant,cod_selected,2015-2024,,https://doh.sd.gov/media/iy5ld42w/cause-of-death-2015-2024-new.pdf,,fixture_text_capture,Respiratory syncytial virus (RSV) (B34.8),5,needs_review,calendar_year,1,,False
cod_respiratory_syncytial_virus_rsv,2.0,2.0,,none,South Dakota,2024,All,False,False,"Causes of Death, 2015-2024",5,count,excl_infant,cod_selected,2015-2024,,https://doh.sd.gov/media/iy5ld42w/cause-of-death-2015-2024-new.pdf,,fixture_text_capture,Respiratory syncytial virus (RSV) (B34.8),2,needs_review,calendar_year,1,,False
cod_rhabdomyolysis_plus_other_disorders_of_muscle,2.0,2.0,,none,South Dakota,2014,All,False,False,"Causes of Death, 2014-2023",0,count,excl_infant,cod_selected,2014-2023,,https://doh.sd.gov/media/g0rf2ewb/sd-cause-of-death-2014-2023.pdf,,fixture_text_capture,Rhabdomyolysis (Plus other disorders of muscle) (M62),2,needs_review,calendar_year,1,,False
cod_rhabdomyolysis_plus_other_disorders_of_muscle,20.0,20.0,,none,South Dakota,2014-2023,All,False,False,"Causes of Death, 2014-2023",0,count,excl_infant,cod_selected,2014-2023,,https://doh.sd.gov/media/g0rf2ewb/sd-cause-of-death-2014-2023.pdf,,fixture_text_capture,Rhabdomyolysis (Plus other disorders of muscle) (M62),20,needs_review,multi_year_total,1,,False
cod_rhabdomyolysis_plus_other_disorders_of_muscle,1.0,1.0,,none,South Dakota,2015,All,False,False,"Causes of Death, 2015-2024",5,count,excl_infant,cod_selected,2015-2024,,https://doh.sd.gov/media/iy5ld42w/cause-of-death-2015-2024-new.pdf,,fixture_text_capture,Rhabdomyolysis (Plus other disorders of muscle) (M62),1,needs_review,calendar_year,2,selected 1 of 2 source rows,False
cod_rhabdomyolysis_plus_other_disorders_of_muscle,23.0,23.0,,none,South Dakota,2015-2024,All,False,False,"Causes of Death, 2015-2024",5,count,excl_infant,cod_selected,2015-2024,,https://doh.sd.gov/media/iy5ld42w/cause-of-death-2015-2024-new.pdf,,fixture_text_capture,Rhabdomyolysis (Plus other disorders of muscle) (M62),23,needs_review,multi_year_total,1,,False
cod_rhabdomyolysis_plus_other_disorders_of_muscle,1.0,1.0,,none,South Dakota,2016,All,False,False,"Causes of Death, 2015-2024",5,count,excl_infant,cod_selected,2015-2024,,https://doh.sd.gov/media/iy5ld42w/cause-of-death-2015-2024-new.pdf,,fixture_text_capture,Rhabdomyolysis (Plus other disorders of muscle) (M62),1,needs_review,calendar_year,2,selected 1 of 2 source rows,False
cod_rhabdomyolysis_plus_other_disorders_of_muscle,1.0,1.0,,none,South Dakota,2017,All,False,False,"Causes of Death, 2015-2024",5,count,excl_infant,cod_selected,2015-2024,,https://doh.sd.gov/media/iy5ld42w/cause-of-death-2015-2024-new.pdf,,fixture_text_capture,Rhabdomyolysis (Plus other disorders of muscle) (M62),1,needs_review,calendar_year,2,selected 1 of 2 source rows,False
cod_rhabdomyolysis_plus_other_disorders_of_muscle,4.0,4.0,,none,South Dakota,2018,All,False,False,"Causes of Death, 2015-2024",5,count,excl_infant,cod_selected,2015-2024,,https://doh.sd.gov/media/iy5ld42w/cause-of-death-2015-2024-new.pdf,,fixture_text_capture,Rhabdomyolysis (Plus other disorders of muscle) (M62),4,needs_review,calendar_year,2,selected 1 of 2 source rows,False
cod_rhabdomyolysis_plus_other_disorders_of_muscle,1.0,1.0,,none,South Dakota,2019,All,False,False,"Causes of Death, 2015-2024",5,count,excl_infant,cod_selected,2015-2024,,https://doh.sd.gov/media/iy5ld42w/cause-of-death-2015-2024-new.pdf,,fixture_text_capture,Rhabdomyolysis (Plus other disorders of muscle) (M62),1,needs_review,calendar_year,2,selected 1 of 2 source rows,False
cod_rhabdomyolysis_plus_other_disorders_of_muscle,0.0,0.0,,none,South Dakota,2020,All,False,False,"Causes of Death, 2015-2024",5,count,excl_infant,cod_selected,2015-2024,,https://doh.sd.gov/media/iy5ld42w/cause-of-death-2015-2024-new.pdf,,fixture_text_capture,Rhabdomyolysis (Plus other disorders of muscle) (M62),0,needs_review,calendar_year,2,selected 1 of 2 source rows,False
cod_rhabdomyolysis_plus_other_disorders_of_muscle,3.0,3.0,,none,South Dakota,2021,All,False,False,"Causes of Death, 2015-2024",5,count,excl_infant,cod_selected,2015-2024,,https://doh.sd.gov/media/iy5ld42w/cause-of-death-2015-2024-new.pdf,,fixture_text_capture,Rhabdomyolysis (Plus other disorders of muscle) (M62),3,needs_review,calendar_year,2,selected 1 of 2 source rows,False
cod_rhabdomyolysis_plus_other_disorders_of_muscle,3.0,3.0,,none,South Dakota,2022,All,False,False,"Causes of Death, 2015-2024",5,count,excl_infant,cod_selected,2015-2024,,https://doh.sd.gov/media/iy5ld42w/cause-of-death-2015-2024-new.pdf,,fixture_text_capture,Rhabdomyolysis (Plus other disorders of muscle) (M62),3,needs_review,calendar_year,2,selected 1 of 2 source rows,False
cod_rhabdomyolysis_plus_other_disorders_of_muscle,4.0,4.0,,none,South Dakota,2023,All,False,False,"Causes of Death, 2015-2024",5,count,excl_infant,cod_selected,2015-2024,,https://doh.sd.gov/media/iy5ld42w/cause-of-death-2015-2024-new.pdf,,fixture_text_capture,Rhabdomyolysis (Plus other disorders of muscle) (M62),4,needs_review,calendar_year,2,selected 1 of 2 source rows,False
cod_rhabdomyolysis_plus_other_disorders_of_muscle,5.0,5.0,,none,South Dakota,2024,All,False,False,"Causes of Death, 2015-2024",5,count,excl_infant,cod_selected,2015-2024,,https://doh.sd.gov/media/iy5ld42w/cause-of-death-2015-2024-new.pdf,,fixture_text_capture,Rhabdomyolysis (Plus other disorders of muscle) (M62),5,needs_review,calendar_year,1,,False
cod_rheumatoid_arthritis,6.0,6.0,,none,South Dakota,2014,All,False,False,"Causes of Death, 2014-2023",0,count,excl_infant,cod_selected,2014-2023,,https://doh.sd.gov/media/g0rf2ewb/sd-cause-of-death-2014-2023.pdf,,fixture_text_capture,Rheumatoid arthritis (M05-M06),6,needs_review,calendar_year,1,,False
cod_rheumatoid_arthritis,103.0,103.0,,none,South Dakota,2014-2023,All,False,False,"Causes of Death, 2014-2023",0,count,excl_infant,cod_selected,2014-2023,,https://doh.sd.gov/media/g0rf2ewb/sd-cause-of-death-2014-2023.pdf,,fixture_text_capture,Rheumatoid arthritis (M05-M06),103,needs_review,multi_year_total,1,,False
cod_rheumatoid_arthritis,16.0,16.0,,none,South Dakota,2015,All,False,False,"Causes of Death, 2015-2024",3,count,excl_infant,cod_selected,2015-2024,,https://doh.sd.gov/media/iy5ld42w/cause-of-death-2015-2024-new.pdf,,fixture_text_capture,Rheumatoid arthritis (M05-M06),16,needs_review,calendar_year,2,selected 1 of 2 source rows,False
cod_rheumatoid_arthritis,101.0,101.0,,none,South Dakota,2015-2024,All,False,False,"Causes of Death, 2015-2024",3,count,excl_infant,cod_selected,2015-2024,,https://doh.sd.gov/media/iy5ld42w/cause-of-death-2015-2024-new.pdf,,fixture_text_capture,Rheumatoid arthritis (M05-M06),101,needs_review,multi_year_total,1,,False
cod_rheumatoid_arthritis,10.0,10.0,,none,South Dakota,2016,All,False,False,"Causes of Death, 2015-2024",3,count,excl_infant,cod_selected,2015-2024,,https://doh.sd.gov/media/iy5ld42w/cause-of-death-2015-2024-new.pdf,,fixture_text_capture,Rheumatoid arthritis (M05-M06),10,needs_review,calendar_year,2,selected 1 of 2 source rows,False
cod_rheumatoid_arthritis,16.0,16.0,,none,South Dakota,2017,All,False,False,"Causes of Death, 2015-2024",3,count,excl_infant,cod_selected,2015-2024,,https://doh.sd.gov/media/iy5ld42w/cause-of-death-2015-2024-new.pdf,,fixture_text_capture,Rheumatoid arthritis (M05-M06),16,needs_review,calendar_year,2,selected 1 of 2 source rows,False
cod_rheumatoid_arthritis,17.0,17.0,,none,South Dakota,2018,All,False,False,"Causes of Death, 2015-2024",3,count,excl_infant,cod_selected,2015-2024,,https://doh.sd.gov/media/iy5ld42w/cause-of-death-2015-2024-new.pdf,,fixture_text_capture,Rheumatoid arthritis (M05-M06),17,needs_review,calendar_year,2,selected 1 of 2 source rows,False
cod_rheumatoid_arthritis,3.0,3.0,,none,South Dakota,2019,All,False,False,"Causes of Death, 2015-2024",3,count,excl_infant,cod_selected,2015-2024,,https://doh.sd.gov/media/iy5ld42w/cause-of-death-2015-2024-new.pdf,,fixture_text_capture,Rheumatoid arthritis (M05-M06),3,needs_review,calendar_year,2,selected 1 of 2 source rows,False
cod_rheumatoid_arthritis,6.0,6.0,,none,South Dakota,2020,All,False,False,"Causes of Death, 2015-2024",3,count,excl_infant,cod_selected,2015-2024,,https://doh.sd.gov/media/iy5ld42w/cause-of-death-2015-2024-new.pdf,,fixture_text_capture,Rheumatoid arthritis (M05-M06),6,needs_review,calendar_year,2,selected 1 of 2 source rows,False
cod_rheumatoid_arthritis,7.0,7.0,,none,South Dakota,2021,All,False,False,"Causes of Death, 2015-2024",3,count,excl_infant,cod_selected,2015-2024,,https://doh.sd.gov/media/iy5ld42w/cause-of-death-2015-2024-new.pdf,,fixture_text_capture,Rheumatoid arthritis (M05-M06),7,needs_review,calendar_year,2,selected 1 of 2 source rows,False
cod_rheumatoid_arthritis,8.0,8.0,,none,South Dakota,2022,All,False,False,"Causes of Death, 2015-2024",3,count,excl_infant,cod_selected,2015-2024,,https://doh.sd.gov/media/iy5ld42w/cause-of-death-2015-2024-new.pdf,,fixture_text_capture,Rheumatoid arthritis (M05-M06),8,needs_review,calendar_year,2,selected 1 of 2 source rows,False
cod_rheumatoid_arthritis,14.0,14.0,,none,South Dakota,2023,All,False,False,"Causes of Death, 2015-2024",3,count,excl_infant,cod_selected,2015-2024,,https://doh.sd.gov/media/iy5ld42w/cause-of-death-2015-2024-new.pdf,,fixture_text_capture,Rheumatoid arthritis (M05-M06),14,needs_review,calendar_year,2,selected 1 of 2 source rows,False
cod_rheumatoid_arthritis,4.0,4.0,,none,South Dakota,2024,All,False,False,"Causes of Death, 2015-2024",3,count,excl_infant,cod_selected,2015-2024,,https://doh.sd.gov/media/iy5ld42w/cause-of-death-2015-2024-new.pdf,,fixture_text_capture,Rheumatoid arthritis (M05-M06),4,needs_review,calendar_year,1,,False
cod_rhinovirus_common_cold,2.0,2.0,,none,South Dakota,2015,All,False,False,"Causes of Death, 2015-2024",5,count,excl_infant,cod_selected,2015-2024,,https://doh.sd.gov/media/iy5ld42w/cause-of-death-2015-2024-new.pdf,,fixture_text_capture,Rhinovirus (Common cold) (B34.8),2,needs_review,calendar_year,1,,False
cod_rhinovirus_common_cold,24.0,24.0,,none,South Dakota,2015-2024,All,False,False,"Causes of Death, 2015-2024",5,count,excl_infant,cod_selected,2015-2024,,https://doh.sd.gov/media/iy5ld42w/cause-of-death-2015-2024-new.pdf,,fixture_text_capture,Rhinovirus (Common cold) (B34.8),24,needs_review,multi_year_total,1,,False
cod_rhinovirus_common_cold,1.0,1.0,,none,South Dakota,2016,All,False,False,"Causes of Death, 2015-2024",5,count,excl_infant,cod_selected,2015-2024,,https://doh.sd.gov/media/iy5ld42w/cause-of-death-2015-2024-new.pdf,,fixture_text_capture,Rhinovirus (Common cold) (B34.8),1,needs_review,calendar_year,1,,False
cod_rhinovirus_common_cold,1.0,1.0,,none,South Dakota,2017,All,False,False,"Causes of Death, 2015-2024",5,count,excl_infant,cod_selected,2015-2024,,https://doh.sd.gov/media/iy5ld42w/cause-of-death-2015-2024-new.pdf,,fixture_text_capture,Rhinovirus (Common cold) (B34.8),1,needs_review,calendar_year,1,,False
cod_rhinovirus_common_cold,4.0,4.0,,none,South Dakota,2018,All,False,False,"Causes of Death, 2015-2024",5,count,excl_infant,cod_selected,2015-2024,,https://doh.sd.gov/media/iy5ld42w/cause-of-death-2015-2024-new.pdf,,fixture_text_capture,Rhinovirus (Common cold) (B34.8),4,needs_review,calendar_year,1,,False
cod_rhinovirus_common_cold,3.0,3.0,,none,South Dakota,2019,All,False,False,"Causes of Death, 2015-2024",5,count,excl_infant,cod_selected,2015-2024,,https://doh.sd.gov/media/iy5ld42w/cause-of-death-2015-2024-new.pdf,,fixture_text_capture,Rhinovirus (Common cold) (B34.8),3,needs_review,calendar_year,1,,False
cod_rhinovirus_common_cold,0.0,0.0,,none,South Dakota,2020,All,False,False,"Causes of Death, 2015-2024",5,count,excl_infant,cod_selected,2015-2024,,https://doh.sd.gov/media/iy5ld42w/cause-of-death-2015-2024-new.pdf,,fixture_text_capture,Rhinovirus (Common cold) (B34.8),0,needs_review,calendar_year,1,,False
cod_rhinovirus_common_cold,2.0,2.0,,none,South Dakota,2021,All,False,False,"Causes of Death, 2015-2024",5,count,excl_infant,cod_selected,2015-2024,,https://doh.sd.gov/media/iy5ld42w/cause-of-death-2015-2024-new.pdf,,fixture_text_capture,Rhinovirus (Common cold) (B34.8),2,needs_review,calendar_year,1,,False
cod_rhinovirus_common_cold,2.0,2.0,,none,South Dakota,2022,All,False,False,"Causes of Death, 2015-2024",5,count,excl_infant,cod_selected,2015-2024,,https://doh.sd.gov/media/iy5ld42w/cause-of-death-2015-2024-new.pdf,,fixture_text_capture,Rhinovirus (Common cold) (B34.8),2,needs_review,calendar_year,1,,False
cod_rhinovirus_common_cold,5.0,5.0,,none,South Dakota,2023,All,False,False,"Causes of Death, 2015-2024",5,count,excl_infant,cod_selected,2015-2024,,https://doh.sd.gov/media/iy5ld42w/cause-of-death-2015-2024-new.pdf,,fixture_text_capture,Rhinovirus (Common cold) (B34.8),5,needs_review,calendar_year,1,,False
cod_rhinovirus_common_cold,4.0,4.0,,none,South Dakota,2024,All,False,False,"Causes of Death, 2015-2024",5,count,excl_infant,cod_selected,2015-2024,,https://doh.sd.gov/media/iy5ld42w/cause-of-death-2015-2024-new.pdf,,fixture_text_capture,Rhinovirus (Common cold) (B34.8),4,needs_review,calendar_year,1,,False
cod_sarcoidosis,1.0,1.0,,none,South Dakota,2014,All,False,False,"Causes of Death, 2014-2023",0,count,excl_infant,cod_selected,2014-2023,,https://doh.sd.gov/media/g0rf2ewb/sd-cause-of-death-2014-2023.pdf,,fixture_text_capture,Sarcoidosis (D86),1,needs_review,calendar_year,1,,False
cod_sarcoidosis,18.0,18.0,,none,South Dakota,2014-2023,All,False,False,"Causes of Death, 2014-2023",0,count,excl_infant,cod_selected,2014-2023,,https://doh.sd.gov/media/g0rf2ewb/sd-cause-of-death-2014-2023.pdf,,fixture_text_capture,Sarcoidosis (D86),18,needs_review,multi_year_total,1,,False
cod_sarcoidosis,2.0,2.0,,none,South Dakota,2015,All,False,False,"Causes of Death, 2015-2024",5,count,excl_infant,cod_selected,2015-2024,,https://doh.sd.gov/media/iy5ld42w/cause-of-death-2015-2024-new.pdf,,fixture_text_capture,Sarcoidosis (D86),2,needs_review,calendar_year,2,selected 1 of 2 source rows,False
cod_sarcoidosis,19.0,19.0,,none,South Dakota,2015-2024,All,False,False,"Causes of Death, 2015-2024",5,count,excl_infant,cod_selected,2015-2024,,https://doh.sd.gov/media/iy5ld42w/cause-of-death-2015-2024-new.pdf,,fixture_text_capture,Sarcoidosis (D86),19,needs_review,multi_year_total,1,,False
cod_sarcoidosis,1.0,1.0,,none,South Dakota,2016,All,False,False,"Causes of Death, 2015-2024",5,count,excl_infant,cod_selected,2015-2024,,https://doh.sd.gov/media/iy5ld42w/cause-of-death-2015-2024-new.pdf,,fixture_text_capture,Sarcoidosis (D86),1,needs_review,calendar_year,2,selected 1 of 2 source rows,False
cod_sarcoidosis,2.0,2.0,,none,South Dakota,2017,All,False,False,"Causes of Death, 2015-2024",5,count,excl_infant,cod_selected,2015-2024,,https://doh.sd.gov/media/iy5ld42w/cause-of-death-2015-2024-new.pdf,,fixture_text_capture,Sarcoidosis (D86),2,needs_review,calendar_year,2,selected 1 of 2 source rows,False
cod_sarcoidosis,2.0,2.0,,none,South Dakota,2018,All,False,False,"Causes of Death, 2015-2024",5,count,excl_infant,cod_selected,2015-2024,,https://doh.sd.gov/media/iy5ld42w/cause-of-death-2015-2024-new.pdf,,fixture_text_capture,Sarcoidosis (D86),2,needs_review,calendar_year,2,selected 1 of 2 source rows,False
cod_sarcoidosis,3.0,3.0,,none,South Dakota,2019,All,False,False,"Causes of Death, 2015-2024",5,count,excl_infant,cod_selected,2015-2024,,https://doh.sd.gov/media/iy5ld42w/cause-of-death-2015-2024-new.pdf,,fixture_text_capture,Sarcoidosis (D86),3,needs_review,calendar_year,2,selected 1 of 2 source rows,False
cod_sarcoidosis,0.0,0.0,,none,South Dakota,2020,All,False,False,"Causes of Death, 2015-2024",5,count,excl_infant,cod_selected,2015-2024,,https://doh.sd.gov/media/iy5ld42w/cause-of-death-2015-2024-new.pdf,,fixture_text_capture,Sarcoidosis (D86),0,needs_review,calendar_year,2,selected 1 of 2 source rows,False
cod_sarcoidosis,2.0,2.0,,none,South Dakota,2021,All,False,False,"Causes of Death, 2015-2024",5,count,excl_infant,cod_selected,2015-2024,,https://doh.sd.gov/media/iy5ld42w/cause-of-death-2015-2024-new.pdf,,fixture_text_capture,Sarcoidosis (D86),2,needs_review,calendar_year,2,selected 1 of 2 source rows,False
cod_sarcoidosis,2.0,2.0,,none,South Dakota,2022,All,False,False,"Causes of Death, 2015-2024",5,count,excl_infant,cod_selected,2015-2024,,https://doh.sd.gov/media/iy5ld42w/cause-of-death-2015-2024-new.pdf,,fixture_text_capture,Sarcoidosis (D86),2,needs_review,calendar_year,2,selected 1 of 2 source rows,False
cod_sarcoidosis,3.0,3.0,,none,South Dakota,2023,All,False,False,"Causes of Death, 2015-2024",5,count,excl_infant,cod_selected,2015-2024,,https://doh.sd.gov/media/iy5ld42w/cause-of-death-2015-2024-new.pdf,,fixture_text_capture,Sarcoidosis (D86),3,needs_review,calendar_year,2,selected 1 of 2 source rows,False
cod_sarcoidosis,2.0,2.0,,none,South Dakota,2024,All,False,False,"Causes of Death, 2015-2024",5,count,excl_infant,cod_selected,2015-2024,,https://doh.sd.gov/media/iy5ld42w/cause-of-death-2015-2024-new.pdf,,fixture_text_capture,Sarcoidosis (D86),2,needs_review,calendar_year,1,,False
cod_schizoaffective_disorders,0.0,0.0,,none,South Dakota,2014,All,False,False,"Causes of Death, 2014-2023",0,count,excl_infant,cod_selected,2014-2023,,https://doh.sd.gov/media/g0rf2ewb/sd-cause-of-death-2014-2023.pdf,,fixture_text_capture,Schizoaffective disorders (F25),0,needs_review,calendar_year,1,,False
cod_schizoaffective_disorders,12.0,12.0,,none,South Dakota,2014-2023,All,False,False,"Causes of Death, 2014-2023",0,count,excl_infant,cod_selected,2014-2023,,https://doh.sd.gov/media/g0rf2ewb/sd-cause-of-death-2014-2023.pdf,,fixture_text_capture,Schizoaffective disorders (F25),12,needs_review,multi_year_total,1,,False
cod_schizoaffective_disorders,1.0,1.0,,none,South Dakota,2015,All,False,False,"Causes of Death, 2015-2024",6,count,excl_infant,cod_selected,2015-2024,,https://doh.sd.gov/media/iy5ld42w/cause-of-death-2015-2024-new.pdf,,fixture_text_capture,Schizoaffective disorders (F25),1,needs_review,calendar_year,2,selected 1 of 2 source rows,False
cod_schizoaffective_disorders,14.0,14.0,,none,South Dakota,2015-2024,All,False,False,"Causes of Death, 2015-2024",6,count,excl_infant,cod_selected,2015-2024,,https://doh.sd.gov/media/iy5ld42w/cause-of-death-2015-2024-new.pdf,,fixture_text_capture,Schizoaffective disorders (F25),14,needs_review,multi_year_total,1,,False
cod_schizoaffective_disorders,0.0,0.0,,none,South Dakota,2016,All,False,False,"Causes of Death, 2015-2024",6,count,excl_infant,cod_selected,2015-2024,,https://doh.sd.gov/media/iy5ld42w/cause-of-death-2015-2024-new.pdf,,fixture_text_capture,Schizoaffective disorders (F25),0,needs_review,calendar_year,2,selected 1 of 2 source rows,False
cod_schizoaffective_disorders,2.0,2.0,,none,South Dakota,2017,All,False,False,"Causes of Death, 2015-2024",6,count,excl_infant,cod_selected,2015-2024,,https://doh.sd.gov/media/iy5ld42w/cause-of-death-2015-2024-new.pdf,,fixture_text_capture,Schizoaffective disorders (F25),2,needs_review,calendar_year,2,selected 1 of 2 source rows,False
cod_schizoaffective_disorders,0.0,0.0,,none,South Dakota,2018,All,False,False,"Causes of Death, 2015-2024",6,count,excl_infant,cod_selected,2015-2024,,https://doh.sd.gov/media/iy5ld42w/cause-of-death-2015-2024-new.pdf,,fixture_text_capture,Schizoaffective disorders (F25),0,needs_review,calendar_year,2,selected 1 of 2 source rows,False
cod_schizoaffective_disorders,0.0,0.0,,none,South Dakota,2019,All,False,False,"Causes of Death, 2015-2024",6,count,excl_infant,cod_selected,2015-2024,,https://doh.sd.gov/media/iy5ld42w/cause-of-death-2015-2024-new.pdf,,fixture_text_capture,Schizoaffective disorders (F25),0,needs_review,calendar_year,2,selected 1 of 2 source rows,False
cod_schizoaffective_disorders,2.0,2.0,,none,South Dakota,2020,All,False,False,"Causes of Death, 2015-2024",6,count,excl_infant,cod_selected,2015-2024,,https://doh.sd.gov/media/iy5ld42w/cause-of-death-2015-2024-new.pdf,,fixture_text_capture,Schizoaffective disorders (F25),2,needs_review,calendar_year,2,selected 1 of 2 source rows,False
cod_schizoaffective_disorders,2.0,2.0,,none,South Dakota,2021,All,False,False,"Causes of Death, 2015-2024",6,count,excl_infant,cod_selected,2015-2024,,https://doh.sd.gov/media/iy5ld42w/cause-of-death-2015-2024-new.pdf,,fixture_text_capture,Schizoaffective disorders (F25),2,needs_review,calendar_year,2,selected 1 of 2 source rows,False
cod_schizoaffective_disorders,1.0,1.0,,none,South Dakota,2022,All,False,False,"Causes of Death, 2015-2024",6,count,excl_infant,cod_selected,2015-2024,,https://doh.sd.gov/media/iy5ld42w/cause-of-death-2015-2024-new.pdf,,fixture_text_capture,Schizoaffective disorders (F25),1,needs_review,calendar_year,2,selected 1 of 2 source rows,False
cod_schizoaffective_disorders,4.0,4.0,,none,South Dakota,2023,All,False,False,"Causes of Death, 2015-2024",6,count,excl_infant,cod_selected,2015-2024,,https://doh.sd.gov/media/iy5ld42w/cause-of-death-2015-2024-new.pdf,,fixture_text_capture,Schizoaffective disorders (F25),4,needs_review,calendar_year,2,selected 1 of 2 source rows,False
cod_schizoaffective_disorders,2.0,2.0,,none,South Dakota,2024,All,False,False,"Causes of Death, 2015-2024",6,count,excl_infant,cod_selected,2015-2024,,https://doh.sd.gov/media/iy5ld42w/cause-of-death-2015-2024-new.pdf,,fixture_text_capture,Schizoaffective disorders (F25),2,needs_review,calendar_year,1,,False
cod_schizophrenia,4.0,4.0,,none,South Dakota,2014,All,False,False,"Causes of Death, 2014-2023",0,count,excl_infant,cod_selected,2014-2023,,https://doh.sd.gov/media/g0rf2ewb/sd-cause-of-death-2014-2023.pdf,,fixture_text_capture,Schizophrenia (F20),4,needs_review,calendar_year,1,,False
cod_schizophrenia,18.0,18.0,,none,South Dakota,2014-2023,All,False,False,"Causes of Death, 2014-2023",0,count,excl_infant,cod_selected,2014-2023,,https://doh.sd.gov/media/g0rf2ewb/sd-cause-of-death-2014-2023.pdf,,fixture_text_capture,Schizophrenia (F20),18,needs_review,multi_year_total,1,,False
cod_schizophrenia,4.0,4.0,,none,South Dakota,2015,All,False,False,"Causes of Death, 2015-2024",5,count,excl_infant,cod_selected,2015-2024,,https://doh.sd.gov/media/iy5ld42w/cause-of-death-2015-2024-new.pdf,,fixture_text_capture,Schizophrenia (F20),4,needs_review,calendar_year,2,selected 1 of 2 source rows,False
cod_schizophrenia,16.0,16.0,,none,South Dakota,2015-2024,All,False,False,"Causes of Death, 2015-2024",5,count,excl_infant,cod_selected,2015-2024,,https://doh.sd.gov/media/iy5ld42w/cause-of-death-2015-2024-new.pdf,,fixture_text_capture,Schizophrenia (F20),16,needs_review,multi_year_total,1,,False
cod_schizophrenia,3.0,3.0,,none,South Dakota,2016,All,False,False,"Causes of Death, 2015-2024",5,count,excl_infant,cod_selected,2015-2024,,https://doh.sd.gov/media/iy5ld42w/cause-of-death-2015-2024-new.pdf,,fixture_text_capture,Schizophrenia (F20),3,needs_review,calendar_year,2,selected 1 of 2 source rows,False
cod_schizophrenia,2.0,2.0,,none,South Dakota,2017,All,False,False,"Causes of Death, 2015-2024",5,count,excl_infant,cod_selected,2015-2024,,https://doh.sd.gov/media/iy5ld42w/cause-of-death-2015-2024-new.pdf,,fixture_text_capture,Schizophrenia (F20),2,needs_review,calendar_year,2,selected 1 of 2 source rows,False
cod_schizophrenia,0.0,0.0,,none,South Dakota,2018,All,False,False,"Causes of Death, 2015-2024",5,count,excl_infant,cod_selected,2015-2024,,https://doh.sd.gov/media/iy5ld42w/cause-of-death-2015-2024-new.pdf,,fixture_text_capture,Schizophrenia (F20),0,needs_review,calendar_year,2,selected 1 of 2 source rows,False
cod_schizophrenia,1.0,1.0,,none,South Dakota,2019,All,False,False,"Causes of Death, 2015-2024",5,count,excl_infant,cod_selected,2015-2024,,https://doh.sd.gov/media/iy5ld42w/cause-of-death-2015-2024-new.pdf,,fixture_text_capture,Schizophrenia (F20),1,needs_review,calendar_year,2,selected 1 of 2 source rows,False
cod_schizophrenia,0.0,0.0,,none,South Dakota,2020,All,False,False,"Causes of Death, 2015-2024",5,count,excl_infant,cod_selected,2015-2024,,https://doh.sd.gov/media/iy5ld42w/cause-of-death-2015-2024-new.pdf,,fixture_text_capture,Schizophrenia (F20),0,needs_review,calendar_year,2,selected 1 of 2 source rows,False
cod_schizophrenia,3.0,3.0,,none,South Dakota,2021,All,False,False,"Causes of Death, 2015-2024",5,count,excl_infant,cod_selected,2015-2024,,https://doh.sd.gov/media/iy5ld42w/cause-of-death-2015-2024-new.pdf,,fixture_text_capture,Schizophrenia (F20),3,needs_review,calendar_year,2,selected 1 of 2 source rows,False
cod_schizophrenia,0.0,0.0,,none,South Dakota,2022,All,False,False,"Causes of Death, 2015-2024",5,count,excl_infant,cod_selected,2015-2024,,https://doh.sd.gov/media/iy5ld42w/cause-of-death-2015-2024-new.pdf,,fixture_text_capture,Schizophrenia (F20),0,needs_review,calendar_year,2,selected 1 of 2 source rows,False
cod_schizophrenia,1.0,1.0,,none,South Dakota,2023,All,False,False,"Causes of Death, 2015-2024",5,count,excl_infant,cod_selected,2015-2024,,https://doh.sd.gov/media/iy5ld42w/cause-of-death-2015-2024-new.pdf,,fixture_text_capture,Schizophrenia (F20),1,needs_review,calendar_year,2,selected 1 of 2 source rows,False
cod_schizophrenia,2.0,2.0,,none,South Dakota,2024,All,False,False,"Causes of Death, 2015-2024",5,count,excl_infant,cod_selected,2015-2024,,https://doh.sd.gov/media/iy5ld42w/cause-of-death-2015-2024-new.pdf,,fixture_text_capture,Schizophrenia (F20),2,needs_review,calendar_year,1,,False
cod_scleroderma,7.0,7.0,,none,South Dakota,2014,All,False,False,"Causes of Death, 2014-2023",0,count,excl_infant,cod_selected,2014-2023,,https://doh.sd.gov/media/g0rf2ewb/sd-cause-of-death-2014-2023.pdf,,fixture_text_capture,Scleroderma (M34),7,needs_review,calendar_year,1,,False
cod_scleroderma,50.0,50.0,,none,South Dakota,2014-2023,All,False,False,"Causes of Death, 2014-2023",0,count,excl_infant,cod_selected,2014-2023,,https://doh.sd.gov/media/g0rf2ewb/sd-cause-of-death-2014-2023.pdf,,fixture_text_capture,Scleroderma (M34),50,needs_review,multi_year_total,1,,False
cod_scleroderma,6.0,6.0,,none,South Dakota,2015,All,False,False,"Causes of Death, 2015-2024",4,count,excl_infant,cod_selected,2015-2024,,https://doh.sd.gov/media/iy5ld42w/cause-of-death-2015-2024-new.pdf,,fixture_text_capture,Scleroderma (M34),6,needs_review,calendar_year,2,selected 1 of 2 source rows,False
cod_scleroderma,45.0,45.0,,none,South Dakota,2015-2024,All,False,False,"Causes of Death, 2015-2024",4,count,excl_infant,cod_selected,2015-2024,,https://doh.sd.gov/media/iy5ld42w/cause-of-death-2015-2024-new.pdf,,fixture_text_capture,Scleroderma (M34),45,needs_review,multi_year_total,1,,False
cod_scleroderma,4.0,4.0,,none,South Dakota,2016,All,False,False,"Causes of Death, 2015-2024",4,count,excl_infant,cod_selected,2015-2024,,https://doh.sd.gov/media/iy5ld42w/cause-of-death-2015-2024-new.pdf,,fixture_text_capture,Scleroderma (M34),4,needs_review,calendar_year,2,selected 1 of 2 source rows,False
cod_scleroderma,7.0,7.0,,none,South Dakota,2017,All,False,False,"Causes of Death, 2015-2024",4,count,excl_infant,cod_selected,2015-2024,,https://doh.sd.gov/media/iy5ld42w/cause-of-death-2015-2024-new.pdf,,fixture_text_capture,Scleroderma (M34),7,needs_review,calendar_year,2,selected 1 of 2 source rows,False
cod_scleroderma,7.0,7.0,,none,South Dakota,2018,All,False,False,"Causes of Death, 2015-2024",4,count,excl_infant,cod_selected,2015-2024,,https://doh.sd.gov/media/iy5ld42w/cause-of-death-2015-2024-new.pdf,,fixture_text_capture,Scleroderma (M34),7,needs_review,calendar_year,2,selected 1 of 2 source rows,False
cod_scleroderma,7.0,7.0,,none,South Dakota,2019,All,False,False,"Causes of Death, 2015-2024",4,count,excl_infant,cod_selected,2015-2024,,https://doh.sd.gov/media/iy5ld42w/cause-of-death-2015-2024-new.pdf,,fixture_text_capture,Scleroderma (M34),7,needs_review,calendar_year,2,selected 1 of 2 source rows,False
cod_scleroderma,6.0,6.0,,none,South Dakota,2020,All,False,False,"Causes of Death, 2015-2024",4,count,excl_infant,cod_selected,2015-2024,,https://doh.sd.gov/media/iy5ld42w/cause-of-death-2015-2024-new.pdf,,fixture_text_capture,Scleroderma (M34),6,needs_review,calendar_year,2,selected 1 of 2 source rows,False
cod_scleroderma,3.0,3.0,,none,South Dakota,2021,All,False,False,"Causes of Death, 2015-2024",4,count,excl_infant,cod_selected,2015-2024,,https://doh.sd.gov/media/iy5ld42w/cause-of-death-2015-2024-new.pdf,,fixture_text_capture,Scleroderma (M34),3,needs_review,calendar_year,2,selected 1 of 2 source rows,False
cod_scleroderma,2.0,2.0,,none,South Dakota,2022,All,False,False,"Causes of Death, 2015-2024",4,count,excl_infant,cod_selected,2015-2024,,https://doh.sd.gov/media/iy5ld42w/cause-of-death-2015-2024-new.pdf,,fixture_text_capture,Scleroderma (M34),2,needs_review,calendar_year,2,selected 1 of 2 source rows,False
cod_scleroderma,1.0,1.0,,none,South Dakota,2023,All,False,False,"Causes of Death, 2015-2024",4,count,excl_infant,cod_selected,2015-2024,,https://doh.sd.gov/media/iy5ld42w/cause-of-death-2015-2024-new.pdf,,fixture_text_capture,Scleroderma (M34),1,needs_review,calendar_year,2,selected 1 of 2 source rows,False
cod_scleroderma,2.0,2.0,,none,South Dakota,2024,All,False,False,"Causes of Death, 2015-2024",4,count,excl_infant,cod_selected,2015-2024,,https://doh.sd.gov/media/iy5ld42w/cause-of-death-2015-2024-new.pdf,,fixture_text_capture,Scleroderma (M34),2,needs_review,calendar_year,1,,False
cod_senile_degeneration_of_brain,3.0,3.0,,none,South Dakota,2014,All,False,False,"Causes of Death, 2014-2023",0,count,excl_infant,cod_selected,2014-2023,,https://doh.sd.gov/media/g0rf2ewb/sd-cause-of-death-2014-2023.pdf,,fixture_text_capture,Senile degeneration of brain (G31.1),3,needs_review,calendar_year,1,,False
cod_senile_degeneration_of_brain,178.0,178.0,,none,South Dakota,2014-2023,All,False,False,"Causes of Death, 2014-2023",0,count,excl_infant,cod_selected,2014-2023,,https://doh.sd.gov/media/g0rf2ewb/sd-cause-of-death-2014-2023.pdf,,fixture_text_capture,Senile degeneration of brain (G31.1),178,needs_review,multi_year_total,1,,False
cod_senile_degeneration_of_brain,6.0,6.0,,none,South Dakota,2015,All,False,False,"Causes of Death, 2015-2024",2,count,excl_infant,cod_selected,2015-2024,,https://doh.sd.gov/media/iy5ld42w/cause-of-death-2015-2024-new.pdf,,fixture_text_capture,Senile degeneration of brain (G31.1),6,needs_review,calendar_year,2,selected 1 of 2 source rows,False
cod_senile_degeneration_of_brain,256.0,256.0,,none,South Dakota,2015-2024,All,False,False,"Causes of Death, 2015-2024",2,count,excl_infant,cod_selected,2015-2024,,https://doh.sd.gov/media/iy5ld42w/cause-of-death-2015-2024-new.pdf,,fixture_text_capture,Senile degeneration of brain (G31.1),256,needs_review,multi_year_total,1,,False
cod_senile_degeneration_of_brain,4.0,4.0,,none,South Dakota,2016,All,False,False,"Causes of Death, 2015-2024",2,count,excl_infant,cod_selected,2015-2024,,https://doh.sd.gov/media/iy5ld42w/cause-of-death-2015-2024-new.pdf,,fixture_text_capture,Senile degeneration of brain (G31.1),4,needs_review,calendar_year,2,selected 1 of 2 source rows,False
cod_senile_degeneration_of_brain,5.0,5.0,,none,South Dakota,2017,All,False,False,"Causes of Death, 2015-2024",2,count,excl_infant,cod_selected,2015-2024,,https://doh.sd.gov/media/iy5ld42w/cause-of-death-2015-2024-new.pdf,,fixture_text_capture,Senile degeneration of brain (G31.1),5,needs_review,calendar_year,2,selected 1 of 2 source rows,False
cod_senile_degeneration_of_brain,8.0,8.0,,none,South Dakota,2018,All,False,False,"Causes of Death, 2015-2024",2,count,excl_infant,cod_selected,2015-2024,,https://doh.sd.gov/media/iy5ld42w/cause-of-death-2015-2024-new.pdf,,fixture_text_capture,Senile degeneration of brain (G31.1),8,needs_review,calendar_year,2,selected 1 of 2 source rows,False
cod_senile_degeneration_of_brain,24.0,24.0,,none,South Dakota,2019,All,False,False,"Causes of Death, 2015-2024",2,count,excl_infant,cod_selected,2015-2024,,https://doh.sd.gov/media/iy5ld42w/cause-of-death-2015-2024-new.pdf,,fixture_text_capture,Senile degeneration of brain (G31.1),24,needs_review,calendar_year,2,selected 1 of 2 source rows,False
cod_senile_degeneration_of_brain,20.0,20.0,,none,South Dakota,2020,All,False,False,"Causes of Death, 2015-2024",2,count,excl_infant,cod_selected,2015-2024,,https://doh.sd.gov/media/iy5ld42w/cause-of-death-2015-2024-new.pdf,,fixture_text_capture,Senile degeneration of brain (G31.1),20,needs_review,calendar_year,2,selected 1 of 2 source rows,False
cod_senile_degeneration_of_brain,23.0,23.0,,none,South Dakota,2021,All,False,False,"Causes of Death, 2015-2024",2,count,excl_infant,cod_selected,2015-2024,,https://doh.sd.gov/media/iy5ld42w/cause-of-death-2015-2024-new.pdf,,fixture_text_capture,Senile degeneration of brain (G31.1),23,needs_review,calendar_year,2,selected 1 of 2 source rows,False
cod_senile_degeneration_of_brain,29.0,29.0,,none,South Dakota,2022,All,False,False,"Causes of Death, 2015-2024",2,count,excl_infant,cod_selected,2015-2024,,https://doh.sd.gov/media/iy5ld42w/cause-of-death-2015-2024-new.pdf,,fixture_text_capture,Senile degeneration of brain (G31.1),29,needs_review,calendar_year,2,selected 1 of 2 source rows,False
cod_senile_degeneration_of_brain,56.0,56.0,,none,South Dakota,2023,All,False,False,"Causes of Death, 2015-2024",2,count,excl_infant,cod_selected,2015-2024,,https://doh.sd.gov/media/iy5ld42w/cause-of-death-2015-2024-new.pdf,,fixture_text_capture,Senile degeneration of brain (G31.1),56,needs_review,calendar_year,2,selected 1 of 2 source rows,False
cod_senile_degeneration_of_brain,81.0,81.0,,none,South Dakota,2024,All,False,False,"Causes of Death, 2015-2024",2,count,excl_infant,cod_selected,2015-2024,,https://doh.sd.gov/media/iy5ld42w/cause-of-death-2015-2024-new.pdf,,fixture_text_capture,Senile degeneration of brain (G31.1),81,needs_review,calendar_year,1,,False
cod_senility,10.0,10.0,,none,South Dakota,2014,All,False,False,"Causes of Death, 2014-2023",0,count,excl_infant,cod_selected,2014-2023,,https://doh.sd.gov/media/g0rf2ewb/sd-cause-of-death-2014-2023.pdf,,fixture_text_capture,Senility (R54),10,needs_review,calendar_year,1,,False
cod_senility,127.0,127.0,,none,South Dakota,2014-2023,All,False,False,"Causes of Death, 2014-2023",0,count,excl_infant,cod_selected,2014-2023,,https://doh.sd.gov/media/g0rf2ewb/sd-cause-of-death-2014-2023.pdf,,fixture_text_capture,Senility (R54),127,needs_review,multi_year_total,1,,False
cod_senility,12.0,12.0,,none,South Dakota,2015,All,False,False,"Causes of Death, 2015-2024",2,count,excl_infant,cod_selected,2015-2024,,https://doh.sd.gov/media/iy5ld42w/cause-of-death-2015-2024-new.pdf,,fixture_text_capture,Senility (R54),12,needs_review,calendar_year,2,selected 1 of 2 source rows,False
cod_senility,132.0,132.0,,none,South Dakota,2015-2024,All,False,False,"Causes of Death, 2015-2024",2,count,excl_infant,cod_selected,2015-2024,,https://doh.sd.gov/media/iy5ld42w/cause-of-death-2015-2024-new.pdf,,fixture_text_capture,Senility (R54),132,needs_review,multi_year_total,1,,False
cod_senility,15.0,15.0,,none,South Dakota,2016,All,False,False,"Causes of Death, 2015-2024",2,count,excl_infant,cod_selected,2015-2024,,https://doh.sd.gov/media/iy5ld42w/cause-of-death-2015-2024-new.pdf,,fixture_text_capture,Senility (R54),15,needs_review,calendar_year,2,selected 1 of 2 source rows,False
cod_senility,9.0,9.0,,none,South Dakota,2017,All,False,False,"Causes of Death, 2015-2024",2,count,excl_infant,cod_selected,2015-2024,,https://doh.sd.gov/media/iy5ld42w/cause-of-death-2015-2024-new.pdf,,fixture_text_capture,Senility (R54),9,needs_review,calendar_year,2,selected 1 of 2 source rows,False
cod_senility,13.0,13.0,,none,South Dakota,2018,All,False,False,"Causes of Death, 2015-2024",2,count,excl_infant,cod_selected,2015-2024,,https://doh.sd.gov/media/iy5ld42w/cause-of-death-2015-2024-new.pdf,,fixture_text_capture,Senility (R54),13,needs_review,calendar_year,2,selected 1 of 2 source rows,False
cod_senility,17.0,17.0,,none,South Dakota,2019,All,False,False,"Causes of Death, 2015-2024",2,count,excl_infant,cod_selected,2015-2024,,https://doh.sd.gov/media/iy5ld42w/cause-of-death-2015-2024-new.pdf,,fixture_text_capture,Senility (R54),17,needs_review,calendar_year,2,selected 1 of 2 source rows,False
cod_senility,10.0,10.0,,none,South Dakota,2020,All,False,False,"Causes of Death, 2015-2024",2,count,excl_infant,cod_selected,2015-2024,,https://doh.sd.gov/media/iy5ld42w/cause-of-death-2015-2024-new.pdf,,fixture_text_capture,Senility (R54),10,needs_review,calendar_year,2,selected 1 of 2 source rows,False
cod_senility,10.0,10.0,,none,South Dakota,2021,All,False,False,"Causes of Death, 2015-2024",2,count,excl_infant,cod_selected,2015-2024,,https://doh.sd.gov/media/iy5ld42w/cause-of-death-2015-2024-new.pdf,,fixture_text_capture,Senility (R54),10,needs_review,calendar_year,2,selected 1 of 2 source rows,False
cod_senility,18.0,18.0,,none,South Dakota,2022,All,False,False,"Causes of Death, 2015-2024",2,count,excl_infant,cod_selected,2015-2024,,https://doh.sd.gov/media/iy5ld42w/cause-of-death-2015-2024-new.pdf,,fixture_text_capture,Senility (R54),18,needs_review,calendar_year,2,selected 1 of 2 source rows,False
cod_senility,13.0,13.0,,none,South Dakota,2023,All,False,False,"Causes of Death, 2015-2024",2,count,excl_infant,cod_selected,2015-2024,,https://doh.sd.gov/media/iy5ld42w/cause-of-death-2015-2024-new.pdf,,fixture_text_capture,Senility (R54),13,needs_review,calendar_year,2,selected 1 of 2 source rows,False
cod_senility,15.0,15.0,,none,South Dakota,2024,All,False,False,"Causes of Death, 2015-2024",2,count,excl_infant,cod_selected,2015-2024,,https://doh.sd.gov/media/iy5ld42w/cause-of-death-2015-2024-new.pdf,,fixture_text_capture,Senility (R54),15,needs_review,calendar_year,1,,False
cod_septic_arthritis,2.0,2.0,,none,South Dakota,2015,All,False,False,"Causes of Death, 2015-2024",4,count,excl_infant,cod_selected,2015-2024,,https://doh.sd.gov/media/iy5ld42w/cause-of-death-2015-2024-new.pdf,,fixture_text_capture,Septic arthritis (M00),2,needs_review,calendar_year,1,,False
cod_septic_arthritis,42.0,42.0,,none,South Dakota,2015-2024,All,False,False,"Causes of Death, 2015-2024",4,count,excl_infant,cod_selected,2015-2024,,https://doh.sd.gov/media/iy5ld42w/cause-of-death-2015-2024-new.pdf,,fixture_text_capture,Septic arthritis (M00),42,needs_review,multi_year_total,1,,False
cod_septic_arthritis,2.0,2.0,,none,South Dakota,2016,All,False,False,"Causes of Death, 2015-2024",4,count,excl_infant,cod_selected,2015-2024,,https://doh.sd.gov/media/iy5ld42w/cause-of-death-2015-2024-new.pdf,,fixture_text_capture,Septic arthritis (M00),2,needs_review,calendar_year,1,,False
cod_septic_arthritis,4.0,4.0,,none,South Dakota,2017,All,False,False,"Causes of Death, 2015-2024",4,count,excl_infant,cod_selected,2015-2024,,https://doh.sd.gov/media/iy5ld42w/cause-of-death-2015-2024-new.pdf,,fixture_text_capture,Septic arthritis (M00),4,needs_review,calendar_year,1,,False
cod_septic_arthritis,2.0,2.0,,none,South Dakota,2018,All,False,False,"Causes of Death, 2015-2024",4,count,excl_infant,cod_selected,2015-2024,,https://doh.sd.gov/media/iy5ld42w/cause-of-death-2015-2024-new.pdf,,fixture_text_capture,Septic arthritis (M00),2,needs_review,calendar_year,1,,False
cod_septic_arthritis,11.0,11.0,,none,South Dakota,2019,All,False,False,"Causes of Death, 2015-2024",4,count,excl_infant,cod_selected,2015-2024,,https://doh.sd.gov/media/iy5ld42w/cause-of-death-2015-2024-new.pdf,,fixture_text_capture,Septic arthritis (M00),11,needs_review,calendar_year,1,,False
cod_septic_arthritis,1.0,1.0,,none,South Dakota,2020,All,False,False,"Causes of Death, 2015-2024",4,count,excl_infant,cod_selected,2015-2024,,https://doh.sd.gov/media/iy5ld42w/cause-of-death-2015-2024-new.pdf,,fixture_text_capture,Septic arthritis (M00),1,needs_review,calendar_year,1,,False
cod_septic_arthritis,3.0,3.0,,none,South Dakota,2021,All,False,False,"Causes of Death, 2015-2024",4,count,excl_infant,cod_selected,2015-2024,,https://doh.sd.gov/media/iy5ld42w/cause-of-death-2015-2024-new.pdf,,fixture_text_capture,Septic arthritis (M00),3,needs_review,calendar_year,1,,False
cod_septic_arthritis,7.0,7.0,,none,South Dakota,2022,All,False,False,"Causes of Death, 2015-2024",4,count,excl_infant,cod_selected,2015-2024,,https://doh.sd.gov/media/iy5ld42w/cause-of-death-2015-2024-new.pdf,,fixture_text_capture,Septic arthritis (M00),7,needs_review,calendar_year,1,,False
cod_septic_arthritis,3.0,3.0,,none,South Dakota,2023,All,False,False,"Causes of Death, 2015-2024",4,count,excl_infant,cod_selected,2015-2024,,https://doh.sd.gov/media/iy5ld42w/cause-of-death-2015-2024-new.pdf,,fixture_text_capture,Septic arthritis (M00),3,needs_review,calendar_year,1,,False
cod_septic_arthritis,7.0,7.0,,none,South Dakota,2024,All,False,False,"Causes of Death, 2015-2024",4,count,excl_infant,cod_selected,2015-2024,,https://doh.sd.gov/media/iy5ld42w/cause-of-death-2015-2024-new.pdf,,fixture_text_capture,Septic arthritis (M00),7,needs_review,calendar_year,1,,False
cod_septicemia,80.0,80.0,,none,South Dakota,2014,All,False,False,"Causes of Death, 2014-2023",0,count,excl_infant,cod_selected,2014-2023,,https://doh.sd.gov/media/g0rf2ewb/sd-cause-of-death-2014-2023.pdf,,fixture_text_capture,Septicemia (A40-A41),80,needs_review,calendar_year,1,,False
cod_septicemia,1024.0,1024.0,,none,South Dakota,2014-2023,All,False,False,"Causes of Death, 2014-2023",0,count,excl_infant,cod_selected,2014-2023,,https://doh.sd.gov/media/g0rf2ewb/sd-cause-of-death-2014-2023.pdf,,fixture_text_capture,Septicemia (A40-A41),"1,024",needs_review,multi_year_total,1,,False
cod_septicemia,119.0,119.0,,none,South Dakota,2015,All,False,False,"Causes of Death, 2015-2024",1,count,excl_infant,cod_selected,2015-2024,,https://doh.sd.gov/media/iy5ld42w/cause-of-death-2015-2024-new.pdf,,fixture_text_capture,Septicemia (A40-A41),119,needs_review,calendar_year,2,selected 1 of 2 source rows,False
cod_septicemia,1036.0,1036.0,,none,South Dakota,2015-2024,All,False,False,"Causes of Death, 2015-2024",1,count,excl_infant,cod_selected,2015-2024,,https://doh.sd.gov/media/iy5ld42w/cause-of-death-2015-2024-new.pdf,,fixture_text_capture,Septicemia (A40-A41),"1,036",needs_review,multi_year_total,1,,False
cod_septicemia,81.0,81.0,,none,South Dakota,2016,All,False,False,"Causes of Death, 2015-2024",1,count,excl_infant,cod_selected,2015-2024,,https://doh.sd.gov/media/iy5ld42w/cause-of-death-2015-2024-new.pdf,,fixture_text_capture,Septicemia (A40-A41),81,needs_review,calendar_year,2,selected 1 of 2 source rows,False
cod_septicemia,100.0,100.0,,none,South Dakota,2017,All,False,False,"Causes of Death, 2015-2024",1,count,excl_infant,cod_selected,2015-2024,,https://doh.sd.gov/media/iy5ld42w/cause-of-death-2015-2024-new.pdf,,fixture_text_capture,Septicemia (A40-A41),100,needs_review,calendar_year,2,selected 1 of 2 source rows,False
cod_septicemia,117.0,117.0,,none,South Dakota,2018,All,False,False,"Causes of Death, 2015-2024",1,count,excl_infant,cod_selected,2015-2024,,https://doh.sd.gov/media/iy5ld42w/cause-of-death-2015-2024-new.pdf,,fixture_text_capture,Septicemia (A40-A41),117,needs_review,calendar_year,2,selected 1 of 2 source rows,False
cod_septicemia,120.0,120.0,,none,South Dakota,2019,All,False,False,"Causes of Death, 2015-2024",1,count,excl_infant,cod_selected,2015-2024,,https://doh.sd.gov/media/iy5ld42w/cause-of-death-2015-2024-new.pdf,,fixture_text_capture,Septicemia (A40-A41),120,needs_review,calendar_year,2,selected 1 of 2 source rows,False
cod_septicemia,104.0,104.0,,none,South Dakota,2020,All,False,False,"Causes of Death, 2015-2024",1,count,excl_infant,cod_selected,2015-2024,,https://doh.sd.gov/media/iy5ld42w/cause-of-death-2015-2024-new.pdf,,fixture_text_capture,Septicemia (A40-A41),104,needs_review,calendar_year,2,selected 1 of 2 source rows,False
cod_septicemia,107.0,107.0,,none,South Dakota,2021,All,False,False,"Causes of Death, 2015-2024",1,count,excl_infant,cod_selected,2015-2024,,https://doh.sd.gov/media/iy5ld42w/cause-of-death-2015-2024-new.pdf,,fixture_text_capture,Septicemia (A40-A41),107,needs_review,calendar_year,2,selected 1 of 2 source rows,False
cod_septicemia,99.0,99.0,,none,South Dakota,2022,All,False,False,"Causes of Death, 2015-2024",1,count,excl_infant,cod_selected,2015-2024,,https://doh.sd.gov/media/iy5ld42w/cause-of-death-2015-2024-new.pdf,,fixture_text_capture,Septicemia (A40-A41),99,needs_review,calendar_year,2,selected 1 of 2 source rows,False
cod_septicemia,97.0,97.0,,none,South Dakota,2023,All,False,False,"Causes of Death, 2015-2024",1,count,excl_infant,cod_selected,2015-2024,,https://doh.sd.gov/media/iy5ld42w/cause-of-death-2015-2024-new.pdf,,fixture_text_capture,Septicemia (A40-A41),97,needs_review,calendar_year,2,selected 1 of 2 source rows,False
cod_septicemia,92.0,92.0,,none,South Dakota,2024,All,False,False,"Causes of Death, 2015-2024",1,count,excl_infant,cod_selected,2015-2024,,https://doh.sd.gov/media/iy5ld42w/cause-of-death-2015-2024-new.pdf,,fixture_text_capture,Septicemia (A40-A41),92,needs_review,calendar_year,1,,False
cod_skin_abscess_and_or_boil,0.0,0.0,,none,South Dakota,2014,All,False,False,"Causes of Death, 2014-2023",0,count,excl_infant,cod_selected,2014-2023,,https://doh.sd.gov/media/g0rf2ewb/sd-cause-of-death-2014-2023.pdf,,fixture_text_capture,Skin abscess and/or boil (L02),0,needs_review,calendar_year,1,,False
cod_skin_abscess_and_or_boil,10.0,10.0,,none,South Dakota,2014-2023,All,False,False,"Causes of Death, 2014-2023",0,count,excl_infant,cod_selected,2014-2023,,https://doh.sd.gov/media/g0rf2ewb/sd-cause-of-death-2014-2023.pdf,,fixture_text_capture,Skin abscess and/or boil (L02),10,needs_review,multi_year_total,1,,False
cod_skin_abscess_and_or_boil,0.0,0.0,,none,South Dakota,2015,All,False,False,"Causes of Death, 2015-2024",6,count,excl_infant,cod_selected,2015-2024,,https://doh.sd.gov/media/iy5ld42w/cause-of-death-2015-2024-new.pdf,,fixture_text_capture,Skin abscess and/or boil (L02),0,needs_review,calendar_year,2,selected 1 of 2 source rows,False
cod_skin_abscess_and_or_boil,13.0,13.0,,none,South Dakota,2015-2024,All,False,False,"Causes of Death, 2015-2024",6,count,excl_infant,cod_selected,2015-2024,,https://doh.sd.gov/media/iy5ld42w/cause-of-death-2015-2024-new.pdf,,fixture_text_capture,Skin abscess and/or boil (L02),13,needs_review,multi_year_total,1,,False
cod_skin_abscess_and_or_boil,1.0,1.0,,none,South Dakota,2016,All,False,False,"Causes of Death, 2015-2024",6,count,excl_infant,cod_selected,2015-2024,,https://doh.sd.gov/media/iy5ld42w/cause-of-death-2015-2024-new.pdf,,fixture_text_capture,Skin abscess and/or boil (L02),1,needs_review,calendar_year,2,selected 1 of 2 source rows,False
cod_skin_abscess_and_or_boil,2.0,2.0,,none,South Dakota,2017,All,False,False,"Causes of Death, 2015-2024",6,count,excl_infant,cod_selected,2015-2024,,https://doh.sd.gov/media/iy5ld42w/cause-of-death-2015-2024-new.pdf,,fixture_text_capture,Skin abscess and/or boil (L02),2,needs_review,calendar_year,2,selected 1 of 2 source rows,False
cod_skin_abscess_and_or_boil,1.0,1.0,,none,South Dakota,2018,All,False,False,"Causes of Death, 2015-2024",6,count,excl_infant,cod_selected,2015-2024,,https://doh.sd.gov/media/iy5ld42w/cause-of-death-2015-2024-new.pdf,,fixture_text_capture,Skin abscess and/or boil (L02),1,needs_review,calendar_year,2,selected 1 of 2 source rows,False
cod_skin_abscess_and_or_boil,0.0,0.0,,none,South Dakota,2019,All,False,False,"Causes of Death, 2015-2024",6,count,excl_infant,cod_selected,2015-2024,,https://doh.sd.gov/media/iy5ld42w/cause-of-death-2015-2024-new.pdf,,fixture_text_capture,Skin abscess and/or boil (L02),0,needs_review,calendar_year,2,selected 1 of 2 source rows,False
cod_skin_abscess_and_or_boil,2.0,2.0,,none,South Dakota,2020,All,False,False,"Causes of Death, 2015-2024",6,count,excl_infant,cod_selected,2015-2024,,https://doh.sd.gov/media/iy5ld42w/cause-of-death-2015-2024-new.pdf,,fixture_text_capture,Skin abscess and/or boil (L02),2,needs_review,calendar_year,2,selected 1 of 2 source rows,False
cod_skin_abscess_and_or_boil,2.0,2.0,,none,South Dakota,2021,All,False,False,"Causes of Death, 2015-2024",6,count,excl_infant,cod_selected,2015-2024,,https://doh.sd.gov/media/iy5ld42w/cause-of-death-2015-2024-new.pdf,,fixture_text_capture,Skin abscess and/or boil (L02),2,needs_review,calendar_year,2,selected 1 of 2 source rows,False
cod_skin_abscess_and_or_boil,0.0,0.0,,none,South Dakota,2022,All,False,False,"Causes of Death, 2015-2024",6,count,excl_infant,cod_selected,2015-2024,,https://doh.sd.gov/media/iy5ld42w/cause-of-death-2015-2024-new.pdf,,fixture_text_capture,Skin abscess and/or boil (L02),0,needs_review,calendar_year,2,selected 1 of 2 source rows,False
cod_skin_abscess_and_or_boil,2.0,2.0,,none,South Dakota,2023,All,False,False,"Causes of Death, 2015-2024",6,count,excl_infant,cod_selected,2015-2024,,https://doh.sd.gov/media/iy5ld42w/cause-of-death-2015-2024-new.pdf,,fixture_text_capture,Skin abscess and/or boil (L02),2,needs_review,calendar_year,2,selected 1 of 2 source rows,False
cod_skin_abscess_and_or_boil,3.0,3.0,,none,South Dakota,2024,All,False,False,"Causes of Death, 2015-2024",6,count,excl_infant,cod_selected,2015-2024,,https://doh.sd.gov/media/iy5ld42w/cause-of-death-2015-2024-new.pdf,,fixture_text_capture,Skin abscess and/or boil (L02),3,needs_review,calendar_year,1,,False
cod_sleep_apnea,5.0,5.0,,none,South Dakota,2014,All,False,False,"Causes of Death, 2014-2023",0,count,excl_infant,cod_selected,2014-2023,,https://doh.sd.gov/media/g0rf2ewb/sd-cause-of-death-2014-2023.pdf,,fixture_text_capture,Sleep apnea (G47.3),5,needs_review,calendar_year,1,,False
cod_sleep_apnea,51.0,51.0,,none,South Dakota,2014-2023,All,False,False,"Causes of Death, 2014-2023",0,count,excl_infant,cod_selected,2014-2023,,https://doh.sd.gov/media/g0rf2ewb/sd-cause-of-death-2014-2023.pdf,,fixture_text_capture,Sleep apnea (G47.3),51,needs_review,multi_year_total,1,,False
cod_sleep_apnea,0.0,0.0,,none,South Dakota,2015,All,False,False,"Causes of Death, 2015-2024",4,count,excl_infant,cod_selected,2015-2024,,https://doh.sd.gov/media/iy5ld42w/cause-of-death-2015-2024-new.pdf,,fixture_text_capture,Sleep apnea (G47.3),0,needs_review,calendar_year,2,selected 1 of 2 source rows,False
cod_sleep_apnea,49.0,49.0,,none,South Dakota,2015-2024,All,False,False,"Causes of Death, 2015-2024",4,count,excl_infant,cod_selected,2015-2024,,https://doh.sd.gov/media/iy5ld42w/cause-of-death-2015-2024-new.pdf,,fixture_text_capture,Sleep apnea (G47.3),49,needs_review,multi_year_total,1,,False
cod_sleep_apnea,8.0,8.0,,none,South Dakota,2016,All,False,False,"Causes of Death, 2015-2024",4,count,excl_infant,cod_selected,2015-2024,,https://doh.sd.gov/media/iy5ld42w/cause-of-death-2015-2024-new.pdf,,fixture_text_capture,Sleep apnea (G47.3),8,needs_review,calendar_year,2,selected 1 of 2 source rows,False
cod_sleep_apnea,3.0,3.0,,none,South Dakota,2017,All,False,False,"Causes of Death, 2015-2024",4,count,excl_infant,cod_selected,2015-2024,,https://doh.sd.gov/media/iy5ld42w/cause-of-death-2015-2024-new.pdf,,fixture_text_capture,Sleep apnea (G47.3),3,needs_review,calendar_year,2,selected 1 of 2 source rows,False
cod_sleep_apnea,7.0,7.0,,none,South Dakota,2018,All,False,False,"Causes of Death, 2015-2024",4,count,excl_infant,cod_selected,2015-2024,,https://doh.sd.gov/media/iy5ld42w/cause-of-death-2015-2024-new.pdf,,fixture_text_capture,Sleep apnea (G47.3),7,needs_review,calendar_year,2,selected 1 of 2 source rows,False
cod_sleep_apnea,8.0,8.0,,none,South Dakota,2019,All,False,False,"Causes of Death, 2015-2024",4,count,excl_infant,cod_selected,2015-2024,,https://doh.sd.gov/media/iy5ld42w/cause-of-death-2015-2024-new.pdf,,fixture_text_capture,Sleep apnea (G47.3),8,needs_review,calendar_year,2,selected 1 of 2 source rows,False
cod_sleep_apnea,3.0,3.0,,none,South Dakota,2020,All,False,False,"Causes of Death, 2015-2024",4,count,excl_infant,cod_selected,2015-2024,,https://doh.sd.gov/media/iy5ld42w/cause-of-death-2015-2024-new.pdf,,fixture_text_capture,Sleep apnea (G47.3),3,needs_review,calendar_year,2,selected 1 of 2 source rows,False
cod_sleep_apnea,5.0,5.0,,none,South Dakota,2021,All,False,False,"Causes of Death, 2015-2024",4,count,excl_infant,cod_selected,2015-2024,,https://doh.sd.gov/media/iy5ld42w/cause-of-death-2015-2024-new.pdf,,fixture_text_capture,Sleep apnea (G47.3),5,needs_review,calendar_year,2,selected 1 of 2 source rows,False
cod_sleep_apnea,7.0,7.0,,none,South Dakota,2022,All,False,False,"Causes of Death, 2015-2024",4,count,excl_infant,cod_selected,2015-2024,,https://doh.sd.gov/media/iy5ld42w/cause-of-death-2015-2024-new.pdf,,fixture_text_capture,Sleep apnea (G47.3),7,needs_review,calendar_year,2,selected 1 of 2 source rows,False
cod_sleep_apnea,5.0,5.0,,none,South Dakota,2023,All,False,False,"Causes of Death, 2015-2024",4,count,excl_infant,cod_selected,2015-2024,,https://doh.sd.gov/media/iy5ld42w/cause-of-death-2015-2024-new.pdf,,fixture_text_capture,Sleep apnea (G47.3),5,needs_review,calendar_year,2,selected 1 of 2 source rows,False
cod_sleep_apnea,3.0,3.0,,none,South Dakota,2024,All,False,False,"Causes of Death, 2015-2024",4,count,excl_infant,cod_selected,2015-2024,,https://doh.sd.gov/media/iy5ld42w/cause-of-death-2015-2024-new.pdf,,fixture_text_capture,Sleep apnea (G47.3),3,needs_review,calendar_year,1,,False
cod_staph_infection,4.0,4.0,,none,South Dakota,2015,All,False,False,"Causes of Death, 2015-2024",4,count,excl_infant,cod_selected,2015-2024,,https://doh.sd.gov/media/iy5ld42w/cause-of-death-2015-2024-new.pdf,,fixture_text_capture,Staph infection (A49.0),4,needs_review,calendar_year,1,,False
cod_staph_infection,30.0,30.0,,none,South Dakota,2015-2024,All,False,False,"Causes of Death, 2015-2024",4,count,excl_infant,cod_selected,2015-2024,,https://doh.sd.gov/media/iy5ld42w/cause-of-death-2015-2024-new.pdf,,fixture_text_capture,Staph infection (A49.0),30,needs_review,multi_year_total,1,,False
cod_staph_infection,2.0,2.0,,none,South Dakota,2016,All,False,False,"Causes of Death, 2015-2024",4,count,excl_infant,cod_selected,2015-2024,,https://doh.sd.gov/media/iy5ld42w/cause-of-death-2015-2024-new.pdf,,fixture_text_capture,Staph infection (A49.0),2,needs_review,calendar_year,1,,False
cod_staph_infection,1.0,1.0,,none,South Dakota,2017,All,False,False,"Causes of Death, 2015-2024",4,count,excl_infant,cod_selected,2015-2024,,https://doh.sd.gov/media/iy5ld42w/cause-of-death-2015-2024-new.pdf,,fixture_text_capture,Staph infection (A49.0),1,needs_review,calendar_year,1,,False
cod_staph_infection,2.0,2.0,,none,South Dakota,2018,All,False,False,"Causes of Death, 2015-2024",4,count,excl_infant,cod_selected,2015-2024,,https://doh.sd.gov/media/iy5ld42w/cause-of-death-2015-2024-new.pdf,,fixture_text_capture,Staph infection (A49.0),2,needs_review,calendar_year,1,,False
cod_staph_infection,4.0,4.0,,none,South Dakota,2019,All,False,False,"Causes of Death, 2015-2024",4,count,excl_infant,cod_selected,2015-2024,,https://doh.sd.gov/media/iy5ld42w/cause-of-death-2015-2024-new.pdf,,fixture_text_capture,Staph infection (A49.0),4,needs_review,calendar_year,1,,False
cod_staph_infection,5.0,5.0,,none,South Dakota,2020,All,False,False,"Causes of Death, 2015-2024",4,count,excl_infant,cod_selected,2015-2024,,https://doh.sd.gov/media/iy5ld42w/cause-of-death-2015-2024-new.pdf,,fixture_text_capture,Staph infection (A49.0),5,needs_review,calendar_year,1,,False
cod_staph_infection,2.0,2.0,,none,South Dakota,2021,All,False,False,"Causes of Death, 2015-2024",4,count,excl_infant,cod_selected,2015-2024,,https://doh.sd.gov/media/iy5ld42w/cause-of-death-2015-2024-new.pdf,,fixture_text_capture,Staph infection (A49.0),2,needs_review,calendar_year,1,,False
cod_staph_infection,2.0,2.0,,none,South Dakota,2022,All,False,False,"Causes of Death, 2015-2024",4,count,excl_infant,cod_selected,2015-2024,,https://doh.sd.gov/media/iy5ld42w/cause-of-death-2015-2024-new.pdf,,fixture_text_capture,Staph infection (A49.0),2,needs_review,calendar_year,1,,False
cod_staph_infection,3.0,3.0,,none,South Dakota,2023,All,False,False,"Causes of Death, 2015-2024",4,count,excl_infant,cod_selected,2015-2024,,https://doh.sd.gov/media/iy5ld42w/cause-of-death-2015-2024-new.pdf,,fixture_text_capture,Staph infection (A49.0),3,needs_review,calendar_year,1,,False
cod_staph_infection,5.0,5.0,,none,South Dakota,2024,All,False,False,"Causes of Death, 2015-2024",4,count,excl_infant,cod_selected,2015-2024,,https://doh.sd.gov/media/iy5ld42w/cause-of-death-2015-2024-new.pdf,,fixture_text_capture,Staph infection (A49.0),5,needs_review,calendar_year,1,,False
cod_struck_by_thrown_projected_or_falling_object,5.0,5.0,,none,South Dakota,2014,All,False,False,"Causes of Death, 2014-2023",0,count,excl_infant,cod_selected,2014-2023,,https://doh.sd.gov/media/g0rf2ewb/sd-cause-of-death-2014-2023.pdf,,fixture_text_capture,"Struck by thrown, projected, or falling object (W20)",5,needs_review,calendar_year,1,,False
cod_struck_by_thrown_projected_or_falling_object,21.0,21.0,,none,South Dakota,2014-2023,All,False,False,"Causes of Death, 2014-2023",0,count,excl_infant,cod_selected,2014-2023,,https://doh.sd.gov/media/g0rf2ewb/sd-cause-of-death-2014-2023.pdf,,fixture_text_capture,"Struck by thrown, projected, or falling object (W20)",21,needs_review,multi_year_total,1,,False
cod_struck_by_thrown_projected_or_falling_object,2.0,2.0,,none,South Dakota,2015,All,False,False,"Causes of Death, 2015-2024",5,count,excl_infant,cod_selected,2015-2024,,https://doh.sd.gov/media/iy5ld42w/cause-of-death-2015-2024-new.pdf,,fixture_text_capture,"Struck by thrown, projected, or falling object (W20)",2,needs_review,calendar_year,2,selected 1 of 2 source rows,False
cod_struck_by_thrown_projected_or_falling_object,18.0,18.0,,none,South Dakota,2015-2024,All,False,False,"Causes of Death, 2015-2024",5,count,excl_infant,cod_selected,2015-2024,,https://doh.sd.gov/media/iy5ld42w/cause-of-death-2015-2024-new.pdf,,fixture_text_capture,"Struck by thrown, projected, or falling object (W20)",18,needs_review,multi_year_total,1,,False
cod_struck_by_thrown_projected_or_falling_object,2.0,2.0,,none,South Dakota,2016,All,False,False,"Causes of Death, 2015-2024",5,count,excl_infant,cod_selected,2015-2024,,https://doh.sd.gov/media/iy5ld42w/cause-of-death-2015-2024-new.pdf,,fixture_text_capture,"Struck by thrown, projected, or falling object (W20)",2,needs_review,calendar_year,2,selected 1 of 2 source rows,False
cod_struck_by_thrown_projected_or_falling_object,1.0,1.0,,none,South Dakota,2017,All,False,False,"Causes of Death, 2015-2024",5,count,excl_infant,cod_selected,2015-2024,,https://doh.sd.gov/media/iy5ld42w/cause-of-death-2015-2024-new.pdf,,fixture_text_capture,"Struck by thrown, projected, or falling object (W20)",1,needs_review,calendar_year,2,selected 1 of 2 source rows,False
cod_struck_by_thrown_projected_or_falling_object,2.0,2.0,,none,South Dakota,2018,All,False,False,"Causes of Death, 2015-2024",5,count,excl_infant,cod_selected,2015-2024,,https://doh.sd.gov/media/iy5ld42w/cause-of-death-2015-2024-new.pdf,,fixture_text_capture,"Struck by thrown, projected, or falling object (W20)",2,needs_review,calendar_year,2,selected 1 of 2 source rows,False
cod_struck_by_thrown_projected_or_falling_object,0.0,0.0,,none,South Dakota,2019,All,False,False,"Causes of Death, 2015-2024",5,count,excl_infant,cod_selected,2015-2024,,https://doh.sd.gov/media/iy5ld42w/cause-of-death-2015-2024-new.pdf,,fixture_text_capture,"Struck by thrown, projected, or falling object (W20)",0,needs_review,calendar_year,2,selected 1 of 2 source rows,False
cod_struck_by_thrown_projected_or_falling_object,4.0,4.0,,none,South Dakota,2020,All,False,False,"Causes of Death, 2015-2024",5,count,excl_infant,cod_selected,2015-2024,,https://doh.sd.gov/media/iy5ld42w/cause-of-death-2015-2024-new.pdf,,fixture_text_capture,"Struck by thrown, projected, or falling object (W20)",4,needs_review,calendar_year,2,selected 1 of 2 source rows,False
cod_struck_by_thrown_projected_or_falling_object,2.0,2.0,,none,South Dakota,2021,All,False,False,"Causes of Death, 2015-2024",5,count,excl_infant,cod_selected,2015-2024,,https://doh.sd.gov/media/iy5ld42w/cause-of-death-2015-2024-new.pdf,,fixture_text_capture,"Struck by thrown, projected, or falling object (W20)",2,needs_review,calendar_year,2,selected 1 of 2 source rows,False
cod_struck_by_thrown_projected_or_falling_object,2.0,2.0,,none,South Dakota,2022,All,False,False,"Causes of Death, 2015-2024",5,count,excl_infant,cod_selected,2015-2024,,https://doh.sd.gov/media/iy5ld42w/cause-of-death-2015-2024-new.pdf,,fixture_text_capture,"Struck by thrown, projected, or falling object (W20)",2,needs_review,calendar_year,2,selected 1 of 2 source rows,False
cod_struck_by_thrown_projected_or_falling_object,1.0,1.0,,none,South Dakota,2023,All,False,False,"Causes of Death, 2015-2024",5,count,excl_infant,cod_selected,2015-2024,,https://doh.sd.gov/media/iy5ld42w/cause-of-death-2015-2024-new.pdf,,fixture_text_capture,"Struck by thrown, projected, or falling object (W20)",1,needs_review,calendar_year,2,selected 1 of 2 source rows,False
cod_struck_by_thrown_projected_or_falling_object,2.0,2.0,,none,South Dakota,2024,All,False,False,"Causes of Death, 2015-2024",5,count,excl_infant,cod_selected,2015-2024,,https://doh.sd.gov/media/iy5ld42w/cause-of-death-2015-2024-new.pdf,,fixture_text_capture,"Struck by thrown, projected, or falling object (W20)",2,needs_review,calendar_year,1,,False
cod_thyroid_gland_disorders,4.0,4.0,,none,South Dakota,2014,All,False,False,"Causes of Death, 2014-2023",0,count,excl_infant,cod_selected,2014-2023,,https://doh.sd.gov/media/g0rf2ewb/sd-cause-of-death-2014-2023.pdf,,fixture_text_capture,Disorders of thyroid gland (E00-E07),4,needs_review,calendar_year,1,,False
cod_thyroid_gland_disorders,49.0,49.0,,none,South Dakota,2014-2023,All,False,False,"Causes of Death, 2014-2023",0,count,excl_infant,cod_selected,2014-2023,,https://doh.sd.gov/media/g0rf2ewb/sd-cause-of-death-2014-2023.pdf,,fixture_text_capture,Disorders of thyroid gland (E00-E07),49,needs_review,multi_year_total,1,,False
cod_thyroid_gland_disorders,5.0,5.0,,none,South Dakota,2015,All,False,False,"Causes of Death, 2015-2024",4,count,excl_infant,cod_selected,2015-2024,,https://doh.sd.gov/media/iy5ld42w/cause-of-death-2015-2024-new.pdf,,fixture_text_capture,Thyroid gland disorders (E00-E07),5,needs_review,calendar_year,2,selected 1 of 2 source rows,False
cod_thyroid_gland_disorders,49.0,49.0,,none,South Dakota,2015-2024,All,False,False,"Causes of Death, 2015-2024",4,count,excl_infant,cod_selected,2015-2024,,https://doh.sd.gov/media/iy5ld42w/cause-of-death-2015-2024-new.pdf,,fixture_text_capture,Thyroid gland disorders (E00-E07),49,needs_review,multi_year_total,1,,False
cod_thyroid_gland_disorders,2.0,2.0,,none,South Dakota,2016,All,False,False,"Causes of Death, 2015-2024",4,count,excl_infant,cod_selected,2015-2024,,https://doh.sd.gov/media/iy5ld42w/cause-of-death-2015-2024-new.pdf,,fixture_text_capture,Thyroid gland disorders (E00-E07),2,needs_review,calendar_year,2,selected 1 of 2 source rows,False
cod_thyroid_gland_disorders,2.0,2.0,,none,South Dakota,2017,All,False,False,"Causes of Death, 2015-2024",4,count,excl_infant,cod_selected,2015-2024,,https://doh.sd.gov/media/iy5ld42w/cause-of-death-2015-2024-new.pdf,,fixture_text_capture,Thyroid gland disorders (E00-E07),2,needs_review,calendar_year,2,selected 1 of 2 source rows,False
cod_thyroid_gland_disorders,4.0,4.0,,none,South Dakota,2018,All,False,False,"Causes of Death, 2015-2024",4,count,excl_infant,cod_selected,2015-2024,,https://doh.sd.gov/media/iy5ld42w/cause-of-death-2015-2024-new.pdf,,fixture_text_capture,Thyroid gland disorders (E00-E07),4,needs_review,calendar_year,2,selected 1 of 2 source rows,False
cod_thyroid_gland_disorders,6.0,6.0,,none,South Dakota,2019,All,False,False,"Causes of Death, 2015-2024",4,count,excl_infant,cod_selected,2015-2024,,https://doh.sd.gov/media/iy5ld42w/cause-of-death-2015-2024-new.pdf,,fixture_text_capture,Thyroid gland disorders (E00-E07),6,needs_review,calendar_year,2,selected 1 of 2 source rows,False
cod_thyroid_gland_disorders,3.0,3.0,,none,South Dakota,2020,All,False,False,"Causes of Death, 2015-2024",4,count,excl_infant,cod_selected,2015-2024,,https://doh.sd.gov/media/iy5ld42w/cause-of-death-2015-2024-new.pdf,,fixture_text_capture,Thyroid gland disorders (E00-E07),3,needs_review,calendar_year,2,selected 1 of 2 source rows,False
cod_thyroid_gland_disorders,4.0,4.0,,none,South Dakota,2021,All,False,False,"Causes of Death, 2015-2024",4,count,excl_infant,cod_selected,2015-2024,,https://doh.sd.gov/media/iy5ld42w/cause-of-death-2015-2024-new.pdf,,fixture_text_capture,Thyroid gland disorders (E00-E07),4,needs_review,calendar_year,2,selected 1 of 2 source rows,False
cod_thyroid_gland_disorders,10.0,10.0,,none,South Dakota,2022,All,False,False,"Causes of Death, 2015-2024",4,count,excl_infant,cod_selected,2015-2024,,https://doh.sd.gov/media/iy5ld42w/cause-of-death-2015-2024-new.pdf,,fixture_text_capture,Thyroid gland disorders (E00-E07),10,needs_review,calendar_year,2,selected 1 of 2 source rows,False
cod_thyroid_gland_disorders,9.0,9.0,,none,South Dakota,2023,All,False,False,"Causes of Death, 2015-2024",4,count,excl_infant,cod_selected,2015-2024,,https://doh.sd.gov/media/iy5ld42w/cause-of-death-2015-2024-new.pdf,,fixture_text_capture,Thyroid gland disorders (E00-E07),9,needs_review,calendar_year,2,selected 1 of 2 source rows,False
cod_thyroid_gland_disorders,4.0,4.0,,none,South Dakota,2024,All,False,False,"Causes of Death, 2015-2024",4,count,excl_infant,cod_selected,2015-2024,,https://doh.sd.gov/media/iy5ld42w/cause-of-death-2015-2024-new.pdf,,fixture_text_capture,Thyroid gland disorders (E00-E07),4,needs_review,calendar_year,1,,False
cod_tuberculosis,2.0,2.0,,none,South Dakota,2014,All,False,False,"Causes of Death, 2014-2023",0,count,excl_infant,cod_selected,2014-2023,,https://doh.sd.gov/media/g0rf2ewb/sd-cause-of-death-2014-2023.pdf,,fixture_text_capture,Tuberculosis (A16-A19),2,needs_review,calendar_year,1,,False
cod_tuberculosis,19.0,19.0,,none,South Dakota,2014-2023,All,False,False,"Causes of Death, 2014-2023",0,count,excl_infant,cod_selected,2014-2023,,https://doh.sd.gov/media/g0rf2ewb/sd-cause-of-death-2014-2023.pdf,,fixture_text_capture,Tuberculosis (A16-A19),19,needs_review,multi_year_total,1,,False
cod_tuberculosis,3.0,3.0,,none,South Dakota,2015,All,False,False,"Causes of Death, 2015-2024",5,count,excl_infant,cod_selected,2015-2024,,https://doh.sd.gov/media/iy5ld42w/cause-of-death-2015-2024-new.pdf,,fixture_text_capture,Tuberculosis (A16-A19),3,needs_review,calendar_year,2,selected 1 of 2 source rows,False
cod_tuberculosis,20.0,20.0,,none,South Dakota,2015-2024,All,False,False,"Causes of Death, 2015-2024",5,count,excl_infant,cod_selected,2015-2024,,https://doh.sd.gov/media/iy5ld42w/cause-of-death-2015-2024-new.pdf,,fixture_text_capture,Tuberculosis (A16-A19),20,needs_review,multi_year_total,1,,False
cod_tuberculosis,2.0,2.0,,none,South Dakota,2016,All,False,False,"Causes of Death, 2015-2024",5,count,excl_infant,cod_selected,2015-2024,,https://doh.sd.gov/media/iy5ld42w/cause-of-death-2015-2024-new.pdf,,fixture_text_capture,Tuberculosis (A16-A19),2,needs_review,calendar_year,2,selected 1 of 2 source rows,False
cod_tuberculosis,4.0,4.0,,none,South Dakota,2017,All,False,False,"Causes of Death, 2015-2024",5,count,excl_infant,cod_selected,2015-2024,,https://doh.sd.gov/media/iy5ld42w/cause-of-death-2015-2024-new.pdf,,fixture_text_capture,Tuberculosis (A16-A19),4,needs_review,calendar_year,2,selected 1 of 2 source rows,False
cod_tuberculosis,1.0,1.0,,none,South Dakota,2018,All,False,False,"Causes of Death, 2015-2024",5,count,excl_infant,cod_selected,2015-2024,,https://doh.sd.gov/media/iy5ld42w/cause-of-death-2015-2024-new.pdf,,fixture_text_capture,Tuberculosis (A16-A19),1,needs_review,calendar_year,2,selected 1 of 2 source rows,False
cod_tuberculosis,1.0,1.0,,none,South Dakota,2019,All,False,False,"Causes of Death, 2015-2024",5,count,excl_infant,cod_selected,2015-2024,,https://doh.sd.gov/media/iy5ld42w/cause-of-death-2015-2024-new.pdf,,fixture_text_capture,Tuberculosis (A16-A19),1,needs_review,calendar_year,2,selected 1 of 2 source rows,False
cod_tuberculosis,1.0,1.0,,none,South Dakota,2020,All,False,False,"Causes of Death, 2015-2024",5,count,excl_infant,cod_selected,2015-2024,,https://doh.sd.gov/media/iy5ld42w/cause-of-death-2015-2024-new.pdf,,fixture_text_capture,Tuberculosis (A16-A19),1,needs_review,calendar_year,2,selected 1 of 2 source rows,False
cod_tuberculosis,2.0,2.0,,none,South Dakota,2021,All,False,False,"Causes of Death, 2015-2024",5,count,excl_infant,cod_selected,2015-2024,,https://doh.sd.gov/media/iy5ld42w/cause-of-death-2015-2024-new.pdf,,fixture_text_capture,Tuberculosis (A16-A19),2,needs_review,calendar_year,2,selected 1 of 2 source rows,False
cod_tuberculosis,1.0,1.0,,none,South Dakota,2022,All,False,False,"Causes of Death, 2015-2024",5,count,excl_infant,cod_selected,2015-2024,,https://doh.sd.gov/media/iy5ld42w/cause-of-death-2015-2024-new.pdf,,fixture_text_capture,Tuberculosis (A16-A19),1,needs_review,calendar_year,2,selected 1 of 2 source rows,False
cod_tuberculosis,2.0,2.0,,none,South Dakota,2023,All,False,False,"Causes of Death, 2015-2024",5,count,excl_infant,cod_selected,2015-2024,,https://doh.sd.gov/media/iy5ld42w/cause-of-death-2015-2024-new.pdf,,fixture_text_capture,Tuberculosis (A16-A19),2,needs_review,calendar_year,2,selected 1 of 2 source rows,False
cod_tuberculosis,3.0,3.0,,none,South Dakota,2024,All,False,False,"Causes of Death, 2015-2024",5,count,excl_infant,cod_selected,2015-2024,,https://doh.sd.gov/media/iy5ld42w/cause-of-death-2015-2024-new.pdf,,fixture_text_capture,Tuberculosis (A16-A19),3,needs_review,calendar_year,1,,False
cod_ulcerative_colitis,1.0,1.0,,none,South Dakota,2014,All,False,False,"Causes of Death, 2014-2023",0,count,excl_infant,cod_selected,2014-2023,,https://doh.sd.gov/media/g0rf2ewb/sd-cause-of-death-2014-2023.pdf,,fixture_text_capture,Ulcerative colitis (K51),1,needs_review,calendar_year,1,,False
cod_ulcerative_colitis,13.0,13.0,,none,South Dakota,2014-2023,All,False,False,"Causes of Death, 2014-2023",0,count,excl_infant,cod_selected,2014-2023,,https://doh.sd.gov/media/g0rf2ewb/sd-cause-of-death-2014-2023.pdf,,fixture_text_capture,Ulcerative colitis (K51),13,needs_review,multi_year_total,1,,False
cod_ulcerative_colitis,0.0,0.0,,none,South Dakota,2015,All,False,False,"Causes of Death, 2015-2024",5,count,excl_infant,cod_selected,2015-2024,,https://doh.sd.gov/media/iy5ld42w/cause-of-death-2015-2024-new.pdf,,fixture_text_capture,Ulcerative colitis (K51),0,needs_review,calendar_year,2,selected 1 of 2 source rows,False
cod_ulcerative_colitis,14.0,14.0,,none,South Dakota,2015-2024,All,False,False,"Causes of Death, 2015-2024",5,count,excl_infant,cod_selected,2015-2024,,https://doh.sd.gov/media/iy5ld42w/cause-of-death-2015-2024-new.pdf,,fixture_text_capture,Ulcerative colitis (K51),14,needs_review,multi_year_total,1,,False
cod_ulcerative_colitis,0.0,0.0,,none,South Dakota,2016,All,False,False,"Causes of Death, 2015-2024",5,count,excl_infant,cod_selected,2015-2024,,https://doh.sd.gov/media/iy5ld42w/cause-of-death-2015-2024-new.pdf,,fixture_text_capture,Ulcerative colitis (K51),0,needs_review,calendar_year,2,selected 1 of 2 source rows,False
cod_ulcerative_colitis,2.0,2.0,,none,South Dakota,2017,All,False,False,"Causes of Death, 2015-2024",5,count,excl_infant,cod_selected,2015-2024,,https://doh.sd.gov/media/iy5ld42w/cause-of-death-2015-2024-new.pdf,,fixture_text_capture,Ulcerative colitis (K51),2,needs_review,calendar_year,2,selected 1 of 2 source rows,False
cod_ulcerative_colitis,1.0,1.0,,none,South Dakota,2018,All,False,False,"Causes of Death, 2015-2024",5,count,excl_infant,cod_selected,2015-2024,,https://doh.sd.gov/media/iy5ld42w/cause-of-death-2015-2024-new.pdf,,fixture_text_capture,Ulcerative colitis (K51),1,needs_review,calendar_year,2,selected 1 of 2 source rows,False
cod_ulcerative_colitis,1.0,1.0,,none,South Dakota,2019,All,False,False,"Causes of Death, 2015-2024",5,count,excl_infant,cod_selected,2015-2024,,https://doh.sd.gov/media/iy5ld42w/cause-of-death-2015-2024-new.pdf,,fixture_text_capture,Ulcerative colitis (K51),1,needs_review,calendar_year,2,selected 1 of 2 source rows,False
cod_ulcerative_colitis,0.0,0.0,,none,South Dakota,2020,All,False,False,"Causes of Death, 2015-2024",5,count,excl_infant,cod_selected,2015-2024,,https://doh.sd.gov/media/iy5ld42w/cause-of-death-2015-2024-new.pdf,,fixture_text_capture,Ulcerative colitis (K51),0,needs_review,calendar_year,2,selected 1 of 2 source rows,False
cod_ulcerative_colitis,2.0,2.0,,none,South Dakota,2021,All,False,False,"Causes of Death, 2015-2024",5,count,excl_infant,cod_selected,2015-2024,,https://doh.sd.gov/media/iy5ld42w/cause-of-death-2015-2024-new.pdf,,fixture_text_capture,Ulcerative colitis (K51),2,needs_review,calendar_year,2,selected 1 of 2 source rows,False
cod_ulcerative_colitis,3.0,3.0,,none,South Dakota,2022,All,False,False,"Causes of Death, 2015-2024",5,count,excl_infant,cod_selected,2015-2024,,https://doh.sd.gov/media/iy5ld42w/cause-of-death-2015-2024-new.pdf,,fixture_text_capture,Ulcerative colitis (K51),3,needs_review,calendar_year,2,selected 1 of 2 source rows,False
cod_ulcerative_colitis,3.0,3.0,,none,South Dakota,2023,All,False,False,"Causes of Death, 2015-2024",5,count,excl_infant,cod_selected,2015-2024,,https://doh.sd.gov/media/iy5ld42w/cause-of-death-2015-2024-new.pdf,,fixture_text_capture,Ulcerative colitis (K51),3,needs_review,calendar_year,2,selected 1 of 2 source rows,False
cod_ulcerative_colitis,2.0,2.0,,none,South Dakota,2024,All,False,False,"Causes of Death, 2015-2024",5,count,excl_infant,cod_selected,2015-2024,,https://doh.sd.gov/media/iy5ld42w/cause-of-death-2015-2024-new.pdf,,fixture_text_capture,Ulcerative colitis (K51),2,needs_review,calendar_year,1,,False
cod_urinary_tract_infection,34.0,34.0,,none,South Dakota,2014,All,False,False,"Causes of Death, 2014-2023",0,count,excl_infant,cod_selected,2014-2023,,https://doh.sd.gov/media/g0rf2ewb/sd-cause-of-death-2014-2023.pdf,,fixture_text_capture,Urinary tract infection (N39.0),34,needs_review,calendar_year,1,,False
cod_urinary_tract_infection,415.0,415.0,,none,South Dakota,2014-2023,All,False,False,"Causes of Death, 2014-2023",0,count,excl_infant,cod_selected,2014-2023,,https://doh.sd.gov/media/g0rf2ewb/sd-cause-of-death-2014-2023.pdf,,fixture_text_capture,Urinary tract infection (N39.0),415,needs_review,multi_year_total,1,,False
cod_urinary_tract_infection,39.0,39.0,,none,South Dakota,2015,All,False,False,"Causes of Death, 2015-2024",2,count,excl_infant,cod_selected,2015-2024,,https://doh.sd.gov/media/iy5ld42w/cause-of-death-2015-2024-new.pdf,,fixture_text_capture,Urinary tract infection (N39.0),39,needs_review,calendar_year,2,selected 1 of 2 source rows,False
cod_urinary_tract_infection,426.0,426.0,,none,South Dakota,2015-2024,All,False,False,"Causes of Death, 2015-2024",2,count,excl_infant,cod_selected,2015-2024,,https://doh.sd.gov/media/iy5ld42w/cause-of-death-2015-2024-new.pdf,,fixture_text_capture,Urinary tract infection (N39.0),426,needs_review,multi_year_total,1,,False
cod_urinary_tract_infection,44.0,44.0,,none,South Dakota,2016,All,False,False,"Causes of Death, 2015-2024",2,count,excl_infant,cod_selected,2015-2024,,https://doh.sd.gov/media/iy5ld42w/cause-of-death-2015-2024-new.pdf,,fixture_text_capture,Urinary tract infection (N39.0),44,needs_review,calendar_year,2,selected 1 of 2 source rows,False
cod_urinary_tract_infection,50.0,50.0,,none,South Dakota,2017,All,False,False,"Causes of Death, 2015-2024",2,count,excl_infant,cod_selected,2015-2024,,https://doh.sd.gov/media/iy5ld42w/cause-of-death-2015-2024-new.pdf,,fixture_text_capture,Urinary tract infection (N39.0),50,needs_review,calendar_year,2,selected 1 of 2 source rows,False
cod_urinary_tract_infection,43.0,43.0,,none,South Dakota,2018,All,False,False,"Causes of Death, 2015-2024",2,count,excl_infant,cod_selected,2015-2024,,https://doh.sd.gov/media/iy5ld42w/cause-of-death-2015-2024-new.pdf,,fixture_text_capture,Urinary tract infection (N39.0),43,needs_review,calendar_year,2,selected 1 of 2 source rows,False
cod_urinary_tract_infection,40.0,40.0,,none,South Dakota,2019,All,False,False,"Causes of Death, 2015-2024",2,count,excl_infant,cod_selected,2015-2024,,https://doh.sd.gov/media/iy5ld42w/cause-of-death-2015-2024-new.pdf,,fixture_text_capture,Urinary tract infection (N39.0),40,needs_review,calendar_year,2,selected 1 of 2 source rows,False
cod_urinary_tract_infection,41.0,41.0,,none,South Dakota,2020,All,False,False,"Causes of Death, 2015-2024",2,count,excl_infant,cod_selected,2015-2024,,https://doh.sd.gov/media/iy5ld42w/cause-of-death-2015-2024-new.pdf,,fixture_text_capture,Urinary tract infection (N39.0),41,needs_review,calendar_year,2,selected 1 of 2 source rows,False
cod_urinary_tract_infection,51.0,51.0,,none,South Dakota,2021,All,False,False,"Causes of Death, 2015-2024",2,count,excl_infant,cod_selected,2015-2024,,https://doh.sd.gov/media/iy5ld42w/cause-of-death-2015-2024-new.pdf,,fixture_text_capture,Urinary tract infection (N39.0),51,needs_review,calendar_year,2,selected 1 of 2 source rows,False
cod_urinary_tract_infection,42.0,42.0,,none,South Dakota,2022,All,False,False,"Causes of Death, 2015-2024",2,count,excl_infant,cod_selected,2015-2024,,https://doh.sd.gov/media/iy5ld42w/cause-of-death-2015-2024-new.pdf,,fixture_text_capture,Urinary tract infection (N39.0),42,needs_review,calendar_year,2,selected 1 of 2 source rows,False
cod_urinary_tract_infection,31.0,31.0,,none,South Dakota,2023,All,False,False,"Causes of Death, 2015-2024",2,count,excl_infant,cod_selected,2015-2024,,https://doh.sd.gov/media/iy5ld42w/cause-of-death-2015-2024-new.pdf,,fixture_text_capture,Urinary tract infection (N39.0),31,needs_review,calendar_year,2,selected 1 of 2 source rows,False
cod_urinary_tract_infection,45.0,45.0,,none,South Dakota,2024,All,False,False,"Causes of Death, 2015-2024",2,count,excl_infant,cod_selected,2015-2024,,https://doh.sd.gov/media/iy5ld42w/cause-of-death-2015-2024-new.pdf,,fixture_text_capture,Urinary tract infection (N39.0),45,needs_review,calendar_year,1,,False
cod_viral_hepatitis,11.0,11.0,,none,South Dakota,2014,All,False,False,"Causes of Death, 2014-2023",0,count,excl_infant,cod_selected,2014-2023,,https://doh.sd.gov/media/g0rf2ewb/sd-cause-of-death-2014-2023.pdf,,fixture_text_capture,Viral hepatitis (B15-B19),11,needs_review,calendar_year,1,,False
cod_viral_hepatitis,86.0,86.0,,none,South Dakota,2014-2023,All,False,False,"Causes of Death, 2014-2023",0,count,excl_infant,cod_selected,2014-2023,,https://doh.sd.gov/media/g0rf2ewb/sd-cause-of-death-2014-2023.pdf,,fixture_text_capture,Viral hepatitis (B15-B19),86,needs_review,multi_year_total,1,,False
cod_viral_hepatitis,11.0,11.0,,none,South Dakota,2015,All,False,False,"Causes of Death, 2015-2024",3,count,excl_infant,cod_selected,2015-2024,,https://doh.sd.gov/media/iy5ld42w/cause-of-death-2015-2024-new.pdf,,fixture_text_capture,Viral hepatitis (B15-B19),11,needs_review,calendar_year,2,selected 1 of 2 source rows,False
cod_viral_hepatitis,79.0,79.0,,none,South Dakota,2015-2024,All,False,False,"Causes of Death, 2015-2024",3,count,excl_infant,cod_selected,2015-2024,,https://doh.sd.gov/media/iy5ld42w/cause-of-death-2015-2024-new.pdf,,fixture_text_capture,Viral hepatitis (B15-B19),79,needs_review,multi_year_total,1,,False
cod_viral_hepatitis,11.0,11.0,,none,South Dakota,2016,All,False,False,"Causes of Death, 2015-2024",3,count,excl_infant,cod_selected,2015-2024,,https://doh.sd.gov/media/iy5ld42w/cause-of-death-2015-2024-new.pdf,,fixture_text_capture,Viral hepatitis (B15-B19),11,needs_review,calendar_year,2,selected 1 of 2 source rows,False
cod_viral_hepatitis,6.0,6.0,,none,South Dakota,2017,All,False,False,"Causes of Death, 2015-2024",3,count,excl_infant,cod_selected,2015-2024,,https://doh.sd.gov/media/iy5ld42w/cause-of-death-2015-2024-new.pdf,,fixture_text_capture,Viral hepatitis (B15-B19),6,needs_review,calendar_year,2,selected 1 of 2 source rows,False
cod_viral_hepatitis,9.0,9.0,,none,South Dakota,2018,All,False,False,"Causes of Death, 2015-2024",3,count,excl_infant,cod_selected,2015-2024,,https://doh.sd.gov/media/iy5ld42w/cause-of-death-2015-2024-new.pdf,,fixture_text_capture,Viral hepatitis (B15-B19),9,needs_review,calendar_year,2,selected 1 of 2 source rows,False
cod_viral_hepatitis,7.0,7.0,,none,South Dakota,2019,All,False,False,"Causes of Death, 2015-2024",3,count,excl_infant,cod_selected,2015-2024,,https://doh.sd.gov/media/iy5ld42w/cause-of-death-2015-2024-new.pdf,,fixture_text_capture,Viral hepatitis (B15-B19),7,needs_review,calendar_year,2,selected 1 of 2 source rows,False
cod_viral_hepatitis,6.0,6.0,,none,South Dakota,2020,All,False,False,"Causes of Death, 2015-2024",3,count,excl_infant,cod_selected,2015-2024,,https://doh.sd.gov/media/iy5ld42w/cause-of-death-2015-2024-new.pdf,,fixture_text_capture,Viral hepatitis (B15-B19),6,needs_review,calendar_year,2,selected 1 of 2 source rows,False
cod_viral_hepatitis,9.0,9.0,,none,South Dakota,2021,All,False,False,"Causes of Death, 2015-2024",3,count,excl_infant,cod_selected,2015-2024,,https://doh.sd.gov/media/iy5ld42w/cause-of-death-2015-2024-new.pdf,,fixture_text_capture,Viral hepatitis (B15-B19),9,needs_review,calendar_year,2,selected 1 of 2 source rows,False
cod_viral_hepatitis,7.0,7.0,,none,South Dakota,2022,All,False,False,"Causes of Death, 2015-2024",3,count,excl_infant,cod_selected,2015-2024,,https://doh.sd.gov/media/iy5ld42w/cause-of-death-2015-2024-new.pdf,,fixture_text_capture,Viral hepatitis (B15-B19),7,needs_review,calendar_year,2,selected 1 of 2 source rows,False
cod_viral_hepatitis,9.0,9.0,,none,South Dakota,2023,All,False,False,"Causes of Death, 2015-2024",3,count,excl_infant,cod_selected,2015-2024,,https://doh.sd.gov/media/iy5ld42w/cause-of-death-2015-2024-new.pdf,,fixture_text_capture,Viral hepatitis (B15-B19),9,needs_review,calendar_year,2,selected 1 of 2 source rows,False
cod_viral_hepatitis,4.0,4.0,,none,South Dakota,2024,All,False,False,"Causes of Death, 2015-2024",3,count,excl_infant,cod_selected,2015-2024,,https://doh.sd.gov/media/iy5ld42w/cause-of-death-2015-2024-new.pdf,,fixture_text_capture,Viral hepatitis (B15-B19),4,needs_review,calendar_year,1,,False
cod_volume_depletion,11.0,11.0,,none,South Dakota,2014,All,False,False,"Causes of Death, 2014-2023",0,count,excl_infant,cod_selected,2014-2023,,https://doh.sd.gov/media/g0rf2ewb/sd-cause-of-death-2014-2023.pdf,,fixture_text_capture,Volume depletion (E86),11,needs_review,calendar_year,1,,False
cod_volume_depletion,65.0,65.0,,none,South Dakota,2014-2023,All,False,False,"Causes of Death, 2014-2023",0,count,excl_infant,cod_selected,2014-2023,,https://doh.sd.gov/media/g0rf2ewb/sd-cause-of-death-2014-2023.pdf,,fixture_text_capture,Volume depletion (E86),65,needs_review,multi_year_total,1,,False
cod_volume_depletion,8.0,8.0,,none,South Dakota,2015,All,False,False,"Causes of Death, 2015-2024",4,count,excl_infant,cod_selected,2015-2024,,https://doh.sd.gov/media/iy5ld42w/cause-of-death-2015-2024-new.pdf,,fixture_text_capture,Volume depletion (E86),8,needs_review,calendar_year,2,selected 1 of 2 source rows,False
cod_volume_depletion,57.0,57.0,,none,South Dakota,2015-2024,All,False,False,"Causes of Death, 2015-2024",4,count,excl_infant,cod_selected,2015-2024,,https://doh.sd.gov/media/iy5ld42w/cause-of-death-2015-2024-new.pdf,,fixture_text_capture,Volume depletion (E86),57,needs_review,multi_year_total,1,,False
cod_volume_depletion,6.0,6.0,,none,South Dakota,2016,All,False,False,"Causes of Death, 2015-2024",4,count,excl_infant,cod_selected,2015-2024,,https://doh.sd.gov/media/iy5ld42w/cause-of-death-2015-2024-new.pdf,,fixture_text_capture,Volume depletion (E86),6,needs_review,calendar_year,2,selected 1 of 2 source rows,False
cod_volume_depletion,10.0,10.0,,none,South Dakota,2017,All,False,False,"Causes of Death, 2015-2024",4,count,excl_infant,cod_selected,2015-2024,,https://doh.sd.gov/media/iy5ld42w/cause-of-death-2015-2024-new.pdf,,fixture_text_capture,Volume depletion (E86),10,needs_review,calendar_year,2,selected 1 of 2 source rows,False
cod_volume_depletion,2.0,2.0,,none,South Dakota,2018,All,False,False,"Causes of Death, 2015-2024",4,count,excl_infant,cod_selected,2015-2024,,https://doh.sd.gov/media/iy5ld42w/cause-of-death-2015-2024-new.pdf,,fixture_text_capture,Volume depletion (E86),2,needs_review,calendar_year,2,selected 1 of 2 source rows,False
cod_volume_depletion,5.0,5.0,,none,South Dakota,2019,All,False,False,"Causes of Death, 2015-2024",4,count,excl_infant,cod_selected,2015-2024,,https://doh.sd.gov/media/iy5ld42w/cause-of-death-2015-2024-new.pdf,,fixture_text_capture,Volume depletion (E86),5,needs_review,calendar_year,2,selected 1 of 2 source rows,False
cod_volume_depletion,7.0,7.0,,none,South Dakota,2020,All,False,False,"Causes of Death, 2015-2024",4,count,excl_infant,cod_selected,2015-2024,,https://doh.sd.gov/media/iy5ld42w/cause-of-death-2015-2024-new.pdf,,fixture_text_capture,Volume depletion (E86),7,needs_review,calendar_year,2,selected 1 of 2 source rows,False
cod_volume_depletion,5.0,5.0,,none,South Dakota,2021,All,False,False,"Causes of Death, 2015-2024",4,count,excl_infant,cod_selected,2015-2024,,https://doh.sd.gov/media/iy5ld42w/cause-of-death-2015-2024-new.pdf,,fixture_text_capture,Volume depletion (E86),5,needs_review,calendar_year,2,selected 1 of 2 source rows,False
cod_volume_depletion,6.0,6.0,,none,South Dakota,2022,All,False,False,"Causes of Death, 2015-2024",4,count,excl_infant,cod_selected,2015-2024,,https://doh.sd.gov/media/iy5ld42w/cause-of-death-2015-2024-new.pdf,,fixture_text_capture,Volume depletion (E86),6,needs_review,calendar_year,2,selected 1 of 2 source rows,False
cod_volume_depletion,5.0,5.0,,none,South Dakota,2023,All,False,False,"Causes of Death, 2015-2024",4,count,excl_infant,cod_selected,2015-2024,,https://doh.sd.gov/media/iy5ld42w/cause-of-death-2015-2024-new.pdf,,fixture_text_capture,Volume depletion (E86),5,needs_review,calendar_year,2,selected 1 of 2 source rows,False
cod_volume_depletion,3.0,3.0,,none,South Dakota,2024,All,False,False,"Causes of Death, 2015-2024",4,count,excl_infant,cod_selected,2015-2024,,https://doh.sd.gov/media/iy5ld42w/cause-of-death-2015-2024-new.pdf,,fixture_text_capture,Volume depletion (E86),3,needs_review,calendar_year,1,,False
cod_water_transport_accidents,0.0,0.0,,none,South Dakota,2014,All,False,False,"Causes of Death, 2014-2023",0,count,excl_infant,cod_selected,2014-2023,,https://doh.sd.gov/media/g0rf2ewb/sd-cause-of-death-2014-2023.pdf,,fixture_text_capture,Water transport accidents (V90-V94),0,needs_review,calendar_year,1,,False
cod_water_transport_accidents,16.0,16.0,,none,South Dakota,2014-2023,All,False,False,"Causes of Death, 2014-2023",0,count,excl_infant,cod_selected,2014-2023,,https://doh.sd.gov/media/g0rf2ewb/sd-cause-of-death-2014-2023.pdf,,fixture_text_capture,Water transport accidents (V90-V94),16,needs_review,multi_year_total,1,,False
cod_water_transport_accidents,4.0,4.0,,none,South Dakota,2015,All,False,False,"Causes of Death, 2015-2024",5,count,excl_infant,cod_selected,2015-2024,,https://doh.sd.gov/media/iy5ld42w/cause-of-death-2015-2024-new.pdf,,fixture_text_capture,Water transport accidents (V90-V94),4,needs_review,calendar_year,2,selected 1 of 2 source rows,False
cod_water_transport_accidents,17.0,17.0,,none,South Dakota,2015-2024,All,False,False,"Causes of Death, 2015-2024",5,count,excl_infant,cod_selected,2015-2024,,https://doh.sd.gov/media/iy5ld42w/cause-of-death-2015-2024-new.pdf,,fixture_text_capture,Water transport accidents (V90-V94),17,needs_review,multi_year_total,1,,False
cod_water_transport_accidents,4.0,4.0,,none,South Dakota,2016,All,False,False,"Causes of Death, 2015-2024",5,count,excl_infant,cod_selected,2015-2024,,https://doh.sd.gov/media/iy5ld42w/cause-of-death-2015-2024-new.pdf,,fixture_text_capture,Water transport accidents (V90-V94),4,needs_review,calendar_year,2,selected 1 of 2 source rows,False
cod_water_transport_accidents,0.0,0.0,,none,South Dakota,2017,All,False,False,"Causes of Death, 2015-2024",5,count,excl_infant,cod_selected,2015-2024,,https://doh.sd.gov/media/iy5ld42w/cause-of-death-2015-2024-new.pdf,,fixture_text_capture,Water transport accidents (V90-V94),0,needs_review,calendar_year,2,selected 1 of 2 source rows,False
cod_water_transport_accidents,0.0,0.0,,none,South Dakota,2018,All,False,False,"Causes of Death, 2015-2024",5,count,excl_infant,cod_selected,2015-2024,,https://doh.sd.gov/media/iy5ld42w/cause-of-death-2015-2024-new.pdf,,fixture_text_capture,Water transport accidents (V90-V94),0,needs_review,calendar_year,2,selected 1 of 2 source rows,False
cod_water_transport_accidents,1.0,1.0,,none,South Dakota,2019,All,False,False,"Causes of Death, 2015-2024",5,count,excl_infant,cod_selected,2015-2024,,https://doh.sd.gov/media/iy5ld42w/cause-of-death-2015-2024-new.pdf,,fixture_text_capture,Water transport accidents (V90-V94),1,needs_review,calendar_year,2,selected 1 of 2 source rows,False
cod_water_transport_accidents,1.0,1.0,,none,South Dakota,2020,All,False,False,"Causes of Death, 2015-2024",5,count,excl_infant,cod_selected,2015-2024,,https://doh.sd.gov/media/iy5ld42w/cause-of-death-2015-2024-new.pdf,,fixture_text_capture,Water transport accidents (V90-V94),1,needs_review,calendar_year,2,selected 1 of 2 source rows,False
cod_water_transport_accidents,2.0,2.0,,none,South Dakota,2021,All,False,False,"Causes of Death, 2015-2024",5,count,excl_infant,cod_selected,2015-2024,,https://doh.sd.gov/media/iy5ld42w/cause-of-death-2015-2024-new.pdf,,fixture_text_capture,Water transport accidents (V90-V94),2,needs_review,calendar_year,2,selected 1 of 2 source rows,False
cod_water_transport_accidents,2.0,2.0,,none,South Dakota,2022,All,False,False,"Causes of Death, 2015-2024",5,count,excl_infant,cod_selected,2015-2024,,https://doh.sd.gov/media/iy5ld42w/cause-of-death-2015-2024-new.pdf,,fixture_text_capture,Water transport accidents (V90-V94),2,needs_review,calendar_year,2,selected 1 of 2 source rows,False
cod_water_transport_accidents,2.0,2.0,,none,South Dakota,2023,All,False,False,"Causes of Death, 2015-2024",5,count,excl_infant,cod_selected,2015-2024,,https://doh.sd.gov/media/iy5ld42w/cause-of-death-2015-2024-new.pdf,,fixture_text_capture,Water transport accidents (V90-V94),2,needs_review,calendar_year,2,selected 1 of 2 source rows,False
cod_water_transport_accidents,1.0,1.0,,none,South Dakota,2024,All,False,False,"Causes of Death, 2015-2024",5,count,excl_infant,cod_selected,2015-2024,,https://doh.sd.gov/media/iy5ld42w/cause-of-death-2015-2024-new.pdf,,fixture_text_capture,Water transport accidents (V90-V94),1,needs_review,calendar_year,1,,False
cod_west_nile_fever,2.0,2.0,,none,South Dakota,2014,All,False,False,"Causes of Death, 2014-2023",0,count,excl_infant,cod_selected,2014-2023,,https://doh.sd.gov/media/g0rf2ewb/sd-cause-of-death-2014-2023.pdf,,fixture_text_capture,West Nile fever (A92.3),2,needs_review,calendar_year,1,,False
cod_west_nile_fever,22.0,22.0,,none,South Dakota,2014-2023,All,False,False,"Causes of Death, 2014-2023",0,count,excl_infant,cod_selected,2014-2023,,https://doh.sd.gov/media/g0rf2ewb/sd-cause-of-death-2014-2023.pdf,,fixture_text_capture,West Nile fever (A92.3),22,needs_review,multi_year_total,1,,False
cod_west_nile_fever,1.0,1.0,,none,South Dakota,2015,All,False,False,"Causes of Death, 2015-2024",5,count,excl_infant,cod_selected,2015-2024,,https://doh.sd.gov/media/iy5ld42w/cause-of-death-2015-2024-new.pdf,,fixture_text_capture,West Nile fever (A92.3),1,needs_review,calendar_year,2,selected 1 of 2 source rows,False
cod_west_nile_fever,21.0,21.0,,none,South Dakota,2015-2024,All,False,False,"Causes of Death, 2015-2024",5,count,excl_infant,cod_selected,2015-2024,,https://doh.sd.gov/media/iy5ld42w/cause-of-death-2015-2024-new.pdf,,fixture_text_capture,West Nile fever (A92.3),21,needs_review,multi_year_total,1,,False
cod_west_nile_fever,4.0,4.0,,none,South Dakota,2016,All,False,False,"Causes of Death, 2015-2024",5,count,excl_infant,cod_selected,2015-2024,,https://doh.sd.gov/media/iy5ld42w/cause-of-death-2015-2024-new.pdf,,fixture_text_capture,West Nile fever (A92.3),4,needs_review,calendar_year,2,selected 1 of 2 source rows,False
cod_west_nile_fever,2.0,2.0,,none,South Dakota,2017,All,False,False,"Causes of Death, 2015-2024",5,count,excl_infant,cod_selected,2015-2024,,https://doh.sd.gov/media/iy5ld42w/cause-of-death-2015-2024-new.pdf,,fixture_text_capture,West Nile fever (A92.3),2,needs_review,calendar_year,2,selected 1 of 2 source rows,False
cod_west_nile_fever,3.0,3.0,,none,South Dakota,2018,All,False,False,"Causes of Death, 2015-2024",5,count,excl_infant,cod_selected,2015-2024,,https://doh.sd.gov/media/iy5ld42w/cause-of-death-2015-2024-new.pdf,,fixture_text_capture,West Nile fever (A92.3),3,needs_review,calendar_year,2,selected 1 of 2 source rows,False
cod_west_nile_fever,1.0,1.0,,none,South Dakota,2019,All,False,False,"Causes of Death, 2015-2024",5,count,excl_infant,cod_selected,2015-2024,,https://doh.sd.gov/media/iy5ld42w/cause-of-death-2015-2024-new.pdf,,fixture_text_capture,West Nile fever (A92.3),1,needs_review,calendar_year,2,selected 1 of 2 source rows,False
cod_west_nile_fever,2.0,2.0,,none,South Dakota,2020,All,False,False,"Causes of Death, 2015-2024",5,count,excl_infant,cod_selected,2015-2024,,https://doh.sd.gov/media/iy5ld42w/cause-of-death-2015-2024-new.pdf,,fixture_text_capture,West Nile fever (A92.3),2,needs_review,calendar_year,2,selected 1 of 2 source rows,False
cod_west_nile_fever,2.0,2.0,,none,South Dakota,2021,All,False,False,"Causes of Death, 2015-2024",5,count,excl_infant,cod_selected,2015-2024,,https://doh.sd.gov/media/iy5ld42w/cause-of-death-2015-2024-new.pdf,,fixture_text_capture,West Nile fever (A92.3),2,needs_review,calendar_year,2,selected 1 of 2 source rows,False
cod_west_nile_fever,1.0,1.0,,none,South Dakota,2022,All,False,False,"Causes of Death, 2015-2024",5,count,excl_infant,cod_selected,2015-2024,,https://doh.sd.gov/media/iy5ld42w/cause-of-death-2015-2024-new.pdf,,fixture_text_capture,West Nile fever (A92.3),1,needs_review,calendar_year,2,selected 1 of 2 source rows,False
cod_west_nile_fever,4.0,4.0,,none,South Dakota,2023,All,False,False,"Causes of Death, 2015-2024",5,count,excl_infant,cod_selected,2015-2024,,https://doh.sd.gov/media/iy5ld42w/cause-of-death-2015-2024-new.pdf,,fixture_text_capture,West Nile fever (A92.3),4,needs_review,calendar_year,2,selected 1 of 2 source rows,False
cod_west_nile_fever,1.0,1.0,,none,South Dakota,2024,All,False,False,"Causes of Death, 2015-2024",5,count,excl_infant,cod_selected,2015-2024,,https://doh.sd.gov/media/iy5ld42w/cause-of-death-2015-2024-new.pdf,,fixture_text_capture,West Nile fever (A92.3),1,needs_review,calendar_year,1,,False
deaths_all,7500.0,7500.0,,none,South Dakota,2014,All,False,False,"South Dakota Mortality Report, 2024 (Provisional)",1,count,all_ages,mortality_report,2024,2025-05-27,https://doh.sd.gov/media/gpodolyj/mortality-report-2024-provisional-december-4.pdf,,fixture_text_capture,Total Deaths,"7,500",needs_review,calendar_year,3,selected 1 of 3 source rows,False
deaths_all,4281.0,4281.0,,none,South Dakota,2014-01/2014-07,All,False,False,"South Dakota Mortality Report, 2024 (Provisional)",1,count,all_ages,mortality_report,2024,2024-09-16,https://doh.sd.gov/media/gpodolyj/mortality-report-2024-provisional-july.pdf,,fixture_text_capture,Total Deaths,"4,281",needs_review,year_to_date,1,,False
deaths_all,7724.0,7724.0,,none,South Dakota,2015,All,False,False,"South Dakota Mortality Report, 2024 (Provisional)",1,count,all_ages,mortality_report,2024,2025-05-27,https://doh.sd.gov/media/gpodolyj/mortality-report-2024-provisional-december-4.pdf,,fixture_text_capture,Total Deaths,"7,724",needs_review,calendar_year,3,selected 1 of 3 source rows,False
deaths_all,4576.0,4576.0,,none,South Dakota,2015-01/2015-07,All,False,False,"South Dakota Mortality Report, 2024 (Provisional)",1,count,all_ages,mortality_report,2024,2024-09-16,https://doh.sd.gov/media/gpodolyj/mortality-report-2024-provisional-july.pdf,,fixture_text_capture,Total Deaths,"4,576",needs_review,year_to_date,1,,False
deaths_all,7838.0,7838.0,,none,South Dakota,2016,All,False,False,"South Dakota Mortality Report, 2024 (Provisional)",1,count,all_ages,mortality_report,2024,2025-05-27,https://doh.sd.gov/media/gpodolyj/mortality-report-2024-provisional-december-4.pdf,,fixture_text_capture,Total Deaths,"7,838",needs_review,calendar_year,3,selected 1 of 3 source rows,False
deaths_all,4538.0,4538.0,,none,South Dakota,2016-01/2016-07,All,False,False,"South Dakota Mortality Report, 2024 (Provisional)",1,count,all_ages,mortality_report,2024,2024-09-16,https://doh.sd.gov/media/gpodolyj/mortality-report-2024-provisional-july.pdf,,fixture_text_capture,Total Deaths,"4,538",needs_review,year_to_date,1,,False
deaths_all,7991.0,7991.0,,none,South Dakota,2017,All,False,False,"South Dakota Mortality Report, 2024 (Provisional)",1,count,all_ages,mortality_report,2024,2025-05-27,https://doh.sd.gov/media/gpodolyj/mortality-report-2024-provisional-december-4.pdf,,fixture_text_capture,Total Deaths,"7,991",needs_review,calendar_year,3,selected 1 of 3 source rows,False
deaths_all,4714.0,4714.0,,none,South Dakota,2017-01/2017-07,All,False,False,"South Dakota Mortality Report, 2024 (Provisional)",1,count,all_ages,mortality_report,2024,2024-09-16,https://doh.sd.gov/media/gpodolyj/mortality-report-2024-provisional-july.pdf,,fixture_text_capture,Total Deaths,"4,714",needs_review,year_to_date,1,,False
deaths_all,7971.0,7971.0,,none,South Dakota,2018,All,False,False,"South Dakota Mortality Report, 2024 (Provisional)",1,count,all_ages,mortality_report,2024,2025-05-27,https://doh.sd.gov/media/gpodolyj/mortality-report-2024-provisional-december-4.pdf,,fixture_text_capture,Total Deaths,"7,971",needs_review,calendar_year,3,selected 1 of 3 source rows,False
deaths_all,4670.0,4670.0,,none,South Dakota,2018-01/2018-07,All,False,False,"South Dakota Mortality Report, 2024 (Provisional)",1,count,all_ages,mortality_report,2024,2024-09-16,https://doh.sd.gov/media/gpodolyj/mortality-report-2024-provisional-july.pdf,,fixture_text_capture,Total Deaths,"4,670",needs_review,year_to_date,1,,False
deaths_all,8273.0,8273.0,,none,South Dakota,2019,All,False,False,"South Dakota Mortality Report, 2024 (Provisional)",1,count,all_ages,mortality_report,2024,2025-05-27,https://doh.sd.gov/media/gpodolyj/mortality-report-2024-provisional-december-4.pdf,,fixture_text_capture,Total Deaths,"8,273",needs_review,calendar_year,3,selected 1 of 3 source rows,False
deaths_all,4792.0,4792.0,,none,South Dakota,2019-01/2019-07,All,False,False,"South Dakota Mortality Report, 2024 (Provisional)",1,count,all_ages,mortality_report,2024,2024-09-16,https://doh.sd.gov/media/gpodolyj/mortality-report-2024-provisional-july.pdf,,fixture_text_capture,Total Deaths,"4,792",needs_review,year_to_date,1,,False
deaths_all,9857.0,9857.0,,none,South Dakota,2020,All,False,False,"South Dakota Mortality Report, 2024 (Provisional)",1,count,all_ages,mortality_report,2024,2025-05-27,https://doh.sd.gov/media/gpodolyj/mortality-report-2024-provisional-december-4.pdf,,fixture_text_capture,Total Deaths,"9,857",needs_review,calendar_year,3,selected 1 of 3 source rows,False
deaths_all,4924.0,4924.0,,none,South Dakota,2020-01/2020-07,All,False,False,"South Dakota Mortality Report, 2024 (Provisional)",1,count,all_ages,mortality_report,2024,2024-09-16,https://doh.sd.gov/media/gpodolyj/mortality-report-2024-provisional-july.pdf,,fixture_text_capture,Total Deaths,"4,924",needs_review,year_to_date,1,,False
deaths_all,9183.0,9183.0,,none,South Dakota,2021,All,False,False,"South Dakota Mortality Report, 2024 (Provisional)",1,count,all_ages,mortality_report,2024,2025-05-27,https://doh.sd.gov/media/gpodolyj/mortality-report-2024-provisional-december-4.pdf,,fixture_text_capture,Total Deaths,"9,183",needs_review,calendar_year,3,selected 1 of 3 source rows,False
deaths_all,5016.0,5016.0,,none,South Dakota,2021-01/2021-07,All,False,False,"South Dakota Mortality Report, 2024 (Provisional)",1,count,all_ages,mortality_report,2024,2024-09-16,https://doh.sd.gov/media/gpodolyj/mortality-report-2024-provisional-july.pdf,,fixture_text_capture,Total Deaths,"5,016",needs_review,year_to_date,1,,False
deaths_all,8955.0,8955.0,,none,South Dakota,2022,All,False,False,"South Dakota Mortality Report, 2024 (Provisional)",1,count,all_ages,mortality_report,2024,2025-05-27,https://doh.sd.gov/media/gpodolyj/mortality-report-2024-provisional-december-4.pdf,,fixture_text_capture,Total Deaths,"8,955",needs_review,calendar_year,3,selected 1 of 3 source rows,False
deaths_all,5261.0,5261.0,,none,South Dakota,2022-01/2022-07,All,False,False,"South Dakota Mortality Report, 2024 (Provisional)",1,count,all_ages,mortality_report,2024,2024-09-16,https://doh.sd.gov/media/gpodolyj/mortality-report-2024-provisional-july.pdf,,fixture_text_capture,Total Deaths,"5,261",needs_review,year_to_date,1,,False
deaths_all,8500.0,8500.0,,none,South Dakota,2023,All,False,False,"South Dakota Mortality Report, 2024 (Provisional)",1,count,all_ages,mortality_report,2024,2025-05-27,https://doh.sd.gov/media/gpodolyj/mortality-report-2024-provisional-december-4.pdf,,fixture_text_capture,Total Deaths,"8,500",needs_review,calendar_year,3,selected 1 of 3 source rows,False
deaths_all,4887.0,4887.0,,none,South Dakota,2023-01/2023-07,All,False,False,"South Dakota Mortality Report, 2024 (Provisional)",1,count,all_ages,mortality_report,2024,2024-09-16,https://doh.sd.gov/media/gpodolyj/mortality-report-2024-provisional-july.pdf,,fixture_text_capture,Total Deaths,"4,887",needs_review,year_to_date,1,,False
deaths_all,8724.0,8724.0,,none,South Dakota,2024,All,False,True,"South Dakota Mortality Report, 2024 (Provisional)",1,count,all_ages,mortality_report,2024,2025-05-27,https://doh.sd.gov/media/gpodolyj/mortality-report-2024-provisional-december-4.pdf,,fixture_text_capture,Total Deaths,"8,724",needs_review,calendar_year,3,selected 1 of 3 source rows; provisional: will be replaced when final data publish,False
deaths_all,5099.0,5099.0,,none,South Dakota,2024-01/2024-07,All,False,True,"South Dakota Mortality Report, 2024 (Provisional)",1,count,all_ages,mortality_report,2024,2024-09-16,https://doh.sd.gov/media/gpodolyj/mortality-report-2024-provisional-july.pdf,,fixture_text_capture,Total Deaths,"5,099",needs_review,year_to_date,1,provisional: will be replaced when final data publish,False
deaths_all_excl_infant,6999.0,6999.0,,none,South Dakota,2013,All,False,False,"Causes of Death, 2013-2022",1,count,excl_infant,cod_selected,2013-2022,,https://doh.sd.gov/media/xv0lwjxm/selected-causes-of-death-2013-2022.pdf,,fixture_text_capture,Total,"6,999",needs_review,calendar_year,1,,False
deaths_all_excl_infant,81586.0,81586.0,,none,South Dakota,2013-2022,All,False,False,"Causes of Death, 2013-2022",1,count,excl_infant,cod_selected,2013-2022,,https://doh.sd.gov/media/xv0lwjxm/selected-causes-of-death-2013-2022.pdf,,fixture_text_capture,Total,"81,586",needs_review,multi_year_total,1,,False
deaths_all_excl_infant,7427.0,7427.0,,none,South Dakota,2014,All,False,False,"Causes of Death, 2014-2023",0,count,excl_infant,cod_selected,2014-2023,,https://doh.sd.gov/media/g0rf2ewb/sd-cause-of-death-2014-2023.pdf,,fixture_text_capture,Total Deaths,"7,427",needs_review,calendar_year,2,selected 1 of 2 source rows,False
deaths_all_excl_infant,83016.0,83016.0,,none,South Dakota,2014-2023,All,False,False,"Causes of Death, 2014-2023",0,count,excl_infant,cod_selected,2014-2023,,https://doh.sd.gov/media/g0rf2ewb/sd-cause-of-death-2014-2023.pdf,,fixture_text_capture,Total Deaths,"83,016",needs_review,multi_year_total,1,,False
deaths_all_excl_infant,7634.0,7634.0,,none,South Dakota,2015,All,False,False,"Causes of Death, 2015-2024",1,count,excl_infant,cod_selected,2015-2024,,https://doh.sd.gov/media/iy5ld42w/cause-of-death-2015-2024-new.pdf,,fixture_text_capture,Total Deaths,"7,634",needs_review,calendar_year,3,selected 1 of 3 source rows,False
deaths_all_excl_infant,7779.0,7779.0,,none,South Dakota,2016,All,False,False,"Causes of Death, 2015-2024",1,count,excl_infant,cod_selected,2015-2024,,https://doh.sd.gov/media/iy5ld42w/cause-of-death-2015-2024-new.pdf,,fixture_text_capture,Total Deaths,"7,779",needs_review,calendar_year,3,selected 1 of 3 source rows,False
deaths_all_excl_infant,7897.0,7897.0,,none,South Dakota,2017,All,False,False,"Causes of Death, 2015-2024",1,count,excl_infant,cod_selected,2015-2024,,https://doh.sd.gov/media/iy5ld42w/cause-of-death-2015-2024-new.pdf,,fixture_text_capture,Total Deaths,"7,897",needs_review,calendar_year,3,selected 1 of 3 source rows,False
deaths_all_excl_infant,7901.0,7901.0,,none,South Dakota,2018,All,False,False,"Causes of Death, 2015-2024",1,count,excl_infant,cod_selected,2015-2024,,https://doh.sd.gov/media/iy5ld42w/cause-of-death-2015-2024-new.pdf,,fixture_text_capture,Total Deaths,"7,901",needs_review,calendar_year,3,selected 1 of 3 source rows,False
deaths_all_excl_infant,8193.0,8193.0,,none,South Dakota,2019,All,False,False,"Causes of Death, 2015-2024",1,count,excl_infant,cod_selected,2015-2024,,https://doh.sd.gov/media/iy5ld42w/cause-of-death-2015-2024-new.pdf,,fixture_text_capture,Total Deaths,"8,193",needs_review,calendar_year,3,selected 1 of 3 source rows,False
deaths_all_excl_infant,9776.0,9776.0,,none,South Dakota,2020,All,False,False,"Causes of Death, 2015-2024",1,count,excl_infant,cod_selected,2015-2024,,https://doh.sd.gov/media/iy5ld42w/cause-of-death-2015-2024-new.pdf,,fixture_text_capture,Total Deaths,"9,776",needs_review,calendar_year,3,selected 1 of 3 source rows,False
deaths_all_excl_infant,9112.0,9112.0,,none,South Dakota,2021,All,False,False,"Causes of Death, 2015-2024",1,count,excl_infant,cod_selected,2015-2024,,https://doh.sd.gov/media/iy5ld42w/cause-of-death-2015-2024-new.pdf,,fixture_text_capture,Total Deaths,"9,112",needs_review,calendar_year,3,selected 1 of 3 source rows,False
deaths_all_excl_infant,8868.0,8868.0,,none,South Dakota,2022,All,False,False,"Causes of Death, 2015-2024",1,count,excl_infant,cod_selected,2015-2024,,https://doh.sd.gov/media/iy5ld42w/cause-of-death-2015-2024-new.pdf,,fixture_text_capture,Total Deaths,"8,868",needs_review,calendar_year,3,selected 1 of 3 source rows,False
deaths_all_excl_infant,8429.0,8429.0,,none,South Dakota,2023,All,False,False,"Causes of Death, 2015-2024",1,count,excl_infant,cod_selected,2015-2024,,https://doh.sd.gov/media/iy5ld42w/cause-of-death-2015-2024-new.pdf,,fixture_text_capture,Total Deaths,"8,429",needs_review,calendar_year,2,selected 1 of 2 source rows,False
deaths_alzheimers,433.0,433.0,,none,South Dakota,2014,All,False,False,"South Dakota Mortality Report, 2024 (Provisional)",1,count,all_ages,mortality_report,2024,2025-05-27,https://doh.sd.gov/media/gpodolyj/mortality-report-2024-provisional-december-4.pdf,,fixture_text_capture,3. Alzheimer's disease,433,needs_review,calendar_year,1,,False
deaths_alzheimers,421.0,421.0,,none,South Dakota,2015,All,False,False,"South Dakota Mortality Report, 2024 (Provisional)",1,count,all_ages,mortality_report,2024,2025-05-27,https://doh.sd.gov/media/gpodolyj/mortality-report-2024-provisional-december-4.pdf,,fixture_text_capture,3. Alzheimer's disease,421,needs_review,calendar_year,1,,False
deaths_alzheimers,449.0,449.0,,none,South Dakota,2016,All,False,False,"South Dakota Mortality Report, 2024 (Provisional)",1,count,all_ages,mortality_report,2024,2025-05-27,https://doh.sd.gov/media/gpodolyj/mortality-report-2024-provisional-december-4.pdf,,fixture_text_capture,3. Alzheimer's disease,449,needs_review,calendar_year,1,,False
deaths_alzheimers,444.0,444.0,,none,South Dakota,2017,All,False,False,"South Dakota Mortality Report, 2024 (Provisional)",1,count,all_ages,mortality_report,2024,2025-05-27,https://doh.sd.gov/media/gpodolyj/mortality-report-2024-provisional-december-4.pdf,,fixture_text_capture,3. Alzheimer's disease,444,needs_review,calendar_year,1,,False
deaths_alzheimers,437.0,437.0,,none,South Dakota,2018,All,False,False,"South Dakota Mortality Report, 2024 (Provisional)",1,count,all_ages,mortality_report,2024,2025-05-27,https://doh.sd.gov/media/gpodolyj/mortality-report-2024-provisional-december-4.pdf,,fixture_text_capture,3. Alzheimer's disease,437,needs_review,calendar_year,1,,False
deaths_alzheimers,496.0,496.0,,none,South Dakota,2019,All,False,False,"South Dakota Mortality Report, 2024 (Provisional)",1,count,all_ages,mortality_report,2024,2025-05-27,https://doh.sd.gov/media/gpodolyj/mortality-report-2024-provisional-december-4.pdf,,fixture_text_capture,3. Alzheimer's disease,496,needs_review,calendar_year,1,,False
deaths_alzheimers,488.0,488.0,,none,South Dakota,2020,All,False,False,"South Dakota Mortality Report, 2024 (Provisional)",1,count,all_ages,mortality_report,2024,2025-05-27,https://doh.sd.gov/media/gpodolyj/mortality-report-2024-provisional-december-4.pdf,,fixture_text_capture,3. Alzheimer's disease,488,needs_review,calendar_year,1,,False
deaths_alzheimers,396.0,396.0,,none,South Dakota,2021,All,False,False,"South Dakota Mortality Report, 2024 (Provisional)",1,count,all_ages,mortality_report,2024,2025-05-27,https://doh.sd.gov/media/gpodolyj/mortality-report-2024-provisional-december-4.pdf,,fixture_text_capture,3. Alzheimer's disease,396,needs_review,calendar_year,1,,False
deaths_alzheimers,436.0,436.0,,none,South Dakota,2022,All,False,False,"South Dakota Mortality Report, 2024 (Provisional)",1,count,all_ages,mortality_report,2024,2025-05-27,https://doh.sd.gov/media/gpodolyj/mortality-report-2024-provisional-december-4.pdf,,fixture_text_capture,3. Alzheimer's disease,436,needs_review,calendar_year,1,,False
deaths_alzheimers,398.0,398.0,,none,South Dakota,2023,All,False,False,"South Dakota Mortality Report, 2024 (Provisional)",1,count,all_ages,mortality_report,2024,2025-05-27,https://doh.sd.gov/media/gpodolyj/mortality-report-2024-provisional-december-4.pdf,,fixture_text_capture,3. Alzheimer's disease,398,needs_review,calendar_year,1,,False
deaths_alzheimers,505.0,505.0,,none,South Dakota,2024,All,False,True,"South Dakota Mortality Report, 2024 (Provisional)",1,count,all_ages,mortality_report,2024,2025-05-27,https://doh.sd.gov/media/gpodolyj/mortality-report-2024-provisional-december-4.pdf,,fixture_text_capture,3. Alzheimer's disease,505,needs_review,calendar_year,1,provisional: will be replaced when final data publish,False
deaths_alzheimers,420.0,420.0,,none,South Dakota,2013,All,False,False,"Causes of Death, 2013-2022",1,count,excl_infant,cod_selected,2013-2022,,https://doh.sd.gov/media/xv0lwjxm/selected-causes-of-death-2013-2022.pdf,,fixture_text_capture,Alzheimer's disease (G30),420,needs_review,calendar_year,1,,False
deaths_alzheimers,4420.0,4420.0,,none,South Dakota,2013-2022,All,False,False,"Causes of Death, 2013-2022",1,count,excl_infant,cod_selected,2013-2022,,https://doh.sd.gov/media/xv0lwjxm/selected-causes-of-death-2013-2022.pdf,,fixture_text_capture,Alzheimer's disease (G30),"4,420",needs_review,multi_year_total,1,,False
deaths_alzheimers,433.0,433.0,,none,South Dakota,2014,All,False,False,"Causes of Death, 2014-2023",0,count,excl_infant,cod_selected,2014-2023,,https://doh.sd.gov/media/g0rf2ewb/sd-cause-of-death-2014-2023.pdf,,fixture_text_capture,Alzheimer's disease (G30),433,needs_review,calendar_year,2,selected 1 of 2 source rows,False
deaths_alzheimers,4398.0,4398.0,,none,South Dakota,2014-2023,All,False,False,"Causes of Death, 2014-2023",0,count,excl_infant,cod_selected,2014-2023,,https://doh.sd.gov/media/g0rf2ewb/sd-cause-of-death-2014-2023.pdf,,fixture_text_capture,Alzheimer's disease (G30),"4,398",needs_review,multi_year_total,1,,False
deaths_alzheimers,421.0,421.0,,none,South Dakota,2015,All,False,False,"Causes of Death, 2015-2024",1,count,excl_infant,cod_selected,2015-2024,,https://doh.sd.gov/media/iy5ld42w/cause-of-death-2015-2024-new.pdf,,fixture_text_capture,Alzheimer's disease (G30),421,needs_review,calendar_year,3,selected 1 of 3 source rows,False
deaths_alzheimers,4470.0,4470.0,,none,South Dakota,2015-2024,All,False,False,"Causes of Death, 2015-2024",1,count,excl_infant,cod_selected,2015-2024,,https://doh.sd.gov/media/iy5ld42w/cause-of-death-2015-2024-new.pdf,,fixture_text_capture,Alzheimer's disease (G30),"4,470",needs_review,multi_year_total,1,,False
deaths_alzheimers,449.0,449.0,,none,South Dakota,2016,All,False,False,"Causes of Death, 2015-2024",1,count,excl_infant,cod_selected,2015-2024,,https://doh.sd.gov/media/iy5ld42w/cause-of-death-2015-2024-new.pdf,,fixture_text_capture,Alzheimer's disease (G30),449,needs_review,calendar_year,3,selected 1 of 3 source rows,False
deaths_alzheimers,444.0,444.0,,none,South Dakota,2017,All,False,False,"Causes of Death, 2015-2024",1,count,excl_infant,cod_selected,2015-2024,,https://doh.sd.gov/media/iy5ld42w/cause-of-death-2015-2024-new.pdf,,fixture_text_capture,Alzheimer's disease (G30),444,needs_review,calendar_year,3,selected 1 of 3 source rows,False
deaths_alzheimers,437.0,437.0,,none,South Dakota,2018,All,False,False,"Causes of Death, 2015-2024",1,count,excl_infant,cod_selected,2015-2024,,https://doh.sd.gov/media/iy5ld42w/cause-of-death-2015-2024-new.pdf,,fixture_text_capture,Alzheimer's disease (G30),437,needs_review,calendar_year,3,selected 1 of 3 source rows,False
deaths_alzheimers,496.0,496.0,,none,South Dakota,2019,All,False,False,"Causes of Death, 2015-2024",1,count,excl_infant,cod_selected,2015-2024,,https://doh.sd.gov/media/iy5ld42w/cause-of-death-2015-2024-new.pdf,,fixture_text_capture,Alzheimer's disease (G30),496,needs_review,calendar_year,3,selected 1 of 3 source rows,False
deaths_alzheimers,488.0,488.0,,none,South Dakota,2020,All,False,False,"Causes of Death, 2015-2024",1,count,excl_infant,cod_selected,2015-2024,,https://doh.sd.gov/media/iy5ld42w/cause-of-death-2015-2024-new.pdf,,fixture_text_capture,Alzheimer's disease (G30),488,needs_review,calendar_year,3,selected 1 of 3 source rows,False
deaths_alzheimers,396.0,396.0,,none,South Dakota,2021,All,False,False,"Causes of Death, 2015-2024",1,count,excl_infant,cod_selected,2015-2024,,https://doh.sd.gov/media/iy5ld42w/cause-of-death-2015-2024-new.pdf,,fixture_text_capture,Alzheimer's disease (G30),396,needs_review,calendar_year,3,selected 1 of 3 source rows,False
deaths_alzheimers,436.0,436.0,,none,South Dakota,2022,All,False,False,"Causes of Death, 2015-2024",1,count,excl_infant,cod_selected,2015-2024,,https://doh.sd.gov/media/iy5ld42w/cause-of-death-2015-2024-new.pdf,,fixture_text_capture,Alzheimer's disease (G30),436,needs_review,calendar_year,3,selected 1 of 3 source rows,False
deaths_alzheimers,398.0,398.0,,none,South Dakota,2023,All,False,False,"Causes of Death, 2015-2024",1,count,excl_infant,cod_selected,2015-2024,,https://doh.sd.gov/media/iy5ld42w/cause-of-death-2015-2024-new.pdf,,fixture_text_capture,Alzheimer's disease (G30),398,needs_review,calendar_year,2,selected 1 of 2 source rows,False
deaths_alzheimers,505.0,505.0,,none,South Dakota,2024,All,False,False,"Causes of Death, 2015-2024",1,count,excl_infant,cod_selected,2015-2024,,https://doh.sd.gov/media/iy5ld42w/cause-of-death-2015-2024-new.pdf,,fixture_text_capture,Alzheimer's disease (G30),505,needs_review,calendar_year,1,,False
deaths_cancer,1679.0,1679.0,,none,South Dakota,2014,All,False,False,"South Dakota Mortality Report, 2024 (Provisional)",1,count,all_ages,mortality_report,2024,2025-05-27,https://doh.sd.gov/media/gpodolyj/mortality-report-2024-provisional-december-4.pdf,,fixture_text_capture,1. Cancer,"1,679",needs_review,calendar_year,3,selected 1 of 3 source rows,False
deaths_cancer,936.0,936.0,,none,South Dakota,2014-01/2014-07,All,False,False,"South Dakota Mortality Report, 2024 (Provisional)",1,count,all_ages,mortality_report,2024,2024-09-16,https://doh.sd.gov/media/gpodolyj/mortality-report-2024-provisional-july.pdf,,fixture_text_capture,1. Cancer,936,needs_review,year_to_date,1,,False
deaths_cancer,1632.0,1632.0,,none,South Dakota,2015,All,False,False,"South Dakota Mortality Report, 2024 (Provisional)",1,count,all_ages,mortality_report,2024,2025-05-27,https://doh.sd.gov/media/gpodolyj/mortality-report-2024-provisional-december-4.pdf,,fixture_text_capture,1. Cancer,"1,632",needs_review,calendar_year,3,selected 1 of 3 source rows,False
deaths_cancer,962.0,962.0,,none,South Dakota,2015-01/2015-07,All,False,False,"South Dakota Mortality Report, 2024 (Provisional)",1,count,all_ages,mortality_report,2024,2024-09-16,https://doh.sd.gov/media/gpodolyj/mortality-report-2024-provisional-july.pdf,,fixture_text_capture,1. Cancer,962,needs_review,year_to_date,1,,False
deaths_cancer,1691.0,1691.0,,none,South Dakota,2016,All,False,False,"South Dakota Mortality Report, 2024 (Provisional)",1,count,all_ages,mortality_report,2024,2025-05-27,https://doh.sd.gov/media/gpodolyj/mortality-report-2024-provisional-december-4.pdf,,fixture_text_capture,1. Cancer,"1,691",needs_review,calendar_year,3,selected 1 of 3 source rows,False
deaths_cancer,1002.0,1002.0,,none,South Dakota,2016-01/2016-07,All,False,False,"South Dakota Mortality Report, 2024 (Provisional)",1,count,all_ages,mortality_report,2024,2024-09-16,https://doh.sd.gov/media/gpodolyj/mortality-report-2024-provisional-july.pdf,,fixture_text_capture,1. Cancer,"1,002",needs_review,year_to_date,1,,False
deaths_cancer,1717.0,1717.0,,none,South Dakota,2017,All,False,False,"South Dakota Mortality Report, 2024 (Provisional)",1,count,all_ages,mortality_report,2024,2025-05-27,https://doh.sd.gov/media/gpodolyj/mortality-report-2024-provisional-december-4.pdf,,fixture_text_capture,1. Cancer,"1,717",needs_review,calendar_year,3,selected 1 of 3 source rows,False
deaths_cancer,1022.0,1022.0,,none,South Dakota,2017-01/2017-07,All,False,False,"South Dakota Mortality Report, 2024 (Provisional)",1,count,all_ages,mortality_report,2024,2024-09-16,https://doh.sd.gov/media/gpodolyj/mortality-report-2024-provisional-july.pdf,,fixture_text_capture,1. Cancer,"1,022",needs_review,year_to_date,1,,False
deaths_cancer,1632.0,1632.0,,none,South Dakota,2018,All,False,False,"South Dakota Mortality Report, 2024 (Provisional)",1,count,all_ages,mortality_report,2024,2025-05-27,https://doh.sd.gov/media/gpodolyj/mortality-report-2024-provisional-december-4.pdf,,fixture_text_capture,1. Cancer,"1,632",needs_review,calendar_year,3,selected 1 of 3 source rows,False
deaths_cancer,932.0,932.0,,none,South Dakota,2018-01/2018-07,All,False,False,"South Dakota Mortality Report, 2024 (Provisional)",1,count,all_ages,mortality_report,2024,2024-09-16,https://doh.sd.gov/media/gpodolyj/mortality-report-2024-provisional-july.pdf,,fixture_text_capture,1. Cancer,932,needs_review,year_to_date,1,,False
deaths_cancer,1736.0,1736.0,,none,South Dakota,2019,All,False,False,"South Dakota Mortality Report, 2024 (Provisional)",1,count,all_ages,mortality_report,2024,2025-05-27,https://doh.sd.gov/media/gpodolyj/mortality-report-2024-provisional-december-4.pdf,,fixture_text_capture,1. Cancer,"1,736",needs_review,calendar_year,3,selected 1 of 3 source rows,False
deaths_cancer,997.0,997.0,,none,South Dakota,2019-01/2019-07,All,False,False,"South Dakota Mortality Report, 2024 (Provisional)",1,count,all_ages,mortality_report,2024,2024-09-16,https://doh.sd.gov/media/gpodolyj/mortality-report-2024-provisional-july.pdf,,fixture_text_capture,1. Cancer,997,needs_review,year_to_date,1,,False
deaths_cancer,1728.0,1728.0,,none,South Dakota,2020,All,False,False,"South Dakota Mortality Report, 2024 (Provisional)",1,count,all_ages,mortality_report,2024,2025-05-27,https://doh.sd.gov/media/gpodolyj/mortality-report-2024-provisional-december-4.pdf,,fixture_text_capture,1. Cancer,"1,728",needs_review,calendar_year,3,selected 1 of 3 source rows,False
deaths_cancer,1044.0,1044.0,,none,South Dakota,2020-01/2020-07,All,False,False,"South Dakota Mortality Report, 2024 (Provisional)",1,count,all_ages,mortality_report,2024,2024-09-16,https://doh.sd.gov/media/gpodolyj/mortality-report-2024-provisional-july.pdf,,fixture_text_capture,1. Cancer,"1,044",needs_review,year_to_date,1,,False
deaths_cancer,1740.0,1740.0,,none,South Dakota,2021,All,False,False,"South Dakota Mortality Report, 2024 (Provisional)",1,count,all_ages,mortality_report,2024,2025-05-27,https://doh.sd.gov/media/gpodolyj/mortality-report-2024-provisional-december-4.pdf,,fixture_text_capture,1. Cancer,"1,740",needs_review,calendar_year,3,selected 1 of 3 source rows,False
deaths_cancer,992.0,992.0,,none,South Dakota,2021-01/2021-07,All,False,False,"South Dakota Mortality Report, 2024 (Provisional)",1,count,all_ages,mortality_report,2024,2024-09-16,https://doh.sd.gov/media/gpodolyj/mortality-report-2024-provisional-july.pdf,,fixture_text_capture,1. Cancer,992,needs_review,year_to_date,1,,False
deaths_cancer,1687.0,1687.0,,none,South Dakota,2022,All,False,False,"South Dakota Mortality Report, 2024 (Provisional)",1,count,all_ages,mortality_report,2024,2025-05-27,https://doh.sd.gov/media/gpodolyj/mortality-report-2024-provisional-december-4.pdf,,fixture_text_capture,1. Cancer,"1,687",needs_review,calendar_year,3,selected 1 of 3 source rows,False
deaths_cancer,985.0,985.0,,none,South Dakota,2022-01/2022-07,All,False,False,"South Dakota Mortality Report, 2024 (Provisional)",1,count,all_ages,mortality_report,2024,2024-09-16,https://doh.sd.gov/media/gpodolyj/mortality-report-2024-provisional-july.pdf,,fixture_text_capture,1. Cancer,985,needs_review,year_to_date,1,,False
deaths_cancer,1739.0,1739.0,,none,South Dakota,2023,All,False,False,"South Dakota Mortality Report, 2024 (Provisional)",1,count,all_ages,mortality_report,2024,2025-05-27,https://doh.sd.gov/media/gpodolyj/mortality-report-2024-provisional-december-4.pdf,,fixture_text_capture,1. Cancer,"1,739",needs_review,calendar_year,3,selected 1 of 3 source rows,False
deaths_cancer,1005.0,1005.0,,none,South Dakota,2023-01/2023-07,All,False,False,"South Dakota Mortality Report, 2024 (Provisional)",1,count,all_ages,mortality_report,2024,2024-09-16,https://doh.sd.gov/media/gpodolyj/mortality-report-2024-provisional-july.pdf,,fixture_text_capture,1. Cancer,"1,005",needs_review,year_to_date,1,,False
deaths_cancer,1754.0,1754.0,,none,South Dakota,2024,All,False,True,"South Dakota Mortality Report, 2024 (Provisional)",1,count,all_ages,mortality_report,2024,2025-05-27,https://doh.sd.gov/media/gpodolyj/mortality-report-2024-provisional-december-4.pdf,,fixture_text_capture,1. Cancer,"1,754",needs_review,calendar_year,3,selected 1 of 3 source rows; provisional: will be replaced when final data publish,False
deaths_cancer,1030.0,1030.0,,none,South Dakota,2024-01/2024-07,All,False,True,"South Dakota Mortality Report, 2024 (Provisional)",1,count,all_ages,mortality_report,2024,2024-09-16,https://doh.sd.gov/media/gpodolyj/mortality-report-2024-provisional-july.pdf,,fixture_text_capture,1. Cancer,"1,030",needs_review,year_to_date,1,provisional: will be replaced when final data publish,False
deaths_cancer,1574.0,1574.0,,none,South Dakota,2013,All,False,False,"Causes of Death, 2013-2022",1,count,excl_infant,cod_selected,2013-2022,,https://doh.sd.gov/media/xv0lwjxm/selected-causes-of-death-2013-2022.pdf,,fixture_text_capture,Cancer (C00-C97),"1,574",needs_review,calendar_year,1,,False
deaths_cancer,16812.0,16812.0,,none,South Dakota,2013-2022,All,False,False,"Causes of Death, 2013-2022",1,count,excl_infant,cod_selected,2013-2022,,https://doh.sd.gov/media/xv0lwjxm/selected-causes-of-death-2013-2022.pdf,,fixture_text_capture,Cancer (C00-C97),"16,812",needs_review,multi_year_total,1,,False
deaths_cancer,1679.0,1679.0,,none,South Dakota,2014,All,False,False,"Causes of Death, 2014-2023",0,count,excl_infant,cod_selected,2014-2023,,https://doh.sd.gov/media/g0rf2ewb/sd-cause-of-death-2014-2023.pdf,,fixture_text_capture,Cancer (C00-C97),"1,679",needs_review,calendar_year,2,selected 1 of 2 source rows,False
deaths_cancer,16977.0,16977.0,,none,South Dakota,2014-2023,All,False,False,"Causes of Death, 2014-2023",0,count,excl_infant,cod_selected,2014-2023,,https://doh.sd.gov/media/g0rf2ewb/sd-cause-of-death-2014-2023.pdf,,fixture_text_capture,Cancer (C00-C97),"16,977",needs_review,multi_year_total,1,,False
deaths_cancer,1632.0,1632.0,,none,South Dakota,2015,All,False,False,"Causes of Death, 2015-2024",1,count,excl_infant,cod_selected,2015-2024,,https://doh.sd.gov/media/iy5ld42w/cause-of-death-2015-2024-new.pdf,,fixture_text_capture,Cancer (C00-C97),"1,632",needs_review,calendar_year,3,selected 1 of 3 source rows,False
deaths_cancer,17052.0,17052.0,,none,South Dakota,2015-2024,All,False,False,"Causes of Death, 2015-2024",1,count,excl_infant,cod_selected,2015-2024,,https://doh.sd.gov/media/iy5ld42w/cause-of-death-2015-2024-new.pdf,,fixture_text_capture,Cancer (C00-C97),"17,052",needs_review,multi_year_total,1,,False
deaths_cancer,1690.0,1690.0,,none,South Dakota,2016,All,False,False,"Causes of Death, 2015-2024",1,count,excl_infant,cod_selected,2015-2024,,https://doh.sd.gov/media/iy5ld42w/cause-of-death-2015-2024-new.pdf,,fixture_text_capture,Cancer (C00-C97),"1,690",needs_review,calendar_year,3,selected 1 of 3 source rows,False
deaths_cancer,1717.0,1717.0,,none,South Dakota,2017,All,False,False,"Causes of Death, 2015-2024",1,count,excl_infant,cod_selected,2015-2024,,https://doh.sd.gov/media/iy5ld42w/cause-of-death-2015-2024-new.pdf,,fixture_text_capture,Cancer (C00-C97),"1,717",needs_review,calendar_year,3,selected 1 of 3 source rows,False
deaths_cancer,1631.0,1631.0,,none,South Dakota,2018,All,False,False,"Causes of Death, 2015-2024",1,count,excl_infant,cod_selected,2015-2024,,https://doh.sd.gov/media/iy5ld42w/cause-of-death-2015-2024-new.pdf,,fixture_text_capture,Cancer (C00-C97),"1,631",needs_review,calendar_year,3,selected 1 of 3 source rows,False
deaths_cancer,1736.0,1736.0,,none,South Dakota,2019,All,False,False,"Causes of Death, 2015-2024",1,count,excl_infant,cod_selected,2015-2024,,https://doh.sd.gov/media/iy5ld42w/cause-of-death-2015-2024-new.pdf,,fixture_text_capture,Cancer (C00-C97),"1,736",needs_review,calendar_year,3,selected 1 of 3 source rows,False
deaths_cancer,1727.0,1727.0,,none,South Dakota,2020,All,False,False,"Causes of Death, 2015-2024",1,count,excl_infant,cod_selected,2015-2024,,https://doh.sd.gov/media/iy5ld42w/cause-of-death-2015-2024-new.pdf,,fixture_text_capture,Cancer (C00-C97),"1,727",needs_review,calendar_year,3,selected 1 of 3 source rows,False
deaths_cancer,1740.0,1740.0,,none,South Dakota,2021,All,False,False,"Causes of Death, 2015-2024",1,count,excl_infant,cod_selected,2015-2024,,https://doh.sd.gov/media/iy5ld42w/cause-of-death-2015-2024-new.pdf,,fixture_text_capture,Cancer (C00-C97),"1,740",needs_review,calendar_year,3,selected 1 of 3 source rows,False
deaths_cancer,1686.0,1686.0,,none,South Dakota,2022,All,False,False,"Causes of Death, 2015-2024",1,count,excl_infant,cod_selected,2015-2024,,https://doh.sd.gov/media/iy5ld42w/cause-of-death-2015-2024-new.pdf,,fixture_text_capture,Cancer (C00-C97),"1,686",needs_review,calendar_year,3,selected 1 of 3 source rows,False
deaths_cancer,1739.0,1739.0,,none,South Dakota,2023,All,False,False,"Causes of Death, 2015-2024",1,count,excl_infant,cod_selected,2015-2024,,https://doh.sd.gov/media/iy5ld42w/cause-of-death-2015-2024-new.pdf,,fixture_text_capture,Cancer (C00-C97),"1,739",needs_review,calendar_year,2,selected 1 of 2 source rows,False
deaths_cancer,1754.0,1754.0,,none,South Dakota,2024,All,False,False,"Causes of Death, 2015-2024",1,count,excl_infant,cod_selected,2015-2024,,https://doh.sd.gov/media/iy5ld42w/cause-of-death-2015-2024-new.pdf,,fixture_text_capture,Cancer (C00-C97),"1,754",needs_review,calendar_year,1,,False
deaths_clrd,413.0,413.0,,none,South Dakota,2013,All,False,False,"Causes of Death, 2013-2022",1,count,excl_infant,cod_selected,2013-2022,,https://doh.sd.gov/media/xv0lwjxm/selected-causes-of-death-2013-2022.pdf,,fixture_text_capture,Chronic lower respiratory diseases (J40-J47),413,needs_review,calendar_year,1,,False
deaths_clrd,4611.0,4611.0,,none,South Dakota,2013-2022,All,False,False,"Causes of Death, 2013-2022",1,count,excl_infant,cod_selected,2013-2022,,https://doh.sd.gov/media/xv0lwjxm/selected-causes-of-death-2013-2022.pdf,,fixture_text_capture,Chronic lower respiratory diseases (J40-J47),"4,611",needs_review,multi_year_total,1,,False
deaths_clrd,439.0,439.0,,none,South Dakota,2014,All,False,False,"Causes of Death, 2014-2023",0,count,excl_infant,cod_selected,2014-2023,,https://doh.sd.gov/media/g0rf2ewb/sd-cause-of-death-2014-2023.pdf,,fixture_text_capture,Chronic lower respiratory diseases (J40-J47),439,needs_review,calendar_year,2,selected 1 of 2 source rows,False
deaths_clrd,4622.0,4622.0,,none,South Dakota,2014-2023,All,False,False,"Causes of Death, 2014-2023",0,count,excl_infant,cod_selected,2014-2023,,https://doh.sd.gov/media/g0rf2ewb/sd-cause-of-death-2014-2023.pdf,,fixture_text_capture,Chronic lower respiratory diseases (J40-J47),"4,622",needs_review,multi_year_total,1,,False
deaths_clrd,500.0,500.0,,none,South Dakota,2015,All,False,False,"Causes of Death, 2015-2024",1,count,excl_infant,cod_selected,2015-2024,,https://doh.sd.gov/media/iy5ld42w/cause-of-death-2015-2024-new.pdf,,fixture_text_capture,Chronic lower respiratory diseases (J40-J47),500,needs_review,calendar_year,3,selected 1 of 3 source rows,False
deaths_clrd,4633.0,4633.0,,none,South Dakota,2015-2024,All,False,False,"Causes of Death, 2015-2024",1,count,excl_infant,cod_selected,2015-2024,,https://doh.sd.gov/media/iy5ld42w/cause-of-death-2015-2024-new.pdf,,fixture_text_capture,Chronic lower respiratory diseases (J40-J47),"4,633",needs_review,multi_year_total,1,,False
deaths_clrd,427.0,427.0,,none,South Dakota,2016,All,False,False,"Causes of Death, 2015-2024",1,count,excl_infant,cod_selected,2015-2024,,https://doh.sd.gov/media/iy5ld42w/cause-of-death-2015-2024-new.pdf,,fixture_text_capture,Chronic lower respiratory diseases (J40-J47),427,needs_review,calendar_year,3,selected 1 of 3 source rows,False
deaths_clrd,505.0,505.0,,none,South Dakota,2017,All,False,False,"Causes of Death, 2015-2024",1,count,excl_infant,cod_selected,2015-2024,,https://doh.sd.gov/media/iy5ld42w/cause-of-death-2015-2024-new.pdf,,fixture_text_capture,Chronic lower respiratory diseases (J40-J47),505,needs_review,calendar_year,3,selected 1 of 3 source rows,False
deaths_clrd,498.0,498.0,,none,South Dakota,2018,All,False,False,"Causes of Death, 2015-2024",1,count,excl_infant,cod_selected,2015-2024,,https://doh.sd.gov/media/iy5ld42w/cause-of-death-2015-2024-new.pdf,,fixture_text_capture,Chronic lower respiratory diseases (J40-J47),498,needs_review,calendar_year,3,selected 1 of 3 source rows,False
deaths_clrd,521.0,521.0,,none,South Dakota,2019,All,False,False,"Causes of Death, 2015-2024",1,count,excl_infant,cod_selected,2015-2024,,https://doh.sd.gov/media/iy5ld42w/cause-of-death-2015-2024-new.pdf,,fixture_text_capture,Chronic lower respiratory diseases (J40-J47),521,needs_review,calendar_year,3,selected 1 of 3 source rows,False
deaths_clrd,429.0,429.0,,none,South Dakota,2020,All,False,False,"Causes of Death, 2015-2024",1,count,excl_infant,cod_selected,2015-2024,,https://doh.sd.gov/media/iy5ld42w/cause-of-death-2015-2024-new.pdf,,fixture_text_capture,Chronic lower respiratory diseases (J40-J47),429,needs_review,calendar_year,3,selected 1 of 3 source rows,False
deaths_clrd,464.0,464.0,,none,South Dakota,2021,All,False,False,"Causes of Death, 2015-2024",1,count,excl_infant,cod_selected,2015-2024,,https://doh.sd.gov/media/iy5ld42w/cause-of-death-2015-2024-new.pdf,,fixture_text_capture,Chronic lower respiratory diseases (J40-J47),464,needs_review,calendar_year,3,selected 1 of 3 source rows,False
deaths_clrd,415.0,415.0,,none,South Dakota,2022,All,False,False,"Causes of Death, 2015-2024",1,count,excl_infant,cod_selected,2015-2024,,https://doh.sd.gov/media/iy5ld42w/cause-of-death-2015-2024-new.pdf,,fixture_text_capture,Chronic lower respiratory diseases (J40-J47),415,needs_review,calendar_year,3,selected 1 of 3 source rows,False
deaths_clrd,424.0,424.0,,none,South Dakota,2023,All,False,False,"Causes of Death, 2015-2024",1,count,excl_infant,cod_selected,2015-2024,,https://doh.sd.gov/media/iy5ld42w/cause-of-death-2015-2024-new.pdf,,fixture_text_capture,Chronic lower respiratory diseases (J40-J47),424,needs_review,calendar_year,2,selected 1 of 2 source rows,False
deaths_clrd,450.0,450.0,,none,South Dakota,2024,All,False,False,"Causes of Death, 2015-2024",1,count,excl_infant,cod_selected,2015-2024,,https://doh.sd.gov/media/iy5ld42w/cause-of-death-2015-2024-new.pdf,,fixture_text_capture,Chronic lower respiratory diseases (J40-J47),450,needs_review,calendar_year,1,,False
deaths_covid19,0.0,0.0,,none,South Dakota,2013,All,False,False,"Causes of Death, 2013-2022",1,count,excl_infant,cod_selected,2013-2022,,https://doh.sd.gov/media/xv0lwjxm/selected-causes-of-death-2013-2022.pdf,,fixture_text_capture,COVID-19 (U07),0,needs_review,calendar_year,1,,False
deaths_covid19,2720.0,2720.0,,none,South Dakota,2013-2022,All,False,False,"Causes of Death, 2013-2022",1,count,excl_infant,cod_selected,2013-2022,,https://doh.sd.gov/media/xv0lwjxm/selected-causes-of-death-2013-2022.pdf,,fixture_text_capture,COVID-19 (U07),"2,720",needs_review,multi_year_total,1,,False
deaths_covid19,0.0,0.0,,none,South Dakota,2014,All,False,False,"Causes of Death, 2014-2023",0,count,excl_infant,cod_selected,2014-2023,,https://doh.sd.gov/media/g0rf2ewb/sd-cause-of-death-2014-2023.pdf,,fixture_text_capture,COVID-19 (U07),0,needs_review,calendar_year,2,selected 1 of 2 source rows,False
deaths_covid19,2871.0,2871.0,,none,South Dakota,2014-2023,All,False,False,"Causes of Death, 2014-2023",0,count,excl_infant,cod_selected,2014-2023,,https://doh.sd.gov/media/g0rf2ewb/sd-cause-of-death-2014-2023.pdf,,fixture_text_capture,COVID-19 (U07),"2,871",needs_review,multi_year_total,1,,False
deaths_covid19,0.0,0.0,,none,South Dakota,2015,All,False,False,"Causes of Death, 2015-2024",1,count,excl_infant,cod_selected,2015-2024,,https://doh.sd.gov/media/iy5ld42w/cause-of-death-2015-2024-new.pdf,,fixture_text_capture,COVID-19 (U07),0,needs_review,calendar_year,3,selected 1 of 3 source rows,False
deaths_covid19,2974.0,2974.0,,none,South Dakota,2015-2024,All,False,False,"Causes of Death, 2015-2024",1,count,excl_infant,cod_selected,2015-2024,,https://doh.sd.gov/media/iy5ld42w/cause-of-death-2015-2024-new.pdf,,fixture_text_capture,COVID-19 (U07),"2,974",needs_review,multi_year_total,1,,False
deaths_covid19,0.0,0.0,,none,South Dakota,2016,All,False,False,"Causes of Death, 2015-2024",1,count,excl_infant,cod_selected,2015-2024,,https://doh.sd.gov/media/iy5ld42w/cause-of-death-2015-2024-new.pdf,,fixture_text_capture,COVID-19 (U07),0,needs_review,calendar_year,3,selected 1 of 3 source rows,False
deaths_covid19,0.0,0.0,,none,South Dakota,2017,All,False,False,"Causes of Death, 2015-2024",1,count,excl_infant,cod_selected,2015-2024,,https://doh.sd.gov/media/iy5ld42w/cause-of-death-2015-2024-new.pdf,,fixture_text_capture,COVID-19 (U07),0,needs_review,calendar_year,3,selected 1 of 3 source rows,False
deaths_covid19,0.0,0.0,,none,South Dakota,2018,All,False,False,"Causes of Death, 2015-2024",1,count,excl_infant,cod_selected,2015-2024,,https://doh.sd.gov/media/iy5ld42w/cause-of-death-2015-2024-new.pdf,,fixture_text_capture,COVID-19 (U07),0,needs_review,calendar_year,3,selected 1 of 3 source rows,False
deaths_covid19,0.0,0.0,,none,South Dakota,2019,All,False,False,"Causes of Death, 2015-2024",1,count,excl_infant,cod_selected,2015-2024,,https://doh.sd.gov/media/iy5ld42w/cause-of-death-2015-2024-new.pdf,,fixture_text_capture,COVID-19 (U07),0,needs_review,calendar_year,3,selected 1 of 3 source rows,False
deaths_covid19,1497.0,1497.0,,none,South Dakota,2020,All,False,False,"Causes of Death, 2015-2024",1,count,excl_infant,cod_selected,2015-2024,,https://doh.sd.gov/media/iy5ld42w/cause-of-death-2015-2024-new.pdf,,fixture_text_capture,COVID-19 (U07),"1,497",needs_review,calendar_year,3,selected 1 of 3 source rows,False
deaths_covid19,775.0,775.0,,none,South Dakota,2021,All,False,False,"Causes of Death, 2015-2024",1,count,excl_infant,cod_selected,2015-2024,,https://doh.sd.gov/media/iy5ld42w/cause-of-death-2015-2024-new.pdf,,fixture_text_capture,COVID-19 (U07),775,needs_review,calendar_year,3,selected 1 of 3 source rows,False
deaths_covid19,448.0,448.0,,none,South Dakota,2022,All,False,False,"Causes of Death, 2015-2024",1,count,excl_infant,cod_selected,2015-2024,,https://doh.sd.gov/media/iy5ld42w/cause-of-death-2015-2024-new.pdf,,fixture_text_capture,COVID-19 (U07),448,needs_review,calendar_year,3,selected 1 of 3 source rows,False
deaths_covid19,151.0,151.0,,none,South Dakota,2023,All,False,False,"Causes of Death, 2015-2024",1,count,excl_infant,cod_selected,2015-2024,,https://doh.sd.gov/media/iy5ld42w/cause-of-death-2015-2024-new.pdf,,fixture_text_capture,COVID-19 (U07),151,needs_review,calendar_year,2,selected 1 of 2 source rows,False
deaths_covid19,103.0,103.0,,none,South Dakota,2024,All,False,False,"Causes of Death, 2015-2024",1,count,excl_infant,cod_selected,2015-2024,,https://doh.sd.gov/media/iy5ld42w/cause-of-death-2015-2024-new.pdf,,fixture_text_capture,COVID-19 (U07),103,needs_review,calendar_year,1,,False
deaths_dementia,145.0,145.0,,none,South Dakota,2013,All,False,False,"Causes of Death, 2013-2022",1,count,excl_infant,cod_selected,2013-2022,,https://doh.sd.gov/media/xv0lwjxm/selected-causes-of-death-2013-2022.pdf,,fixture_text_capture,Dementia (F00-F03),145,needs_review,calendar_year,1,,False
deaths_dementia,1853.0,1853.0,,none,South Dakota,2013-2022,All,False,False,"Causes of Death, 2013-2022",1,count,excl_infant,cod_selected,2013-2022,,https://doh.sd.gov/media/xv0lwjxm/selected-causes-of-death-2013-2022.pdf,,fixture_text_capture,Dementia (F00-F03),"1,853",needs_review,multi_year_total,1,,False
deaths_dementia,188.0,188.0,,none,South Dakota,2014,All,False,False,"Causes of Death, 2014-2023",0,count,excl_infant,cod_selected,2014-2023,,https://doh.sd.gov/media/g0rf2ewb/sd-cause-of-death-2014-2023.pdf,,fixture_text_capture,Dementia (F00-F03),188,needs_review,calendar_year,2,selected 1 of 2 source rows,False
deaths_dementia,1963.0,1963.0,,none,South Dakota,2014-2023,All,False,False,"Causes of Death, 2014-2023",0,count,excl_infant,cod_selected,2014-2023,,https://doh.sd.gov/media/g0rf2ewb/sd-cause-of-death-2014-2023.pdf,,fixture_text_capture,Dementia (F00-F03),"1,963",needs_review,multi_year_total,1,,False
deaths_dementia,198.0,198.0,,none,South Dakota,2015,All,False,False,"Causes of Death, 2015-2024",1,count,excl_infant,cod_selected,2015-2024,,https://doh.sd.gov/media/iy5ld42w/cause-of-death-2015-2024-new.pdf,,fixture_text_capture,Dementia (F00-F03),198,needs_review,calendar_year,3,selected 1 of 3 source rows,False
deaths_dementia,1998.0,1998.0,,none,South Dakota,2015-2024,All,False,False,"Causes of Death, 2015-2024",1,count,excl_infant,cod_selected,2015-2024,,https://doh.sd.gov/media/iy5ld42w/cause-of-death-2015-2024-new.pdf,,fixture_text_capture,Dementia (F00-F03),"1,998",needs_review,multi_year_total,1,,False
deaths_dementia,192.0,192.0,,none,South Dakota,2016,All,False,False,"Causes of Death, 2015-2024",1,count,excl_infant,cod_selected,2015-2024,,https://doh.sd.gov/media/iy5ld42w/cause-of-death-2015-2024-new.pdf,,fixture_text_capture,Dementia (F00-F03),192,needs_review,calendar_year,3,selected 1 of 3 source rows,False
deaths_dementia,183.0,183.0,,none,South Dakota,2017,All,False,False,"Causes of Death, 2015-2024",1,count,excl_infant,cod_selected,2015-2024,,https://doh.sd.gov/media/iy5ld42w/cause-of-death-2015-2024-new.pdf,,fixture_text_capture,Dementia (F00-F03),183,needs_review,calendar_year,3,selected 1 of 3 source rows,False
deaths_dementia,212.0,212.0,,none,South Dakota,2018,All,False,False,"Causes of Death, 2015-2024",1,count,excl_infant,cod_selected,2015-2024,,https://doh.sd.gov/media/iy5ld42w/cause-of-death-2015-2024-new.pdf,,fixture_text_capture,Dementia (F00-F03),212,needs_review,calendar_year,3,selected 1 of 3 source rows,False
deaths_dementia,146.0,146.0,,none,South Dakota,2019,All,False,False,"Causes of Death, 2015-2024",1,count,excl_infant,cod_selected,2015-2024,,https://doh.sd.gov/media/iy5ld42w/cause-of-death-2015-2024-new.pdf,,fixture_text_capture,Dementia (F00-F03),146,needs_review,calendar_year,3,selected 1 of 3 source rows,False
deaths_dementia,194.0,194.0,,none,South Dakota,2020,All,False,False,"Causes of Death, 2015-2024",1,count,excl_infant,cod_selected,2015-2024,,https://doh.sd.gov/media/iy5ld42w/cause-of-death-2015-2024-new.pdf,,fixture_text_capture,Dementia (F00-F03),194,needs_review,calendar_year,3,selected 1 of 3 source rows,False
deaths_dementia,196.0,196.0,,none,South Dakota,2021,All,False,False,"Causes of Death, 2015-2024",1,count,excl_infant,cod_selected,2015-2024,,https://doh.sd.gov/media/iy5ld42w/cause-of-death-2015-2024-new.pdf,,fixture_text_capture,Dementia (F00-F03),196,needs_review,calendar_year,3,selected 1 of 3 source rows,False
deaths_dementia,199.0,199.0,,none,South Dakota,2022,All,False,False,"Causes of Death, 2015-2024",1,count,excl_infant,cod_selected,2015-2024,,https://doh.sd.gov/media/iy5ld42w/cause-of-death-2015-2024-new.pdf,,fixture_text_capture,Dementia (F00-F03),199,needs_review,calendar_year,3,selected 1 of 3 source rows,False
deaths_dementia,255.0,255.0,,none,South Dakota,2023,All,False,False,"Causes of Death, 2015-2024",1,count,excl_infant,cod_selected,2015-2024,,https://doh.sd.gov/media/iy5ld42w/cause-of-death-2015-2024-new.pdf,,fixture_text_capture,Dementia (F00-F03),255,needs_review,calendar_year,2,selected 1 of 2 source rows,False
deaths_dementia,223.0,223.0,,none,South Dakota,2024,All,False,False,"Causes of Death, 2015-2024",1,count,excl_infant,cod_selected,2015-2024,,https://doh.sd.gov/media/iy5ld42w/cause-of-death-2015-2024-new.pdf,,fixture_text_capture,Dementia (F00-F03),223,needs_review,calendar_year,1,,False
deaths_diabetes,239.0,239.0,,none,South Dakota,2013,All,False,False,"Causes of Death, 2013-2022",1,count,excl_infant,cod_selected,2013-2022,,https://doh.sd.gov/media/xv0lwjxm/selected-causes-of-death-2013-2022.pdf,,fixture_text_capture,Diabetes (E10-E14),239,needs_review,calendar_year,1,,False
deaths_diabetes,2769.0,2769.0,,none,South Dakota,2013-2022,All,False,False,"Causes of Death, 2013-2022",1,count,excl_infant,cod_selected,2013-2022,,https://doh.sd.gov/media/xv0lwjxm/selected-causes-of-death-2013-2022.pdf,,fixture_text_capture,Diabetes (E10-E14),"2,769",needs_review,multi_year_total,1,,False
deaths_diabetes,223.0,223.0,,none,South Dakota,2014,All,False,False,"Causes of Death, 2014-2023",0,count,excl_infant,cod_selected,2014-2023,,https://doh.sd.gov/media/g0rf2ewb/sd-cause-of-death-2014-2023.pdf,,fixture_text_capture,Diabetes (E10-E14),223,needs_review,calendar_year,2,selected 1 of 2 source rows,False
deaths_diabetes,2793.0,2793.0,,none,South Dakota,2014-2023,All,False,False,"Causes of Death, 2014-2023",0,count,excl_infant,cod_selected,2014-2023,,https://doh.sd.gov/media/g0rf2ewb/sd-cause-of-death-2014-2023.pdf,,fixture_text_capture,Diabetes (E10-E14),"2,793",needs_review,multi_year_total,1,,False
deaths_diabetes,282.0,282.0,,none,South Dakota,2015,All,False,False,"Causes of Death, 2015-2024",1,count,excl_infant,cod_selected,2015-2024,,https://doh.sd.gov/media/iy5ld42w/cause-of-death-2015-2024-new.pdf,,fixture_text_capture,Diabetes (E10-E14),282,needs_review,calendar_year,3,selected 1 of 3 source rows,False
deaths_diabetes,2852.0,2852.0,,none,South Dakota,2015-2024,All,False,False,"Causes of Death, 2015-2024",1,count,excl_infant,cod_selected,2015-2024,,https://doh.sd.gov/media/iy5ld42w/cause-of-death-2015-2024-new.pdf,,fixture_text_capture,Diabetes (E10-E14),"2,852",needs_review,multi_year_total,1,,False
deaths_diabetes,253.0,253.0,,none,South Dakota,2016,All,False,False,"Causes of Death, 2015-2024",1,count,excl_infant,cod_selected,2015-2024,,https://doh.sd.gov/media/iy5ld42w/cause-of-death-2015-2024-new.pdf,,fixture_text_capture,Diabetes (E10-E14),253,needs_review,calendar_year,3,selected 1 of 3 source rows,False
deaths_diabetes,262.0,262.0,,none,South Dakota,2017,All,False,False,"Causes of Death, 2015-2024",1,count,excl_infant,cod_selected,2015-2024,,https://doh.sd.gov/media/iy5ld42w/cause-of-death-2015-2024-new.pdf,,fixture_text_capture,Diabetes (E10-E14),262,needs_review,calendar_year,3,selected 1 of 3 source rows,False
deaths_diabetes,252.0,252.0,,none,South Dakota,2018,All,False,False,"Causes of Death, 2015-2024",1,count,excl_infant,cod_selected,2015-2024,,https://doh.sd.gov/media/iy5ld42w/cause-of-death-2015-2024-new.pdf,,fixture_text_capture,Diabetes (E10-E14),252,needs_review,calendar_year,3,selected 1 of 3 source rows,False
deaths_diabetes,287.0,287.0,,none,South Dakota,2019,All,False,False,"Causes of Death, 2015-2024",1,count,excl_infant,cod_selected,2015-2024,,https://doh.sd.gov/media/iy5ld42w/cause-of-death-2015-2024-new.pdf,,fixture_text_capture,Diabetes (E10-E14),287,needs_review,calendar_year,3,selected 1 of 3 source rows,False
deaths_diabetes,329.0,329.0,,none,South Dakota,2020,All,False,False,"Causes of Death, 2015-2024",1,count,excl_infant,cod_selected,2015-2024,,https://doh.sd.gov/media/iy5ld42w/cause-of-death-2015-2024-new.pdf,,fixture_text_capture,Diabetes (E10-E14),329,needs_review,calendar_year,3,selected 1 of 3 source rows,False
deaths_diabetes,306.0,306.0,,none,South Dakota,2021,All,False,False,"Causes of Death, 2015-2024",1,count,excl_infant,cod_selected,2015-2024,,https://doh.sd.gov/media/iy5ld42w/cause-of-death-2015-2024-new.pdf,,fixture_text_capture,Diabetes (E10-E14),306,needs_review,calendar_year,3,selected 1 of 3 source rows,False
deaths_diabetes,336.0,336.0,,none,South Dakota,2022,All,False,False,"Causes of Death, 2015-2024",1,count,excl_infant,cod_selected,2015-2024,,https://doh.sd.gov/media/iy5ld42w/cause-of-death-2015-2024-new.pdf,,fixture_text_capture,Diabetes (E10-E14),336,needs_review,calendar_year,3,selected 1 of 3 source rows,False
deaths_diabetes,263.0,263.0,,none,South Dakota,2023,All,False,False,"Causes of Death, 2015-2024",1,count,excl_infant,cod_selected,2015-2024,,https://doh.sd.gov/media/iy5ld42w/cause-of-death-2015-2024-new.pdf,,fixture_text_capture,Diabetes (E10-E14),263,needs_review,calendar_year,2,selected 1 of 2 source rows,False
deaths_diabetes,282.0,282.0,,none,South Dakota,2024,All,False,False,"Causes of Death, 2015-2024",1,count,excl_infant,cod_selected,2015-2024,,https://doh.sd.gov/media/iy5ld42w/cause-of-death-2015-2024-new.pdf,,fixture_text_capture,Diabetes (E10-E14),282,needs_review,calendar_year,1,,False
deaths_falls,146.0,146.0,,none,South Dakota,2013,All,False,False,"Causes of Death, 2013-2022",1,count,excl_infant,cod_selected,2013-2022,,https://doh.sd.gov/media/xv0lwjxm/selected-causes-of-death-2013-2022.pdf,,fixture_text_capture,Accidental falls (W00-W19),146,needs_review,calendar_year,1,,False
deaths_falls,1894.0,1894.0,,none,South Dakota,2013-2022,All,False,False,"Causes of Death, 2013-2022",1,count,excl_infant,cod_selected,2013-2022,,https://doh.sd.gov/media/xv0lwjxm/selected-causes-of-death-2013-2022.pdf,,fixture_text_capture,Accidental falls (W00-W19),"1,894",needs_review,multi_year_total,1,,False
deaths_falls,170.0,170.0,,none,South Dakota,2014,All,False,False,"Causes of Death, 2014-2023",0,count,excl_infant,cod_selected,2014-2023,,https://doh.sd.gov/media/g0rf2ewb/sd-cause-of-death-2014-2023.pdf,,fixture_text_capture,Accidental falls (W00-W19),170,needs_review,calendar_year,2,selected 1 of 2 source rows,False
deaths_falls,1937.0,1937.0,,none,South Dakota,2014-2023,All,False,False,"Causes of Death, 2014-2023",0,count,excl_infant,cod_selected,2014-2023,,https://doh.sd.gov/media/g0rf2ewb/sd-cause-of-death-2014-2023.pdf,,fixture_text_capture,Accidental falls (W00-W19),"1,937",needs_review,multi_year_total,1,,False
deaths_falls,181.0,181.0,,none,South Dakota,2015,All,False,False,"Causes of Death, 2015-2024",1,count,excl_infant,cod_selected,2015-2024,,https://doh.sd.gov/media/iy5ld42w/cause-of-death-2015-2024-new.pdf,,fixture_text_capture,Accidental falls (W00-W19),181,needs_review,calendar_year,3,selected 1 of 3 source rows,False
deaths_falls,1972.0,1972.0,,none,South Dakota,2015-2024,All,False,False,"Causes of Death, 2015-2024",1,count,excl_infant,cod_selected,2015-2024,,https://doh.sd.gov/media/iy5ld42w/cause-of-death-2015-2024-new.pdf,,fixture_text_capture,Accidental falls (W00-W19),"1,972",needs_review,multi_year_total,1,,False
deaths_falls,185.0,185.0,,none,South Dakota,2016,All,False,False,"Causes of Death, 2015-2024",1,count,excl_infant,cod_selected,2015-2024,,https://doh.sd.gov/media/iy5ld42w/cause-of-death-2015-2024-new.pdf,,fixture_text_capture,Accidental falls (W00-W19),185,needs_review,calendar_year,3,selected 1 of 3 source rows,False
deaths_falls,196.0,196.0,,none,South Dakota,2017,All,False,False,"Causes of Death, 2015-2024",1,count,excl_infant,cod_selected,2015-2024,,https://doh.sd.gov/media/iy5ld42w/cause-of-death-2015-2024-new.pdf,,fixture_text_capture,Accidental falls (W00-W19),196,needs_review,calendar_year,3,selected 1 of 3 source rows,False
deaths_falls,149.0,149.0,,none,South Dakota,2018,All,False,False,"Causes of Death, 2015-2024",1,count,excl_infant,cod_selected,2015-2024,,https://doh.sd.gov/media/iy5ld42w/cause-of-death-2015-2024-new.pdf,,fixture_text_capture,Accidental falls (W00-W19),149,needs_review,calendar_year,3,selected 1 of 3 source rows,False
deaths_falls,202.0,202.0,,none,South Dakota,2019,All,False,False,"Causes of Death, 2015-2024",1,count,excl_infant,cod_selected,2015-2024,,https://doh.sd.gov/media/iy5ld42w/cause-of-death-2015-2024-new.pdf,,fixture_text_capture,Accidental falls (W00-W19),202,needs_review,calendar_year,3,selected 1 of 3 source rows,False
deaths_falls,217.0,217.0,,none,South Dakota,2020,All,False,False,"Causes of Death, 2015-2024",1,count,excl_infant,cod_selected,2015-2024,,https://doh.sd.gov/media/iy5ld42w/cause-of-death-2015-2024-new.pdf,,fixture_text_capture,Accidental falls (W00-W19),217,needs_review,calendar_year,3,selected 1 of 3 source rows,False
deaths_falls,229.0,229.0,,none,South Dakota,2021,All,False,False,"Causes of Death, 2015-2024",1,count,excl_infant,cod_selected,2015-2024,,https://doh.sd.gov/media/iy5ld42w/cause-of-death-2015-2024-new.pdf,,fixture_text_capture,Accidental falls (W00-W19),229,needs_review,calendar_year,3,selected 1 of 3 source rows,False
deaths_falls,219.0,219.0,,none,South Dakota,2022,All,False,False,"Causes of Death, 2015-2024",1,count,excl_infant,cod_selected,2015-2024,,https://doh.sd.gov/media/iy5ld42w/cause-of-death-2015-2024-new.pdf,,fixture_text_capture,Accidental falls (W00-W19),219,needs_review,calendar_year,3,selected 1 of 3 source rows,False
deaths_falls,189.0,189.0,,none,South Dakota,2023,All,False,False,"Causes of Death, 2015-2024",1,count,excl_infant,cod_selected,2015-2024,,https://doh.sd.gov/media/iy5ld42w/cause-of-death-2015-2024-new.pdf,,fixture_text_capture,Accidental falls (W00-W19),189,needs_review,calendar_year,2,selected 1 of 2 source rows,False
deaths_falls,205.0,205.0,,none,South Dakota,2024,All,False,False,"Causes of Death, 2015-2024",1,count,excl_infant,cod_selected,2015-2024,,https://doh.sd.gov/media/iy5ld42w/cause-of-death-2015-2024-new.pdf,,fixture_text_capture,Accidental falls (W00-W19),205,needs_review,calendar_year,1,,False
deaths_heart_disease,1695.0,1695.0,,none,South Dakota,2014,All,False,False,"South Dakota Mortality Report, 2024 (Provisional)",1,count,all_ages,mortality_report,2024,2025-05-27,https://doh.sd.gov/media/gpodolyj/mortality-report-2024-provisional-december-4.pdf,,fixture_text_capture,2. Heart disease,"1,695",needs_review,calendar_year,3,selected 1 of 3 source rows,False
deaths_heart_disease,953.0,953.0,,none,South Dakota,2014-01/2014-07,All,False,False,"South Dakota Mortality Report, 2024 (Provisional)",1,count,all_ages,mortality_report,2024,2024-09-16,https://doh.sd.gov/media/gpodolyj/mortality-report-2024-provisional-july.pdf,,fixture_text_capture,2. Heart disease,953,needs_review,year_to_date,1,,False
deaths_heart_disease,1712.0,1712.0,,none,South Dakota,2015,All,False,False,"South Dakota Mortality Report, 2024 (Provisional)",1,count,all_ages,mortality_report,2024,2025-05-27,https://doh.sd.gov/media/gpodolyj/mortality-report-2024-provisional-december-4.pdf,,fixture_text_capture,2. Heart disease,"1,712",needs_review,calendar_year,3,selected 1 of 3 source rows,False
deaths_heart_disease,1021.0,1021.0,,none,South Dakota,2015-01/2015-07,All,False,False,"South Dakota Mortality Report, 2024 (Provisional)",1,count,all_ages,mortality_report,2024,2024-09-16,https://doh.sd.gov/media/gpodolyj/mortality-report-2024-provisional-july.pdf,,fixture_text_capture,2. Heart disease,"1,021",needs_review,year_to_date,1,,False
deaths_heart_disease,1732.0,1732.0,,none,South Dakota,2016,All,False,False,"South Dakota Mortality Report, 2024 (Provisional)",1,count,all_ages,mortality_report,2024,2025-05-27,https://doh.sd.gov/media/gpodolyj/mortality-report-2024-provisional-december-4.pdf,,fixture_text_capture,2. Heart disease,"1,732",needs_review,calendar_year,3,selected 1 of 3 source rows,False
deaths_heart_disease,1020.0,1020.0,,none,South Dakota,2016-01/2016-07,All,False,False,"South Dakota Mortality Report, 2024 (Provisional)",1,count,all_ages,mortality_report,2024,2024-09-16,https://doh.sd.gov/media/gpodolyj/mortality-report-2024-provisional-july.pdf,,fixture_text_capture,2. Heart disease,"1,020",needs_review,year_to_date,1,,False
deaths_heart_disease,1708.0,1708.0,,none,South Dakota,2017,All,False,False,"South Dakota Mortality Report, 2024 (Provisional)",1,count,all_ages,mortality_report,2024,2025-05-27,https://doh.sd.gov/media/gpodolyj/mortality-report-2024-provisional-december-4.pdf,,fixture_text_capture,2. Heart disease,"1,708",needs_review,calendar_year,3,selected 1 of 3 source rows,False
deaths_heart_disease,1020.0,1020.0,,none,South Dakota,2017-01/2017-07,All,False,False,"South Dakota Mortality Report, 2024 (Provisional)",1,count,all_ages,mortality_report,2024,2024-09-16,https://doh.sd.gov/media/gpodolyj/mortality-report-2024-provisional-july.pdf,,fixture_text_capture,2. Heart disease,"1,020",needs_review,year_to_date,1,,False
deaths_heart_disease,1797.0,1797.0,,none,South Dakota,2018,All,False,False,"South Dakota Mortality Report, 2024 (Provisional)",1,count,all_ages,mortality_report,2024,2025-05-27,https://doh.sd.gov/media/gpodolyj/mortality-report-2024-provisional-december-4.pdf,,fixture_text_capture,2. Heart disease,"1,797",needs_review,calendar_year,3,selected 1 of 3 source rows,False
deaths_heart_disease,1079.0,1079.0,,none,South Dakota,2018-01/2018-07,All,False,False,"South Dakota Mortality Report, 2024 (Provisional)",1,count,all_ages,mortality_report,2024,2024-09-16,https://doh.sd.gov/media/gpodolyj/mortality-report-2024-provisional-july.pdf,,fixture_text_capture,2. Heart disease,"1,079",needs_review,year_to_date,1,,False
deaths_heart_disease,1840.0,1840.0,,none,South Dakota,2019,All,False,False,"South Dakota Mortality Report, 2024 (Provisional)",1,count,all_ages,mortality_report,2024,2025-05-27,https://doh.sd.gov/media/gpodolyj/mortality-report-2024-provisional-december-4.pdf,,fixture_text_capture,2. Heart disease,"1,840",needs_review,calendar_year,3,selected 1 of 3 source rows,False
deaths_heart_disease,1097.0,1097.0,,none,South Dakota,2019-01/2019-07,All,False,False,"South Dakota Mortality Report, 2024 (Provisional)",1,count,all_ages,mortality_report,2024,2024-09-16,https://doh.sd.gov/media/gpodolyj/mortality-report-2024-provisional-july.pdf,,fixture_text_capture,2. Heart disease,"1,097",needs_review,year_to_date,1,,False
deaths_heart_disease,1819.0,1819.0,,none,South Dakota,2020,All,False,False,"South Dakota Mortality Report, 2024 (Provisional)",1,count,all_ages,mortality_report,2024,2025-05-27,https://doh.sd.gov/media/gpodolyj/mortality-report-2024-provisional-december-4.pdf,,fixture_text_capture,2. Heart disease,"1,819",needs_review,calendar_year,3,selected 1 of 3 source rows,False
deaths_heart_disease,1023.0,1023.0,,none,South Dakota,2020-01/2020-07,All,False,False,"South Dakota Mortality Report, 2024 (Provisional)",1,count,all_ages,mortality_report,2024,2024-09-16,https://doh.sd.gov/media/gpodolyj/mortality-report-2024-provisional-july.pdf,,fixture_text_capture,2. Heart disease,"1,023",needs_review,year_to_date,1,,False
deaths_heart_disease,1691.0,1691.0,,none,South Dakota,2021,All,False,False,"South Dakota Mortality Report, 2024 (Provisional)",1,count,all_ages,mortality_report,2024,2025-05-27,https://doh.sd.gov/media/gpodolyj/mortality-report-2024-provisional-december-4.pdf,,fixture_text_capture,2. Heart disease,"1,691",needs_review,calendar_year,3,selected 1 of 3 source rows,False
deaths_heart_disease,955.0,955.0,,none,South Dakota,2021-01/2021-07,All,False,False,"South Dakota Mortality Report, 2024 (Provisional)",1,count,all_ages,mortality_report,2024,2024-09-16,https://doh.sd.gov/media/gpodolyj/mortality-report-2024-provisional-july.pdf,,fixture_text_capture,2. Heart disease,955,needs_review,year_to_date,1,,False
deaths_heart_disease,1835.0,1835.0,,none,South Dakota,2022,All,False,False,"South Dakota Mortality Report, 2024 (Provisional)",1,count,all_ages,mortality_report,2024,2025-05-27,https://doh.sd.gov/media/gpodolyj/mortality-report-2024-provisional-december-4.pdf,,fixture_text_capture,2. Heart disease,"1,835",needs_review,calendar_year,3,selected 1 of 3 source rows,False
deaths_heart_disease,1092.0,1092.0,,none,South Dakota,2022-01/2022-07,All,False,False,"South Dakota Mortality Report, 2024 (Provisional)",1,count,all_ages,mortality_report,2024,2024-09-16,https://doh.sd.gov/media/gpodolyj/mortality-report-2024-provisional-july.pdf,,fixture_text_capture,2. Heart disease,"1,092",needs_review,year_to_date,1,,False
deaths_heart_disease,1783.0,1783.0,,none,South Dakota,2023,All,False,False,"South Dakota Mortality Report, 2024 (Provisional)",1,count,all_ages,mortality_report,2024,2025-05-27,https://doh.sd.gov/media/gpodolyj/mortality-report-2024-provisional-december-4.pdf,,fixture_text_capture,2. Heart disease,"1,783",needs_review,calendar_year,3,selected 1 of 3 source rows,False
deaths_heart_disease,1015.0,1015.0,,none,South Dakota,2023-01/2023-07,All,False,False,"South Dakota Mortality Report, 2024 (Provisional)",1,count,all_ages,mortality_report,2024,2024-09-16,https://doh.sd.gov/media/gpodolyj/mortality-report-2024-provisional-july.pdf,,fixture_text_capture,2. Heart disease,"1,015",needs_review,year_to_date,1,,False
deaths_heart_disease,1710.0,1710.0,,none,South Dakota,2024,All,False,True,"South Dakota Mortality Report, 2024 (Provisional)",1,count,all_ages,mortality_report,2024,2025-05-27,https://doh.sd.gov/media/gpodolyj/mortality-report-2024-provisional-december-4.pdf,,fixture_text_capture,2. Heart disease,"1,710",needs_review,calendar_year,3,selected 1 of 3 source rows; provisional: will be replaced when final data publish,False
deaths_heart_disease,992.0,992.0,,none,South Dakota,2024-01/2024-07,All,False,True,"South Dakota Mortality Report, 2024 (Provisional)",1,count,all_ages,mortality_report,2024,2024-09-16,https://doh.sd.gov/media/gpodolyj/mortality-report-2024-provisional-july.pdf,,fixture_text_capture,2. Heart disease,992,needs_review,year_to_date,1,provisional: will be replaced when final data publish,False
deaths_heart_disease,1617.0,1617.0,,none,South Dakota,2013,All,False,False,"Causes of Death, 2013-2022",1,count,excl_infant,cod_selected,2013-2022,,https://doh.sd.gov/media/xv0lwjxm/selected-causes-of-death-2013-2022.pdf,,fixture_text_capture,"Heart disease (I00-I09, I11, I13, I20-I51)","1,617",needs_review,calendar_year,1,,False
deaths_heart_disease,17443.0,17443.0,,none,South Dakota,2013-2022,All,False,False,"Causes of Death, 2013-2022",1,count,excl_infant,cod_selected,2013-2022,,https://doh.sd.gov/media/xv0lwjxm/selected-causes-of-death-2013-2022.pdf,,fixture_text_capture,"Heart disease (I00-I09, I11, I13, I20-I51)","17,443",needs_review,multi_year_total,1,,False
deaths_heart_disease,1695.0,1695.0,,none,South Dakota,2014,All,False,False,"Causes of Death, 2014-2023",0,count,excl_infant,cod_selected,2014-2023,,https://doh.sd.gov/media/g0rf2ewb/sd-cause-of-death-2014-2023.pdf,,fixture_text_capture,"Heart disease (I00-I09, I11, I13, I20-I51)","1,695",needs_review,calendar_year,2,selected 1 of 2 source rows,False
deaths_heart_disease,17608.0,17608.0,,none,South Dakota,2014-2023,All,False,False,"Causes of Death, 2014-2023",0,count,excl_infant,cod_selected,2014-2023,,https://doh.sd.gov/media/g0rf2ewb/sd-cause-of-death-2014-2023.pdf,,fixture_text_capture,"Heart disease (I00-I09, I11, I13, I20-I51)","17,608",needs_review,multi_year_total,1,,False
deaths_heart_disease,1712.0,1712.0,,none,South Dakota,2015,All,False,False,"Causes of Death, 2015-2024",1,count,excl_infant,cod_selected,2015-2024,,https://doh.sd.gov/media/iy5ld42w/cause-of-death-2015-2024-new.pdf,,fixture_text_capture,"Heart disease (I00-I09, I11, I13, I20-I51)","1,712",needs_review,calendar_year,3,selected 1 of 3 source rows,False
deaths_heart_disease,17623.0,17623.0,,none,South Dakota,2015-2024,All,False,False,"Causes of Death, 2015-2024",1,count,excl_infant,cod_selected,2015-2024,,https://doh.sd.gov/media/iy5ld42w/cause-of-death-2015-2024-new.pdf,,fixture_text_capture,"Heart disease (I00-I09, I11, I13, I20-I51)","17,623",needs_review,multi_year_total,1,,False
deaths_heart_disease,1732.0,1732.0,,none,South Dakota,2016,All,False,False,"Causes of Death, 2015-2024",1,count,excl_infant,cod_selected,2015-2024,,https://doh.sd.gov/media/iy5ld42w/cause-of-death-2015-2024-new.pdf,,fixture_text_capture,"Heart disease (I00-I09, I11, I13, I20-I51)","1,732",needs_review,calendar_year,3,selected 1 of 3 source rows,False
deaths_heart_disease,1708.0,1708.0,,none,South Dakota,2017,All,False,False,"Causes of Death, 2015-2024",1,count,excl_infant,cod_selected,2015-2024,,https://doh.sd.gov/media/iy5ld42w/cause-of-death-2015-2024-new.pdf,,fixture_text_capture,"Heart disease (I00-I09, I11, I13, I20-I51)","1,708",needs_review,calendar_year,3,selected 1 of 3 source rows,False
deaths_heart_disease,1797.0,1797.0,,none,South Dakota,2018,All,False,False,"Causes of Death, 2015-2024",1,count,excl_infant,cod_selected,2015-2024,,https://doh.sd.gov/media/iy5ld42w/cause-of-death-2015-2024-new.pdf,,fixture_text_capture,"Heart disease (I00-I09, I11, I13, I20-I51)","1,797",needs_review,calendar_year,3,selected 1 of 3 source rows,False
deaths_heart_disease,1838.0,1838.0,,none,South Dakota,2019,All,False,False,"Causes of Death, 2015-2024",1,count,excl_infant,cod_selected,2015-2024,,https://doh.sd.gov/media/iy5ld42w/cause-of-death-2015-2024-new.pdf,,fixture_text_capture,"Heart disease (I00-I09, I11, I13, I20-I51)","1,838",needs_review,calendar_year,3,selected 1 of 3 source rows,False
deaths_heart_disease,1818.0,1818.0,,none,South Dakota,2020,All,False,False,"Causes of Death, 2015-2024",1,count,excl_infant,cod_selected,2015-2024,,https://doh.sd.gov/media/iy5ld42w/cause-of-death-2015-2024-new.pdf,,fixture_text_capture,"Heart disease (I00-I09, I11, I13, I20-I51)","1,818",needs_review,calendar_year,3,selected 1 of 3 source rows,False
deaths_heart_disease,1691.0,1691.0,,none,South Dakota,2021,All,False,False,"Causes of Death, 2015-2024",1,count,excl_infant,cod_selected,2015-2024,,https://doh.sd.gov/media/iy5ld42w/cause-of-death-2015-2024-new.pdf,,fixture_text_capture,"Heart disease (I00-I09, I11, I13, I20-I51)","1,691",needs_review,calendar_year,3,selected 1 of 3 source rows,False
deaths_heart_disease,1835.0,1835.0,,none,South Dakota,2022,All,False,False,"Causes of Death, 2015-2024",1,count,excl_infant,cod_selected,2015-2024,,https://doh.sd.gov/media/iy5ld42w/cause-of-death-2015-2024-new.pdf,,fixture_text_capture,"Heart disease (I00-I09, I11, I13, I20-I51)","1,835",needs_review,calendar_year,3,selected 1 of 3 source rows,False
deaths_heart_disease,1782.0,1782.0,,none,South Dakota,2023,All,False,False,"Causes of Death, 2015-2024",1,count,excl_infant,cod_selected,2015-2024,,https://doh.sd.gov/media/iy5ld42w/cause-of-death-2015-2024-new.pdf,,fixture_text_capture,"Heart disease (I00-I09, I11, I13, I20-I51)","1,782",needs_review,calendar_year,2,selected 1 of 2 source rows,False
deaths_heart_disease,1710.0,1710.0,,none,South Dakota,2024,All,False,False,"Causes of Death, 2015-2024",1,count,excl_infant,cod_selected,2015-2024,,https://doh.sd.gov/media/iy5ld42w/cause-of-death-2015-2024-new.pdf,,fixture_text_capture,"Heart disease (I00-I09, I11, I13, I20-I51)","1,710",needs_review,calendar_year,1,,False
deaths_liver_disease,121.0,121.0,,none,South Dakota,2013,All,False,False,"Causes of Death, 2013-2022",1,count,excl_infant,cod_selected,2013-2022,,https://doh.sd.gov/media/xv0lwjxm/selected-causes-of-death-2013-2022.pdf,,fixture_text_capture,Chronic liver disease and cirrhosis (K70 & K73-K74),121,needs_review,calendar_year,1,,False
deaths_liver_disease,1880.0,1880.0,,none,South Dakota,2013-2022,All,False,False,"Causes of Death, 2013-2022",1,count,excl_infant,cod_selected,2013-2022,,https://doh.sd.gov/media/xv0lwjxm/selected-causes-of-death-2013-2022.pdf,,fixture_text_capture,Chronic liver disease and cirrhosis (K70 & K73-K74),"1,880",needs_review,multi_year_total,1,,False
deaths_liver_disease,128.0,128.0,,none,South Dakota,2014,All,False,False,"Causes of Death, 2014-2023",0,count,excl_infant,cod_selected,2014-2023,,https://doh.sd.gov/media/g0rf2ewb/sd-cause-of-death-2014-2023.pdf,,fixture_text_capture,Chronic liver disease and cirrhosis (K70 & K73-K74),128,needs_review,calendar_year,2,selected 1 of 2 source rows,False
deaths_liver_disease,1994.0,1994.0,,none,South Dakota,2014-2023,All,False,False,"Causes of Death, 2014-2023",0,count,excl_infant,cod_selected,2014-2023,,https://doh.sd.gov/media/g0rf2ewb/sd-cause-of-death-2014-2023.pdf,,fixture_text_capture,Chronic liver disease and cirrhosis (K70 & K73-K74),"1,994",needs_review,multi_year_total,1,,False
deaths_liver_disease,137.0,137.0,,none,South Dakota,2015,All,False,False,"Causes of Death, 2015-2024",1,count,excl_infant,cod_selected,2015-2024,,https://doh.sd.gov/media/iy5ld42w/cause-of-death-2015-2024-new.pdf,,fixture_text_capture,Chronic liver disease and cirrhosis (K70 & K73-K74),137,needs_review,calendar_year,3,selected 1 of 3 source rows,False
deaths_liver_disease,2128.0,2128.0,,none,South Dakota,2015-2024,All,False,False,"Causes of Death, 2015-2024",1,count,excl_infant,cod_selected,2015-2024,,https://doh.sd.gov/media/iy5ld42w/cause-of-death-2015-2024-new.pdf,,fixture_text_capture,Chronic liver disease and cirrhosis (K70 & K73-K74),"2,128",needs_review,multi_year_total,1,,False
deaths_liver_disease,158.0,158.0,,none,South Dakota,2016,All,False,False,"Causes of Death, 2015-2024",1,count,excl_infant,cod_selected,2015-2024,,https://doh.sd.gov/media/iy5ld42w/cause-of-death-2015-2024-new.pdf,,fixture_text_capture,Chronic liver disease and cirrhosis (K70 & K73-K74),158,needs_review,calendar_year,3,selected 1 of 3 source rows,False
deaths_liver_disease,152.0,152.0,,none,South Dakota,2017,All,False,False,"Causes of Death, 2015-2024",1,count,excl_infant,cod_selected,2015-2024,,https://doh.sd.gov/media/iy5ld42w/cause-of-death-2015-2024-new.pdf,,fixture_text_capture,Chronic liver disease and cirrhosis (K70 & K73-K74),152,needs_review,calendar_year,3,selected 1 of 3 source rows,False
deaths_liver_disease,185.0,185.0,,none,South Dakota,2018,All,False,False,"Causes of Death, 2015-2024",1,count,excl_infant,cod_selected,2015-2024,,https://doh.sd.gov/media/iy5ld42w/cause-of-death-2015-2024-new.pdf,,fixture_text_capture,Chronic liver disease and cirrhosis (K70 & K73-K74),185,needs_review,calendar_year,3,selected 1 of 3 source rows,False
deaths_liver_disease,154.0,154.0,,none,South Dakota,2019,All,False,False,"Causes of Death, 2015-2024",1,count,excl_infant,cod_selected,2015-2024,,https://doh.sd.gov/media/iy5ld42w/cause-of-death-2015-2024-new.pdf,,fixture_text_capture,Chronic liver disease and cirrhosis (K70 & K73-K74),154,needs_review,calendar_year,3,selected 1 of 3 source rows,False
deaths_liver_disease,235.0,235.0,,none,South Dakota,2020,All,False,False,"Causes of Death, 2015-2024",1,count,excl_infant,cod_selected,2015-2024,,https://doh.sd.gov/media/iy5ld42w/cause-of-death-2015-2024-new.pdf,,fixture_text_capture,Chronic liver disease and cirrhosis (K70 & K73-K74),235,needs_review,calendar_year,3,selected 1 of 3 source rows,False
deaths_liver_disease,329.0,329.0,,none,South Dakota,2021,All,False,False,"Causes of Death, 2015-2024",1,count,excl_infant,cod_selected,2015-2024,,https://doh.sd.gov/media/iy5ld42w/cause-of-death-2015-2024-new.pdf,,fixture_text_capture,Chronic liver disease and cirrhosis (K70 & K73-K74),329,needs_review,calendar_year,3,selected 1 of 3 source rows,False
deaths_liver_disease,281.0,281.0,,none,South Dakota,2022,All,False,False,"Causes of Death, 2015-2024",1,count,excl_infant,cod_selected,2015-2024,,https://doh.sd.gov/media/iy5ld42w/cause-of-death-2015-2024-new.pdf,,fixture_text_capture,Chronic liver disease and cirrhosis (K70 & K73-K74),281,needs_review,calendar_year,3,selected 1 of 3 source rows,False
deaths_liver_disease,235.0,235.0,,none,South Dakota,2023,All,False,False,"Causes of Death, 2015-2024",1,count,excl_infant,cod_selected,2015-2024,,https://doh.sd.gov/media/iy5ld42w/cause-of-death-2015-2024-new.pdf,,fixture_text_capture,Chronic liver disease and cirrhosis (K70 & K73-K74),235,needs_review,calendar_year,2,selected 1 of 2 source rows,False
deaths_liver_disease,262.0,262.0,,none,South Dakota,2024,All,False,False,"Causes of Death, 2015-2024",1,count,excl_infant,cod_selected,2015-2024,,https://doh.sd.gov/media/iy5ld42w/cause-of-death-2015-2024-new.pdf,,fixture_text_capture,Chronic liver disease and cirrhosis (K70 & K73-K74),262,needs_review,calendar_year,1,,False
deaths_stroke,414.0,414.0,,none,South Dakota,2013,All,False,False,"Causes of Death, 2013-2022",1,count,excl_infant,cod_selected,2013-2022,,https://doh.sd.gov/media/xv0lwjxm/selected-causes-of-death-2013-2022.pdf,,fixture_text_capture,Stroke (I60-I69),414,needs_review,calendar_year,1,,False
deaths_stroke,4026.0,4026.0,,none,South Dakota,2013-2022,All,False,False,"Causes of Death, 2013-2022",1,count,excl_infant,cod_selected,2013-2022,,https://doh.sd.gov/media/xv0lwjxm/selected-causes-of-death-2013-2022.pdf,,fixture_text_capture,Stroke (I60-I69),"4,026",needs_review,multi_year_total,1,,False
deaths_stroke,438.0,438.0,,none,South Dakota,2014,All,False,False,"Causes of Death, 2014-2023",0,count,excl_infant,cod_selected,2014-2023,,https://doh.sd.gov/media/g0rf2ewb/sd-cause-of-death-2014-2023.pdf,,fixture_text_capture,Stroke (I60-I69),438,needs_review,calendar_year,2,selected 1 of 2 source rows,False
deaths_stroke,3993.0,3993.0,,none,South Dakota,2014-2023,All,False,False,"Causes of Death, 2014-2023",0,count,excl_infant,cod_selected,2014-2023,,https://doh.sd.gov/media/g0rf2ewb/sd-cause-of-death-2014-2023.pdf,,fixture_text_capture,Stroke (I60-I69),"3,993",needs_review,multi_year_total,1,,False
deaths_stroke,381.0,381.0,,none,South Dakota,2015,All,False,False,"Causes of Death, 2015-2024",1,count,excl_infant,cod_selected,2015-2024,,https://doh.sd.gov/media/iy5ld42w/cause-of-death-2015-2024-new.pdf,,fixture_text_capture,Stroke (I60-I69),381,needs_review,calendar_year,3,selected 1 of 3 source rows,False
deaths_stroke,3970.0,3970.0,,none,South Dakota,2015-2024,All,False,False,"Causes of Death, 2015-2024",1,count,excl_infant,cod_selected,2015-2024,,https://doh.sd.gov/media/iy5ld42w/cause-of-death-2015-2024-new.pdf,,fixture_text_capture,Stroke (I60-I69),"3,970",needs_review,multi_year_total,1,,False
deaths_stroke,419.0,419.0,,none,South Dakota,2016,All,False,False,"Causes of Death, 2015-2024",1,count,excl_infant,cod_selected,2015-2024,,https://doh.sd.gov/media/iy5ld42w/cause-of-death-2015-2024-new.pdf,,fixture_text_capture,Stroke (I60-I69),419,needs_review,calendar_year,3,selected 1 of 3 source rows,False
deaths_stroke,409.0,409.0,,none,South Dakota,2017,All,False,False,"Causes of Death, 2015-2024",1,count,excl_infant,cod_selected,2015-2024,,https://doh.sd.gov/media/iy5ld42w/cause-of-death-2015-2024-new.pdf,,fixture_text_capture,Stroke (I60-I69),409,needs_review,calendar_year,3,selected 1 of 3 source rows,False
deaths_stroke,386.0,386.0,,none,South Dakota,2018,All,False,False,"Causes of Death, 2015-2024",1,count,excl_infant,cod_selected,2015-2024,,https://doh.sd.gov/media/iy5ld42w/cause-of-death-2015-2024-new.pdf,,fixture_text_capture,Stroke (I60-I69),386,needs_review,calendar_year,3,selected 1 of 3 source rows,False
deaths_stroke,372.0,372.0,,none,South Dakota,2019,All,False,False,"Causes of Death, 2015-2024",1,count,excl_infant,cod_selected,2015-2024,,https://doh.sd.gov/media/iy5ld42w/cause-of-death-2015-2024-new.pdf,,fixture_text_capture,Stroke (I60-I69),372,needs_review,calendar_year,3,selected 1 of 3 source rows,False
deaths_stroke,425.0,425.0,,none,South Dakota,2020,All,False,False,"Causes of Death, 2015-2024",1,count,excl_infant,cod_selected,2015-2024,,https://doh.sd.gov/media/iy5ld42w/cause-of-death-2015-2024-new.pdf,,fixture_text_capture,Stroke (I60-I69),425,needs_review,calendar_year,3,selected 1 of 3 source rows,False
deaths_stroke,391.0,391.0,,none,South Dakota,2021,All,False,False,"Causes of Death, 2015-2024",1,count,excl_infant,cod_selected,2015-2024,,https://doh.sd.gov/media/iy5ld42w/cause-of-death-2015-2024-new.pdf,,fixture_text_capture,Stroke (I60-I69),391,needs_review,calendar_year,3,selected 1 of 3 source rows,False
deaths_stroke,391.0,391.0,,none,South Dakota,2022,All,False,False,"Causes of Death, 2015-2024",1,count,excl_infant,cod_selected,2015-2024,,https://doh.sd.gov/media/iy5ld42w/cause-of-death-2015-2024-new.pdf,,fixture_text_capture,Stroke (I60-I69),391,needs_review,calendar_year,3,selected 1 of 3 source rows,False
deaths_stroke,381.0,381.0,,none,South Dakota,2023,All,False,False,"Causes of Death, 2015-2024",1,count,excl_infant,cod_selected,2015-2024,,https://doh.sd.gov/media/iy5ld42w/cause-of-death-2015-2024-new.pdf,,fixture_text_capture,Stroke (I60-I69),381,needs_review,calendar_year,2,selected 1 of 2 source rows,False
deaths_stroke,415.0,415.0,,none,South Dakota,2024,All,False,False,"Causes of Death, 2015-2024",1,count,excl_infant,cod_selected,2015-2024,,https://doh.sd.gov/media/iy5ld42w/cause-of-death-2015-2024-new.pdf,,fixture_text_capture,Stroke (I60-I69),415,needs_review,calendar_year,1,,False
deaths_suicide,141.0,141.0,,none,South Dakota,2014,All,False,False,"Causes of Death, 2014-2023",0,count,excl_infant,cod_selected,2014-2023,,https://doh.sd.gov/media/g0rf2ewb/sd-cause-of-death-2014-2023.pdf,,fixture_text_capture,"Suicide (X60-X84, Y87.0)",141,needs_review,calendar_year,1,,False
deaths_suicide,1779.0,1779.0,,none,South Dakota,2014-2023,All,False,False,"Causes of Death, 2014-2023",0,count,excl_infant,cod_selected,2014-2023,,https://doh.sd.gov/media/g0rf2ewb/sd-cause-of-death-2014-2023.pdf,,fixture_text_capture,"Suicide (X60-X84, Y87.0)","1,779",needs_review,multi_year_total,1,,False
deaths_suicide,173.0,173.0,,none,South Dakota,2015,All,False,False,"Causes of Death, 2015-2024",1,count,excl_infant,cod_selected,2015-2024,,https://doh.sd.gov/media/iy5ld42w/cause-of-death-2015-2024-new.pdf,,fixture_text_capture,"Suicide (X60-X84, Y87.0)",173,needs_review,calendar_year,2,selected 1 of 2 source rows,False
deaths_suicide,1836.0,1836.0,,none,South Dakota,2015-2024,All,False,False,"Causes of Death, 2015-2024",1,count,excl_infant,cod_selected,2015-2024,,https://doh.sd.gov/media/iy5ld42w/cause-of-death-2015-2024-new.pdf,,fixture_text_capture,"Suicide (X60-X84, Y87.0)","1,836",needs_review,multi_year_total,1,,False
deaths_suicide,161.0,161.0,,none,South Dakota,2016,All,False,False,"Causes of Death, 2015-2024",1,count,excl_infant,cod_selected,2015-2024,,https://doh.sd.gov/media/iy5ld42w/cause-of-death-2015-2024-new.pdf,,fixture_text_capture,"Suicide (X60-X84, Y87.0)",161,needs_review,calendar_year,2,selected 1 of 2 source rows,False
deaths_suicide,192.0,192.0,,none,South Dakota,2017,All,False,False,"Causes of Death, 2015-2024",1,count,excl_infant,cod_selected,2015-2024,,https://doh.sd.gov/media/iy5ld42w/cause-of-death-2015-2024-new.pdf,,fixture_text_capture,"Suicide (X60-X84, Y87.0)",192,needs_review,calendar_year,2,selected 1 of 2 source rows,False
deaths_suicide,168.0,168.0,,none,South Dakota,2018,All,False,False,"Causes of Death, 2015-2024",1,count,excl_infant,cod_selected,2015-2024,,https://doh.sd.gov/media/iy5ld42w/cause-of-death-2015-2024-new.pdf,,fixture_text_capture,"Suicide (X60-X84, Y87.0)",168,needs_review,calendar_year,2,selected 1 of 2 source rows,False
deaths_suicide,185.0,185.0,,none,South Dakota,2019,All,False,False,"Causes of Death, 2015-2024",1,count,excl_infant,cod_selected,2015-2024,,https://doh.sd.gov/media/iy5ld42w/cause-of-death-2015-2024-new.pdf,,fixture_text_capture,"Suicide (X60-X84, Y87.0)",185,needs_review,calendar_year,2,selected 1 of 2 source rows,False
deaths_suicide,185.0,185.0,,none,South Dakota,2020,All,False,False,"Causes of Death, 2015-2024",1,count,excl_infant,cod_selected,2015-2024,,https://doh.sd.gov/media/iy5ld42w/cause-of-death-2015-2024-new.pdf,,fixture_text_capture,"Suicide (X60-X84, Y87.0)",185,needs_review,calendar_year,2,selected 1 of 2 source rows,False
deaths_suicide,202.0,202.0,,none,South Dakota,2021,All,False,False,"Causes of Death, 2015-2024",1,count,excl_infant,cod_selected,2015-2024,,https://doh.sd.gov/media/iy5ld42w/cause-of-death-2015-2024-new.pdf,,fixture_text_capture,"Suicide (X60-X84, Y87.0)",202,needs_review,calendar_year,2,selected 1 of 2 source rows,False
deaths_suicide,192.0,192.0,,none,South Dakota,2022,All,False,False,"Causes of Death, 2015-2024",1,count,excl_infant,cod_selected,2015-2024,,https://doh.sd.gov/media/iy5ld42w/cause-of-death-2015-2024-new.pdf,,fixture_text_capture,"Suicide (X60-X84, Y87.0)",192,needs_review,calendar_year,2,selected 1 of 2 source rows,False
deaths_suicide,180.0,180.0,,none,South Dakota,2023,All,False,False,"Causes of Death, 2015-2024",1,count,excl_infant,cod_selected,2015-2024,,https://doh.sd.gov/media/iy5ld42w/cause-of-death-2015-2024-new.pdf,,fixture_text_capture,"Suicide (X60-X84, Y87.0)",180,needs_review,calendar_year,2,selected 1 of 2 source rows,False
deaths_suicide,198.0,198.0,,none,South Dakota,2024,All,False,False,"Causes of Death, 2015-2024",1,count,excl_infant,cod_selected,2015-2024,,https://doh.sd.gov/media/iy5ld42w/cause-of-death-2015-2024-new.pdf,,fixture_text_capture,"Suicide (X60-X84, Y87.0)",198,needs_review,calendar_year,1,,False
deaths_undetermined,29.0,29.0,,none,South Dakota,2013,All,False,False,"Causes of Death, 2013-2022",1,count,excl_infant,cod_selected,2013-2022,,https://doh.sd.gov/media/xv0lwjxm/selected-causes-of-death-2013-2022.pdf,,fixture_text_capture,Undetermined cause of death (R96-R99),29,needs_review,calendar_year,1,,False
deaths_undetermined,194.0,194.0,,none,South Dakota,2013-2022,All,False,False,"Causes of Death, 2013-2022",1,count,excl_infant,cod_selected,2013-2022,,https://doh.sd.gov/media/xv0lwjxm/selected-causes-of-death-2013-2022.pdf,,fixture_text_capture,Undetermined cause of death (R96-R99),194,needs_review,multi_year_total,1,,False
deaths_undetermined,48.0,48.0,,none,South Dakota,2014,All,False,False,"Causes of Death, 2014-2023",0,count,excl_infant,cod_selected,2014-2023,,https://doh.sd.gov/media/g0rf2ewb/sd-cause-of-death-2014-2023.pdf,,fixture_text_capture,Undetermined cause of death (R96-R99),48,needs_review,calendar_year,2,selected 1 of 2 source rows,False
deaths_undetermined,176.0,176.0,,none,South Dakota,2014-2023,All,False,False,"Causes of Death, 2014-2023",0,count,excl_infant,cod_selected,2014-2023,,https://doh.sd.gov/media/g0rf2ewb/sd-cause-of-death-2014-2023.pdf,,fixture_text_capture,Undetermined cause of death (R96-R99),176,needs_review,multi_year_total,1,,False
deaths_undetermined,18.0,18.0,,none,South Dakota,2015,All,False,False,"Causes of Death, 2015-2024",2,count,excl_infant,cod_selected,2015-2024,,https://doh.sd.gov/media/iy5ld42w/cause-of-death-2015-2024-new.pdf,,fixture_text_capture,Undetermined cause of death (R96-R99),18,needs_review,calendar_year,3,selected 1 of 3 source rows,False
deaths_undetermined,146.0,146.0,,none,South Dakota,2015-2024,All,False,False,"Causes of Death, 2015-2024",2,count,excl_infant,cod_selected,2015-2024,,https://doh.sd.gov/media/iy5ld42w/cause-of-death-2015-2024-new.pdf,,fixture_text_capture,Undetermined cause of death (R96-R99),146,needs_review,multi_year_total,1,,False
deaths_undetermined,27.0,27.0,,none,South Dakota,2016,All,False,False,"Causes of Death, 2015-2024",2,count,excl_infant,cod_selected,2015-2024,,https://doh.sd.gov/media/iy5ld42w/cause-of-death-2015-2024-new.pdf,,fixture_text_capture,Undetermined cause of death (R96-R99),27,needs_review,calendar_year,3,selected 1 of 3 source rows,False
deaths_undetermined,7.0,7.0,,none,South Dakota,2017,All,False,False,"Causes of Death, 2015-2024",2,count,excl_infant,cod_selected,2015-2024,,https://doh.sd.gov/media/iy5ld42w/cause-of-death-2015-2024-new.pdf,,fixture_text_capture,Undetermined cause of death (R96-R99),7,needs_review,calendar_year,3,selected 1 of 3 source rows,False
deaths_undetermined,13.0,13.0,,none,South Dakota,2018,All,False,False,"Causes of Death, 2015-2024",2,count,excl_infant,cod_selected,2015-2024,,https://doh.sd.gov/media/iy5ld42w/cause-of-death-2015-2024-new.pdf,,fixture_text_capture,Undetermined cause of death (R96-R99),13,needs_review,calendar_year,3,selected 1 of 3 source rows,False
deaths_undetermined,13.0,13.0,,none,South Dakota,2019,All,False,False,"Causes of Death, 2015-2024",2,count,excl_infant,cod_selected,2015-2024,,https://doh.sd.gov/media/iy5ld42w/cause-of-death-2015-2024-new.pdf,,fixture_text_capture,Undetermined cause of death (R96-R99),13,needs_review,calendar_year,3,selected 1 of 3 source rows,False
deaths_undetermined,10.0,10.0,,none,South Dakota,2020,All,False,False,"Causes of Death, 2015-2024",2,count,excl_infant,cod_selected,2015-2024,,https://doh.sd.gov/media/iy5ld42w/cause-of-death-2015-2024-new.pdf,,fixture_text_capture,Undetermined cause of death (R96-R99),10,needs_review,calendar_year,3,selected 1 of 3 source rows,False
deaths_undetermined,19.0,19.0,,none,South Dakota,2021,All,False,False,"Causes of Death, 2015-2024",2,count,excl_infant,cod_selected,2015-2024,,https://doh.sd.gov/media/iy5ld42w/cause-of-death-2015-2024-new.pdf,,fixture_text_capture,Undetermined cause of death (R96-R99),19,needs_review,calendar_year,3,selected 1 of 3 source rows,False
deaths_undetermined,10.0,10.0,,none,South Dakota,2022,All,False,False,"Causes of Death, 2015-2024",2,count,excl_infant,cod_selected,2015-2024,,https://doh.sd.gov/media/iy5ld42w/cause-of-death-2015-2024-new.pdf,,fixture_text_capture,Undetermined cause of death (R96-R99),10,needs_review,calendar_year,3,selected 1 of 3 source rows,False
deaths_undetermined,11.0,11.0,,none,South Dakota,2023,All,False,False,"Causes of Death, 2015-2024",2,count,excl_infant,cod_selected,2015-2024,,https://doh.sd.gov/media/iy5ld42w/cause-of-death-2015-2024-new.pdf,,fixture_text_capture,Undetermined cause of death (R96-R99),11,needs_review,calendar_year,2,selected 1 of 2 source rows,False
deaths_undetermined,18.0,18.0,,none,South Dakota,2024,All,False,False,"Causes of Death, 2015-2024",2,count,excl_infant,cod_selected,2015-2024,,https://doh.sd.gov/media/iy5ld42w/cause-of-death-2015-2024-new.pdf,,fixture_text_capture,Undetermined cause of death (R96-R99),18,needs_review,calendar_year,1,,False
